sector,time_series_id,strategy_id,type,parameter,normalize_group,parameter_constant_q,min_2050,max_2050,2015,2016,2017,2018,2019,2020,2021,2022,2023,2024,2025,2026,2027,2028,2029,2030,2031,2032,2033,2034,2035,2036,2037,2038,2039,2040,2041,2042,2043,2044,2045,2046,2047,2048,2049,2050
industry_and_mining,0,0,incertidumbre,pulp_efficiency_heat_solar,,,1.0,1.0,0.75,0.75,0.75,0.75,0.75,0.75,0.75,0.75,0.75,0.75,0.75,0.75,0.75,0.75,0.75,0.75,0.75,0.75,0.75,0.75,0.75,0.75,0.75,0.75,0.75,0.75,0.75,0.75,0.75,0.75,0.75,0.75,0.75,0.75,0.75,0.75
industry_and_mining,0,1,incertidumbre,pulp_efficiency_heat_solar,,,1.0,1.0,0.75,0.77,0.77,0.77,0.77,0.77,0.77,0.77,0.77,0.77,0.77,0.77,0.77,0.77,0.77,0.77,0.77,0.77,0.77,0.77,0.77,0.77,0.77,0.77,0.77,0.77,0.77,0.77,0.77,0.77,0.77,0.77,0.77,0.77,0.77,0.77
industry_and_mining,1,0,incertidumbre,pulp_efficiency_heat_solar,,,1.0,1.0,0.75,0.77,0.77,0.77,0.77,0.77,0.77,0.77,0.77,0.77,0.77,0.77,0.77,0.77,0.77,0.77,0.77,0.77,0.77,0.77,0.77,0.77,0.77,0.77,0.77,0.77,0.77,0.77,0.77,0.77,0.77,0.77,0.77,0.77,0.77,0.77
industry_and_mining,1,1,incertidumbre,pulp_efficiency_heat_solar,,,1.0,1.0,0.75,0.77,0.77,0.77,0.77,0.77,0.77,0.77,0.77,0.77,0.77,0.77,0.77,0.77,0.77,0.77,0.77,0.77,0.77,0.77,0.77,0.77,0.77,0.77,0.77,0.77,0.77,0.77,0.77,0.77,0.77,0.77,0.77,0.77,0.77,0.77
industry_and_mining,0,0,incertidumbre,steel_intensity_reference,,,1.0,1.0,2.7,2.7,2.7,2.7,2.699001737,2.698006722,2.697020747,2.696043641,2.6958869780000003,2.615294255,2.563005661,2.537253223,2.522645124,2.508240186,2.493917511,2.479131811,2.464435812,2.449830006,2.43531384,2.42088668,2.40697496,2.393143313,2.379391268,2.365718395,2.352124203,2.338692683,2.325337866,2.312059316,2.298856622,2.285729325,2.272680535,2.259706235,2.2468060380000003,2.233979484,2.2212261630000003,2.208545663
industry_and_mining,0,1,incertidumbre,steel_intensity_reference,,,1.0,1.0,2.7,2.7,2.7,2.7,2.699001737,2.698006722,2.697020747,2.696043641,2.6958869780000003,2.615294255,2.563005661,2.537253223,2.522645124,2.508240186,2.493917511,2.479131811,2.464435812,2.449830006,2.43531384,2.42088668,2.40697496,2.393143313,2.379391268,2.365718395,2.352124203,2.338692683,2.325337866,2.312059316,2.298856622,2.285729325,2.272680535,2.259706235,2.2468060380000003,2.233979484,2.2212261630000003,2.208545663
industry_and_mining,1,0,incertidumbre,steel_intensity_reference,,,1.0,1.0,2.7,2.7,2.7,2.7,2.699001737,2.698006722,2.697020747,2.696043641,2.6958869780000003,2.615294255,2.563005661,2.537253223,2.522645124,2.508240186,2.493917511,2.479131811,2.464435812,2.449830006,2.43531384,2.42088668,2.40697496,2.393143313,2.379391268,2.365718395,2.352124203,2.338692683,2.325337866,2.312059316,2.298856622,2.285729325,2.272680535,2.259706235,2.2468060380000003,2.233979484,2.2212261630000003,2.208545663
industry_and_mining,1,1,incertidumbre,steel_intensity_reference,,,0.9,1.1,2.7,2.7,2.7,2.7,2.699001737,2.698006722,2.697020747,2.696043641,2.6958869780000003,2.615294255,2.563005661,2.537253223,2.522645124,2.508240186,2.493917511,2.479131811,2.464435812,2.449830006,2.43531384,2.42088668,2.40697496,2.393143313,2.379391268,2.365718395,2.352124203,2.338692683,2.325337866,2.312059316,2.298856622,2.285729325,2.272680535,2.259706235,2.2468060380000003,2.233979484,2.2212261630000003,2.208545663
industry_and_mining,0,0,incertidumbre,trajgroup_1-trajmax_copper_heat_diesel,,,1.0,1.0,0.17618379399999998,0.17618379399999998,0.17618379399999998,0.17618379399999998,0.17915072199999998,0.189340542,0.198521448,0.202195642,0.205894166,0.224154274,0.26137964,0.27968275600000003,0.298334932,0.315627622,0.335664454,0.358492321,0.385892505,0.394004376,0.39258514,0.3914113420000001,0.389857098,0.388289613,0.387069829,0.38548019,0.3836979270000001,0.381899495,0.379917092,0.377950999,0.265934084,0.245507488,0.225130911,0.204860405,0.184398967,0.163942915,0.143489378,0.123028835
industry_and_mining,0,1,incertidumbre,trajgroup_1-trajmax_copper_heat_diesel,,,1.0,1.0,0.17618379399999998,0.17618379399999998,0.17618379399999998,0.17618379399999998,0.17915072199999998,0.189340542,0.198521448,0.202195642,0.205894166,0.224154274,0.26137964,0.27968275600000003,0.298334932,0.315627622,0.335664454,0.358492321,0.385892505,0.394004376,0.39258514,0.3914113420000001,0.389857098,0.388289613,0.387069829,0.38548019,0.3836979270000001,0.381899495,0.379917092,0.377950999,0.265934084,0.245507488,0.225130911,0.204860405,0.184398967,0.163942915,0.143489378,0.123028835
industry_and_mining,1,0,incertidumbre,trajgroup_1-trajmax_copper_heat_diesel,,,1.0,1.0,0.17618379399999998,0.17618379399999998,0.17618379399999998,0.17618379399999998,0.17915072199999998,0.189340542,0.198521448,0.202195642,0.205894166,0.224154274,0.26137964,0.27968275600000003,0.298334932,0.315627622,0.335664454,0.358492321,0.385892505,0.394004376,0.39258514,0.3914113420000001,0.389857098,0.388289613,0.387069829,0.38548019,0.3836979270000001,0.381899495,0.379917092,0.377950999,0.265934084,0.245507488,0.225130911,0.204860405,0.184398967,0.163942915,0.143489378,0.123028835
industry_and_mining,1,1,incertidumbre,trajgroup_1-trajmax_copper_heat_diesel,,,1.0,1.0,0.17618379399999998,0.17618379399999998,0.17618379399999998,0.17618379399999998,0.17915072199999998,0.189340542,0.198521448,0.202195642,0.205894166,0.224154274,0.26137964,0.27968275600000003,0.298334932,0.315627622,0.335664454,0.358492321,0.385892505,0.394004376,0.39258514,0.3914113420000001,0.389857098,0.388289613,0.387069829,0.38548019,0.3836979270000001,0.381899495,0.379917092,0.377950999,0.265934084,0.245507488,0.225130911,0.204860405,0.184398967,0.163942915,0.143489378,0.123028835
industry_and_mining,0,0,incertidumbre,trajgroup_1-trajmax_copper_heat_solar,,,1.0,1.0,0.000772839,0.000772839,0.000772839,0.000772839,0.00091193,0.00100413,0.002161009,0.003342808,0.004445873,0.005820918,0.007790103,0.009621884,0.011609275,0.013747536,0.016147077,0.018853400000000003,0.021979218,0.024449906,0.026511194,0.028592428,0.030655173,0.032720933,0.034816368,0.055215109000000005,0.07561385,0.096012591,0.116411332,0.136810073,0.157208814,0.17760755399999995,0.198006295,0.218405036,0.238803777,0.259202518,0.279601259,0.3
industry_and_mining,0,1,incertidumbre,trajgroup_1-trajmax_copper_heat_solar,,,1.0,1.0,0.000772839,0.000772839,0.000772839,0.000772839,0.00091193,0.00100413,0.002161009,0.003342808,0.004445873,0.005820918,0.007790103,0.009621884,0.011609275,0.013747536,0.016147077,0.018853400000000003,0.021979218,0.024449906,0.026511194,0.028592428,0.030655173,0.032720933,0.034816368,0.055215109000000005,0.07561385,0.096012591,0.116411332,0.136810073,0.157208814,0.17760755399999995,0.198006295,0.218405036,0.238803777,0.259202518,0.279601259,0.3
industry_and_mining,1,0,incertidumbre,trajgroup_1-trajmax_copper_heat_solar,,,1.0,1.0,0.000772839,0.000772839,0.000772839,0.000772839,0.00091193,0.00100413,0.002161009,0.003342808,0.004445873,0.005820918,0.007790103,0.009621884,0.011609275,0.013747536,0.016147077,0.018853400000000003,0.021979218,0.024449906,0.026511194,0.028592428,0.030655173,0.032720933,0.034816368,0.055215109000000005,0.07561385,0.096012591,0.116411332,0.136810073,0.157208814,0.17760755399999995,0.198006295,0.218405036,0.238803777,0.259202518,0.279601259,0.3
industry_and_mining,1,1,incertidumbre,trajgroup_1-trajmax_copper_heat_solar,,,1.0,1.0,0.000772839,0.000772839,0.000772839,0.000772839,0.00091193,0.00100413,0.002161009,0.003342808,0.004445873,0.005820918,0.007790103,0.009621884,0.011609275,0.013747536,0.016147077,0.018853400000000003,0.021979218,0.024449906,0.026511194,0.028592428,0.030655173,0.032720933,0.034816368,0.055215109000000005,0.07561385,0.096012591,0.116411332,0.136810073,0.157208814,0.17760755399999995,0.198006295,0.218405036,0.238803777,0.259202518,0.279601259,0.3
industry_and_mining,0,0,incertidumbre,trajgroup_1-trajmin_copper_heat_diesel,,,1.0,1.0,0.17618379399999998,0.17618379399999998,0.17618379399999998,0.17618379399999998,0.17915072199999998,0.189340542,0.198521448,0.202195642,0.205894166,0.224154274,0.26137964,0.27968275600000003,0.298334932,0.315627622,0.335664454,0.358492321,0.385892505,0.394004376,0.39258514,0.3914113420000001,0.389857098,0.388289613,0.387069829,0.38548019,0.3836979270000001,0.381899495,0.379917092,0.377950999,0.373142898,0.368115043,0.363137207,0.358265441,0.353202744,0.34814543299999995,0.34309063700000003,0.338028835
industry_and_mining,0,1,incertidumbre,trajgroup_1-trajmin_copper_heat_diesel,,,1.0,1.0,0.17618379399999998,0.17618379399999998,0.17618379399999998,0.17618379399999998,0.17915072199999998,0.189340542,0.198521448,0.202195642,0.205894166,0.224154274,0.26137964,0.27968275600000003,0.298334932,0.315627622,0.335664454,0.358492321,0.385892505,0.394004376,0.39258514,0.3914113420000001,0.389857098,0.388289613,0.387069829,0.38548019,0.3836979270000001,0.381899495,0.379917092,0.377950999,0.265934084,0.245507488,0.225130911,0.204860405,0.184398967,0.163942915,0.143489378,0.123028835
industry_and_mining,1,0,incertidumbre,trajgroup_1-trajmin_copper_heat_diesel,,,1.0,1.0,0.17618379399999998,0.17618379399999998,0.17618379399999998,0.17618379399999998,0.17915072199999998,0.189340542,0.198521448,0.202195642,0.205894166,0.224154274,0.26137964,0.27968275600000003,0.298334932,0.315627622,0.335664454,0.358492321,0.385892505,0.394004376,0.39258514,0.3914113420000001,0.389857098,0.388289613,0.387069829,0.38548019,0.3836979270000001,0.381899495,0.379917092,0.377950999,0.373142898,0.368115043,0.363137207,0.358265441,0.353202744,0.34814543299999995,0.34309063700000003,0.338028835
industry_and_mining,1,1,incertidumbre,trajgroup_1-trajmin_copper_heat_diesel,,,1.0,1.0,0.17618379399999998,0.17618379399999998,0.17618379399999998,0.17618379399999998,0.17915072199999998,0.189340542,0.198521448,0.202195642,0.205894166,0.224154274,0.26137964,0.27968275600000003,0.298334932,0.315627622,0.335664454,0.358492321,0.385892505,0.394004376,0.39258514,0.3914113420000001,0.389857098,0.388289613,0.387069829,0.38548019,0.3836979270000001,0.381899495,0.379917092,0.377950999,0.265934084,0.245507488,0.225130911,0.204860405,0.184398967,0.163942915,0.143489378,0.123028835
industry_and_mining,0,0,incertidumbre,trajgroup_1-trajmin_copper_heat_solar,,,1.0,1.0,0.000772839,0.000772839,0.000772839,0.000772839,0.00091193,0.00100413,0.002161009,0.003342808,0.004445873,0.005820918,0.007790103,0.009621884,0.011609275,0.013747536,0.016147077,0.018853400000000003,0.021979218,0.024449906,0.026511194,0.028592428,0.030655173,0.032720933,0.034816368,0.036890124,0.038952154,0.041015091,0.043047183,0.045,0.05,0.055,0.06,0.065,0.07,0.075,0.08,0.085
industry_and_mining,0,1,incertidumbre,trajgroup_1-trajmin_copper_heat_solar,,,1.0,1.0,0.000772839,0.000772839,0.000772839,0.000772839,0.00091193,0.00100413,0.002161009,0.003342808,0.004445873,0.005820918,0.007790103,0.009621884,0.011609275,0.013747536,0.016147077,0.018853400000000003,0.021979218,0.024449906,0.026511194,0.028592428,0.030655173,0.032720933,0.034816368,0.055215109000000005,0.07561385,0.096012591,0.116411332,0.136810073,0.157208814,0.17760755399999995,0.198006295,0.218405036,0.238803777,0.259202518,0.279601259,0.3
industry_and_mining,1,0,incertidumbre,trajgroup_1-trajmin_copper_heat_solar,,,1.0,1.0,0.000772839,0.000772839,0.000772839,0.000772839,0.00091193,0.00100413,0.002161009,0.003342808,0.004445873,0.005820918,0.007790103,0.009621884,0.011609275,0.013747536,0.016147077,0.018853400000000003,0.021979218,0.024449906,0.026511194,0.028592428,0.030655173,0.032720933,0.034816368,0.036890124,0.038952154,0.041015091,0.043047183,0.045,0.05,0.055,0.06,0.065,0.07,0.075,0.08,0.085
industry_and_mining,1,1,incertidumbre,trajgroup_1-trajmin_copper_heat_solar,,,1.0,1.0,0.000772839,0.000772839,0.000772839,0.000772839,0.00091193,0.00100413,0.002161009,0.003342808,0.004445873,0.005820918,0.007790103,0.009621884,0.011609275,0.013747536,0.016147077,0.018853400000000003,0.021979218,0.024449906,0.026511194,0.028592428,0.030655173,0.032720933,0.034816368,0.055215109000000005,0.07561385,0.096012591,0.116411332,0.136810073,0.157208814,0.17760755399999995,0.198006295,0.218405036,0.238803777,0.259202518,0.279601259,0.3
industry_and_mining,0,0,incertidumbre,trajgroup_1-trajmix_copper_heat_diesel,,1.0,1.0,1.0,0.0,0.0,0.0,0.0,0.0,0.0,0.0,0.0,0.0,0.0,0.0,0.0,0.0,0.0,0.0,0.0,0.0,0.0,0.0,0.0,0.0,0.0,0.0,0.0,0.0,0.0,0.0,0.0,0.093362999,0.122441429,0.14502601199999998,0.163073573,0.296377478,0.298746593,0.275687483,0.255932992
industry_and_mining,0,1,incertidumbre,trajgroup_1-trajmix_copper_heat_diesel,,1.0,1.0,1.0,0.0,0.0,0.0,0.0,0.0,0.0,0.0,0.0,0.0,0.0,0.0,0.0,0.0,0.0,0.0,0.0,0.0,0.0,0.0,0.0,0.0,0.0,0.0,0.0,0.0,0.0,0.0,0.0,0.0,0.0,0.0,0.0,0.0,0.0,0.0,0.0
industry_and_mining,1,0,incertidumbre,trajgroup_1-trajmix_copper_heat_diesel,,1.0,1.0,1.0,0.0,0.0,0.0,0.0,0.0,0.0,0.0,0.0,0.0,0.0,0.0,0.0,0.0,0.0,0.0,0.0,0.0,0.0,0.0,0.0,0.0,0.0,0.0,0.0,0.0,0.0,0.0,0.0,0.093362999,0.122441429,0.14502601199999998,0.163073573,0.296377478,0.298746593,0.275687483,0.255932992
industry_and_mining,1,1,incertidumbre,trajgroup_1-trajmix_copper_heat_diesel,,1.0,1.0,1.0,0.0,0.0,0.0,0.0,0.0,0.0,0.0,0.0,0.0,0.0,0.0,0.0,0.0,0.0,0.0,0.0,0.0,0.0,0.0,0.0,0.0,0.0,0.0,0.0,0.0,0.0,0.0,0.0,0.0,0.0,0.0,0.0,0.0,0.0,0.0,0.0
industry_and_mining,0,0,incertidumbre,trajgroup_1-trajmix_copper_heat_solar,,1.0,1.0,1.0,0.0,0.0,0.0,0.0,0.0,0.0,0.0,0.0,0.0,0.0,0.0,0.0,0.0,0.0,0.0,0.0,0.0,0.0,0.0,0.0,0.0,0.0,0.0,0.0,0.0,0.0,0.0,0.001121406,0.09318899,0.122241862,0.144815991,0.162861106,0.296026535,0.298422401,0.275411383,0.255695026
industry_and_mining,0,1,incertidumbre,trajgroup_1-trajmix_copper_heat_solar,,1.0,1.0,1.0,0.0,0.0,0.0,0.0,0.0,0.0,0.0,0.0,0.0,0.0,0.0,0.0,0.0,0.0,0.0,0.0,0.0,0.0,0.0,0.0,0.0,0.0,0.0,0.0,0.0,0.0,0.0,0.0,0.0,0.0,0.0,0.0,0.0,0.0,0.0,0.0
industry_and_mining,1,0,incertidumbre,trajgroup_1-trajmix_copper_heat_solar,,1.0,1.0,1.0,0.0,0.0,0.0,0.0,0.0,0.0,0.0,0.0,0.0,0.0,0.0,0.0,0.0,0.0,0.0,0.0,0.0,0.0,0.0,0.0,0.0,0.0,0.0,0.0,0.0,0.0,0.0,0.001121406,0.09318899,0.122241862,0.144815991,0.162861106,0.296026535,0.298422401,0.275411383,0.255695026
industry_and_mining,1,1,incertidumbre,trajgroup_1-trajmix_copper_heat_solar,,1.0,1.0,1.0,0.0,0.0,0.0,0.0,0.0,0.0,0.0,0.0,0.0,0.0,0.0,0.0,0.0,0.0,0.0,0.0,0.0,0.0,0.0,0.0,0.0,0.0,0.0,0.0,0.0,0.0,0.0,0.0,0.0,0.0,0.0,0.0,0.0,0.0,0.0,0.0
industry_and_mining,0,0,incertidumbre,trajgroup_8-trajmax_steel_heat_biomass,,,1.0,1.0,0.0,0.0,0.0,0.0,0.0,0.0,0.0,0.0,0.0,0.0,0.0,0.0,0.0,0.0,0.0,0.0,0.0,0.0,0.0,0.0,0.0,0.0,0.0,0.0,0.0,0.0,0.0,0.0,0.0,0.0,0.0,0.0,0.0,0.0,0.0,0.0
industry_and_mining,0,1,incertidumbre,trajgroup_8-trajmax_steel_heat_biomass,,,1.0,1.0,0.0,0.0,0.0,0.0,0.0,0.0,0.0,0.0,0.0,0.0,0.0,0.0,0.0,0.0,0.0,0.001638095,0.002672363,0.004330901,0.006945316,0.010957205,0.016866479,0.02506554,0.035546099,0.047623795,0.05998596,0.07119513400000001,0.080295715,0.087044287,0.091719868,0.094808715,0.09678567,0.098025437,0.09879299,0.099264418,0.099552552,0.09972813
industry_and_mining,1,0,incertidumbre,trajgroup_8-trajmax_steel_heat_biomass,,,1.0,1.0,0.0,0.0,0.0,0.0,0.0,0.0,0.0,0.0,0.0,0.0,0.0,0.0,0.0,0.0,0.0,0.0,0.0,0.0,0.0,0.0,0.0,0.0,0.0,0.0,0.0,0.0,0.0,0.0,0.0,0.0,0.0,0.0,0.0,0.0,0.0,0.0
industry_and_mining,1,1,incertidumbre,trajgroup_8-trajmax_steel_heat_biomass,,,1.0,1.0,0.0,0.0,0.0,0.0,0.0,0.0,0.0,0.0,0.0,0.0,0.0,0.0,0.0,0.0,0.0,0.001638095,0.002672363,0.004330901,0.006945316,0.010957205,0.016866479,0.02506554,0.035546099,0.047623795,0.05998596,0.07119513400000001,0.080295715,0.087044287,0.091719868,0.094808715,0.09678567,0.098025437,0.09879299,0.099264418,0.099552552,0.09972813
industry_and_mining,0,0,incertidumbre,trajgroup_8-trajmax_steel_heat_coal,,,1.0,1.0,0.590900506,0.590900506,0.590900506,0.590900506,0.590900506,0.590900506,0.590900506,0.590900506,0.590900506,0.5909005070000001,0.590900506,0.5909005070000001,0.590900506,0.590900506,0.590900506,0.5909005070000001,0.5909005070000001,0.590900506,0.590900506,0.590900506,0.590900506,0.5909005070000001,0.5909005070000001,0.5909005070000001,0.5909005070000001,0.5909005070000001,0.590900506,0.590900506,0.590900506,0.590900506,0.590900506,0.5909005070000001,0.5909005070000001,0.590900506,0.590900506,0.5909005070000001
industry_and_mining,0,1,incertidumbre,trajgroup_8-trajmax_steel_heat_coal,,,1.0,1.0,0.590900506,0.590900506,0.590900506,0.590900506,0.590900506,0.590900506,0.590900506,0.590900506,0.590900506,0.5909005070000001,0.590900506,0.5909005070000001,0.590900506,0.590900506,0.590900506,0.5892624120000001,0.5882281429999999,0.586569606,0.583955191,0.579943301,0.5740340279999999,0.565834966,0.555354408,0.543276711,0.530914546,0.519705372,0.510604791,0.50385622,0.499180638,0.496091791,0.494114836,0.492875069,0.4921075170000001,0.491636089,0.491347955,0.491172376
industry_and_mining,1,0,incertidumbre,trajgroup_8-trajmax_steel_heat_coal,,,1.0,1.0,0.590900506,0.590900506,0.590900506,0.590900506,0.590900506,0.590900506,0.590900506,0.590900506,0.590900506,0.5909005070000001,0.590900506,0.5909005070000001,0.590900506,0.590900506,0.590900506,0.5909005070000001,0.5909005070000001,0.590900506,0.590900506,0.590900506,0.590900506,0.5909005070000001,0.5909005070000001,0.5909005070000001,0.5909005070000001,0.5909005070000001,0.590900506,0.590900506,0.590900506,0.590900506,0.590900506,0.5909005070000001,0.5909005070000001,0.590900506,0.590900506,0.5909005070000001
industry_and_mining,1,1,incertidumbre,trajgroup_8-trajmax_steel_heat_coal,,,1.0,1.0,0.590900506,0.590900506,0.590900506,0.590900506,0.590900506,0.590900506,0.590900506,0.590900506,0.590900506,0.5909005070000001,0.590900506,0.5909005070000001,0.590900506,0.590900506,0.590900506,0.5892624120000001,0.5882281429999999,0.586569606,0.583955191,0.579943301,0.5740340279999999,0.565834966,0.555354408,0.543276711,0.530914546,0.519705372,0.510604791,0.50385622,0.499180638,0.496091791,0.494114836,0.492875069,0.4921075170000001,0.491636089,0.491347955,0.491172376
industry_and_mining,0,0,incertidumbre,trajgroup_8-trajmax_steel_heat_coke,,,1.0,1.0,0.399395241,0.399395241,0.399395241,0.399395241,0.399395241,0.399395241,0.399395241,0.399395241,0.399395241,0.399395241,0.399395241,0.399395241,0.399395241,0.399395241,0.399395241,0.399395242,0.399395241,0.399395241,0.399395241,0.399395241,0.399395241,0.399395241,0.399395242,0.399395242,0.399395242,0.399395242,0.399395241,0.399395241,0.399395241,0.399395241,0.399395241,0.399395241,0.399395241,0.399395241,0.399395241,0.399395242
industry_and_mining,0,1,incertidumbre,trajgroup_8-trajmax_steel_heat_coke,,,1.0,1.0,0.399395241,0.399395241,0.399395241,0.399395241,0.399395241,0.399395241,0.399395241,0.399395241,0.399395241,0.399395241,0.399395241,0.399395241,0.399395241,0.399395241,0.399395241,0.397757147,0.396722878,0.395064341,0.392449925,0.388438036,0.382528762,0.374329701,0.363849143,0.351771446,0.339409281,0.328200107,0.319099526,0.312350955,0.30767537300000003,0.304586526,0.302609571,0.301369804,0.300602252,0.300130824,0.29984269,0.29966711100000004
industry_and_mining,1,0,incertidumbre,trajgroup_8-trajmax_steel_heat_coke,,,1.0,1.0,0.399395241,0.399395241,0.399395241,0.399395241,0.399395241,0.399395241,0.399395241,0.399395241,0.399395241,0.399395241,0.399395241,0.399395241,0.399395241,0.399395241,0.399395241,0.399395242,0.399395241,0.399395241,0.399395241,0.399395241,0.399395241,0.399395241,0.399395242,0.399395242,0.399395242,0.399395242,0.399395241,0.399395241,0.399395241,0.399395241,0.399395241,0.399395241,0.399395241,0.399395241,0.399395241,0.399395242
industry_and_mining,1,1,incertidumbre,trajgroup_8-trajmax_steel_heat_coke,,,1.0,1.0,0.399395241,0.399395241,0.399395241,0.399395241,0.399395241,0.399395241,0.399395241,0.399395241,0.399395241,0.399395241,0.399395241,0.399395241,0.399395241,0.399395241,0.399395241,0.397757147,0.396722878,0.395064341,0.392449925,0.388438036,0.382528762,0.374329701,0.363849143,0.351771446,0.339409281,0.328200107,0.319099526,0.312350955,0.30767537300000003,0.304586526,0.302609571,0.301369804,0.300602252,0.300130824,0.29984269,0.29966711100000004
industry_and_mining,0,0,incertidumbre,trajgroup_8-trajmax_steel_heat_hydrogen,,,1.0,1.0,0.0,0.0,0.0,0.0,0.0,0.0,0.0,0.0,0.0,0.0,0.0,0.0,0.0,0.0,0.0,0.0,0.0,0.0,0.0,0.0,0.0,0.0,0.0,0.0,0.0,0.0,0.0,0.0,0.0,0.0,0.0,0.0,0.0,0.0,0.0,0.0
industry_and_mining,0,1,incertidumbre,trajgroup_8-trajmax_steel_heat_hydrogen,,,1.0,1.0,0.0,0.0,0.0,0.0,0.0,0.0,0.0,0.0,0.0,0.0,0.0,0.0,0.0,0.0,0.0,0.001638095,0.002672363,0.004330901,0.006945316,0.010957205,0.016866479,0.02506554,0.035546099,0.047623795,0.05998596,0.07119513400000001,0.080295715,0.087044287,0.091719868,0.094808715,0.09678567,0.098025437,0.09879299,0.099264418,0.099552552,0.09972813
industry_and_mining,1,0,incertidumbre,trajgroup_8-trajmax_steel_heat_hydrogen,,,1.0,1.0,0.0,0.0,0.0,0.0,0.0,0.0,0.0,0.0,0.0,0.0,0.0,0.0,0.0,0.0,0.0,0.0,0.0,0.0,0.0,0.0,0.0,0.0,0.0,0.0,0.0,0.0,0.0,0.0,0.0,0.0,0.0,0.0,0.0,0.0,0.0,0.0
industry_and_mining,1,1,incertidumbre,trajgroup_8-trajmax_steel_heat_hydrogen,,,1.0,1.0,0.0,0.0,0.0,0.0,0.0,0.0,0.0,0.0,0.0,0.0,0.0,0.0,0.0,0.0,0.0,0.001638095,0.002672363,0.004330901,0.006945316,0.010957205,0.016866479,0.02506554,0.035546099,0.047623795,0.05998596,0.07119513400000001,0.080295715,0.087044287,0.091719868,0.094808715,0.09678567,0.098025437,0.09879299,0.099264418,0.099552552,0.09972813
industry_and_mining,0,0,incertidumbre,trajgroup_8-trajmin_steel_heat_biomass,,,1.0,1.0,0.0,0.0,0.0,0.0,0.0,0.0,0.0,0.0,0.0,0.0,0.0,0.0,0.0,0.0,0.0,0.0,0.0,0.0,0.0,0.0,0.0,0.0,0.0,0.0,0.0,0.0,0.0,0.0,0.0,0.0,0.0,0.0,0.0,0.0,0.0,0.0
industry_and_mining,0,1,incertidumbre,trajgroup_8-trajmin_steel_heat_biomass,,,1.0,1.0,0.0,0.0,0.0,0.0,0.0,0.0,0.0,0.0,0.0,0.0,0.0,0.0,0.0,0.0,0.0,0.0,0.0,0.0,0.0,0.0,0.0,0.0,0.0,0.0,0.0,0.0,0.0,0.0,0.0,0.0,0.0,0.0,0.0,0.0,0.0,0.0
industry_and_mining,1,0,incertidumbre,trajgroup_8-trajmin_steel_heat_biomass,,,1.0,1.0,0.0,0.0,0.0,0.0,0.0,0.0,0.0,0.0,0.0,0.0,0.0,0.0,0.0,0.0,0.0,0.0,0.0,0.0,0.0,0.0,0.0,0.0,0.0,0.0,0.0,0.0,0.0,0.0,0.0,0.0,0.0,0.0,0.0,0.0,0.0,0.0
industry_and_mining,1,1,incertidumbre,trajgroup_8-trajmin_steel_heat_biomass,,,1.0,1.0,0.0,0.0,0.0,0.0,0.0,0.0,0.0,0.0,0.0,0.0,0.0,0.0,0.0,0.0,0.0,0.0,0.0,0.0,0.0,0.0,0.0,0.0,0.0,0.0,0.0,0.0,0.0,0.0,0.0,0.0,0.0,0.0,0.0,0.0,0.0,0.0
industry_and_mining,0,0,incertidumbre,trajgroup_8-trajmin_steel_heat_coal,,,1.0,1.0,0.590900506,0.590900506,0.590900506,0.590900506,0.590900506,0.590900506,0.590900506,0.590900506,0.590900506,0.5909005070000001,0.590900506,0.5909005070000001,0.590900506,0.590900506,0.590900506,0.5909005070000001,0.5909005070000001,0.590900506,0.590900506,0.590900506,0.590900506,0.5909005070000001,0.5909005070000001,0.5909005070000001,0.5909005070000001,0.5909005070000001,0.590900506,0.590900506,0.590900506,0.590900506,0.590900506,0.5909005070000001,0.5909005070000001,0.590900506,0.590900506,0.5909005070000001
industry_and_mining,0,1,incertidumbre,trajgroup_8-trajmin_steel_heat_coal,,,1.0,1.0,0.590900506,0.590900506,0.590900506,0.590900506,0.590900506,0.590900506,0.590900506,0.590900506,0.590900506,0.5909005070000001,0.590900506,0.5909005070000001,0.590900506,0.590900506,0.590900506,0.5909005070000001,0.5909005070000001,0.590900506,0.590900506,0.590900506,0.590900506,0.5909005070000001,0.5909005070000001,0.5909005070000001,0.5909005070000001,0.5909005070000001,0.590900506,0.590900506,0.590900506,0.590900506,0.590900506,0.5909005070000001,0.5909005070000001,0.590900506,0.590900506,0.5909005070000001
industry_and_mining,1,0,incertidumbre,trajgroup_8-trajmin_steel_heat_coal,,,1.0,1.0,0.590900506,0.590900506,0.590900506,0.590900506,0.590900506,0.590900506,0.590900506,0.590900506,0.590900506,0.5909005070000001,0.590900506,0.5909005070000001,0.590900506,0.590900506,0.590900506,0.5909005070000001,0.5909005070000001,0.590900506,0.590900506,0.590900506,0.590900506,0.5909005070000001,0.5909005070000001,0.5909005070000001,0.5909005070000001,0.5909005070000001,0.590900506,0.590900506,0.590900506,0.590900506,0.590900506,0.5909005070000001,0.5909005070000001,0.590900506,0.590900506,0.5909005070000001
industry_and_mining,1,1,incertidumbre,trajgroup_8-trajmin_steel_heat_coal,,,1.0,1.0,0.590900506,0.590900506,0.590900506,0.590900506,0.590900506,0.590900506,0.590900506,0.590900506,0.590900506,0.5909005070000001,0.590900506,0.5909005070000001,0.590900506,0.590900506,0.590900506,0.5909005070000001,0.5909005070000001,0.590900506,0.590900506,0.590900506,0.590900506,0.5909005070000001,0.5909005070000001,0.5909005070000001,0.5909005070000001,0.5909005070000001,0.590900506,0.590900506,0.590900506,0.590900506,0.590900506,0.5909005070000001,0.5909005070000001,0.590900506,0.590900506,0.5909005070000001
industry_and_mining,0,0,incertidumbre,trajgroup_8-trajmin_steel_heat_coke,,,1.0,1.0,0.399395241,0.399395241,0.399395241,0.399395241,0.399395241,0.399395241,0.399395241,0.399395241,0.399395241,0.399395241,0.399395241,0.399395241,0.399395241,0.399395241,0.399395241,0.399395242,0.399395241,0.399395241,0.399395241,0.399395241,0.399395241,0.399395241,0.399395242,0.399395242,0.399395242,0.399395242,0.399395241,0.399395241,0.399395241,0.399395241,0.399395241,0.399395241,0.399395241,0.399395241,0.399395241,0.399395242
industry_and_mining,0,1,incertidumbre,trajgroup_8-trajmin_steel_heat_coke,,,1.0,1.0,0.399395241,0.399395241,0.399395241,0.399395241,0.399395241,0.399395241,0.399395241,0.399395241,0.399395241,0.399395241,0.399395241,0.399395241,0.399395241,0.399395241,0.399395241,0.399395242,0.399395241,0.399395241,0.399395241,0.399395241,0.399395241,0.399395241,0.399395242,0.399395242,0.399395242,0.399395242,0.399395241,0.399395241,0.399395241,0.399395241,0.399395241,0.399395241,0.399395241,0.399395241,0.399395241,0.399395242
industry_and_mining,1,0,incertidumbre,trajgroup_8-trajmin_steel_heat_coke,,,1.0,1.0,0.399395241,0.399395241,0.399395241,0.399395241,0.399395241,0.399395241,0.399395241,0.399395241,0.399395241,0.399395241,0.399395241,0.399395241,0.399395241,0.399395241,0.399395241,0.399395242,0.399395241,0.399395241,0.399395241,0.399395241,0.399395241,0.399395241,0.399395242,0.399395242,0.399395242,0.399395242,0.399395241,0.399395241,0.399395241,0.399395241,0.399395241,0.399395241,0.399395241,0.399395241,0.399395241,0.399395242
industry_and_mining,1,1,incertidumbre,trajgroup_8-trajmin_steel_heat_coke,,,1.0,1.0,0.399395241,0.399395241,0.399395241,0.399395241,0.399395241,0.399395241,0.399395241,0.399395241,0.399395241,0.399395241,0.399395241,0.399395241,0.399395241,0.399395241,0.399395241,0.399395242,0.399395241,0.399395241,0.399395241,0.399395241,0.399395241,0.399395241,0.399395242,0.399395242,0.399395242,0.399395242,0.399395241,0.399395241,0.399395241,0.399395241,0.399395241,0.399395241,0.399395241,0.399395241,0.399395241,0.399395242
industry_and_mining,0,0,incertidumbre,trajgroup_8-trajmin_steel_heat_hydrogen,,,1.0,1.0,0.0,0.0,0.0,0.0,0.0,0.0,0.0,0.0,0.0,0.0,0.0,0.0,0.0,0.0,0.0,0.0,0.0,0.0,0.0,0.0,0.0,0.0,0.0,0.0,0.0,0.0,0.0,0.0,0.0,0.0,0.0,0.0,0.0,0.0,0.0,0.0
industry_and_mining,0,1,incertidumbre,trajgroup_8-trajmin_steel_heat_hydrogen,,,1.0,1.0,0.0,0.0,0.0,0.0,0.0,0.0,0.0,0.0,0.0,0.0,0.0,0.0,0.0,0.0,0.0,0.0,0.0,0.0,0.0,0.0,0.0,0.0,0.0,0.0,0.0,0.0,0.0,0.0,0.0,0.0,0.0,0.0,0.0,0.0,0.0,0.0
industry_and_mining,1,0,incertidumbre,trajgroup_8-trajmin_steel_heat_hydrogen,,,1.0,1.0,0.0,0.0,0.0,0.0,0.0,0.0,0.0,0.0,0.0,0.0,0.0,0.0,0.0,0.0,0.0,0.0,0.0,0.0,0.0,0.0,0.0,0.0,0.0,0.0,0.0,0.0,0.0,0.0,0.0,0.0,0.0,0.0,0.0,0.0,0.0,0.0
industry_and_mining,1,1,incertidumbre,trajgroup_8-trajmin_steel_heat_hydrogen,,,1.0,1.0,0.0,0.0,0.0,0.0,0.0,0.0,0.0,0.0,0.0,0.0,0.0,0.0,0.0,0.0,0.0,0.0,0.0,0.0,0.0,0.0,0.0,0.0,0.0,0.0,0.0,0.0,0.0,0.0,0.0,0.0,0.0,0.0,0.0,0.0,0.0,0.0
industry_and_mining,0,0,incertidumbre,trajgroup_8-trajmix_steel_heat_biomass,,,1.0,1.0,0.0,0.0,0.0,0.0,0.0,0.0,0.0,0.0,0.0,0.0,0.0,0.0,0.0,0.0,0.0,0.0,0.0,0.0,0.0,0.0,0.0,0.0,0.0,0.0,0.0,0.0,0.0,0.0,0.0,0.0,0.0,0.0,0.0,0.0,0.0,0.0
industry_and_mining,0,1,incertidumbre,trajgroup_8-trajmix_steel_heat_biomass,,1.0,1.0,1.0,0.0,0.0,0.0,0.0,0.0,0.0,0.0,0.0,0.0,0.0,0.0,0.0,0.0,0.0,0.0,0.0,0.0,0.0,0.0,0.0,0.0,0.0,0.0,0.0,0.0,0.0,0.0,0.0,0.0,0.0,0.0,0.0,0.0,0.0,0.0,0.0
industry_and_mining,1,0,incertidumbre,trajgroup_8-trajmix_steel_heat_biomass,,1.0,1.0,1.0,0.0,0.0,0.0,0.0,0.0,0.0,0.0,0.0,0.0,0.0,0.0,0.0,0.0,0.0,0.0,0.0,0.0,0.0,0.0,0.0,0.0,0.0,0.0,0.0,0.0,0.0,0.0,0.0,0.0,0.0,0.0,0.0,0.0,0.0,0.0,0.0
industry_and_mining,1,1,incertidumbre,trajgroup_8-trajmix_steel_heat_biomass,,1.0,1.0,1.0,0.0,0.0,0.0,0.0,0.0,0.0,0.0,0.0,0.0,0.0,0.0,0.0,0.0,0.0,0.0,0.0,0.0,0.0,0.0,0.0,0.0,0.0,0.0,0.0,0.0,0.0,0.0,0.0,0.0,0.0,0.0,0.0,0.0,0.0,0.0,0.0
industry_and_mining,0,0,incertidumbre,trajgroup_8-trajmix_steel_heat_coal,,,1.0,1.0,0.0,0.0,0.0,0.0,0.0,0.0,0.0,0.0,0.0,0.0,0.0,0.0,0.0,0.0,0.0,0.0,0.0,0.0,0.0,0.0,0.0,0.0,0.0,0.0,0.0,0.0,0.0,0.0,0.0,0.0,0.0,0.0,0.0,0.0,0.0,0.0
industry_and_mining,0,1,incertidumbre,trajgroup_8-trajmix_steel_heat_coal,,1.0,1.0,1.0,0.0,0.0,0.0,0.0,0.0,0.0,0.0,0.0,0.0,0.0,0.0,0.0,0.0,0.0,0.0,0.0,0.0,0.0,0.0,0.0,0.0,0.0,0.0,0.0,0.0,0.0,0.0,0.0,0.0,0.0,0.0,0.0,0.0,0.0,0.0,0.0
industry_and_mining,1,0,incertidumbre,trajgroup_8-trajmix_steel_heat_coal,,,1.0,1.0,0.0,0.0,0.0,0.0,0.0,0.0,0.0,0.0,0.0,0.0,0.0,0.0,0.0,0.0,0.0,0.0,0.0,0.0,0.0,0.0,0.0,0.0,0.0,0.0,0.0,0.0,0.0,0.0,0.0,0.0,0.0,0.0,0.0,0.0,0.0,0.0
industry_and_mining,1,1,incertidumbre,trajgroup_8-trajmix_steel_heat_coal,,1.0,1.0,1.0,0.0,0.0,0.0,0.0,0.0,0.0,0.0,0.0,0.0,0.0,0.0,0.0,0.0,0.0,0.0,0.0,0.0,0.0,0.0,0.0,0.0,0.0,0.0,0.0,0.0,0.0,0.0,0.0,0.0,0.0,0.0,0.0,0.0,0.0,0.0,0.0
industry_and_mining,0,0,incertidumbre,trajgroup_8-trajmix_steel_heat_coke,,,1.0,1.0,0.0,0.0,0.0,0.0,0.0,0.0,0.0,0.0,0.0,0.0,0.0,0.0,0.0,0.0,0.0,0.0,0.0,0.0,0.0,0.0,0.0,0.0,0.0,0.0,0.0,0.0,0.0,0.0,0.0,0.0,0.0,0.0,0.0,0.0,0.0,0.0
industry_and_mining,0,1,incertidumbre,trajgroup_8-trajmix_steel_heat_coke,,1.0,1.0,1.0,0.0,0.0,0.0,0.0,0.0,0.0,0.0,0.0,0.0,0.0,0.0,0.0,0.0,0.0,0.0,0.0,0.0,0.0,0.0,0.0,0.0,0.0,0.0,0.0,0.0,0.0,0.0,0.0,0.0,0.0,0.0,0.0,0.0,0.0,0.0,0.0
industry_and_mining,1,0,incertidumbre,trajgroup_8-trajmix_steel_heat_coke,,1.0,1.0,1.0,0.0,0.0,0.0,0.0,0.0,0.0,0.0,0.0,0.0,0.0,0.0,0.0,0.0,0.0,0.0,0.0,0.0,0.0,0.0,0.0,0.0,0.0,0.0,0.0,0.0,0.0,0.0,0.0,0.0,0.0,0.0,0.0,0.0,0.0,0.0,0.0
industry_and_mining,1,1,incertidumbre,trajgroup_8-trajmix_steel_heat_coke,,1.0,1.0,1.0,0.0,0.0,0.0,0.0,0.0,0.0,0.0,0.0,0.0,0.0,0.0,0.0,0.0,0.0,0.0,0.0,0.0,0.0,0.0,0.0,0.0,0.0,0.0,0.0,0.0,0.0,0.0,0.0,0.0,0.0,0.0,0.0,0.0,0.0,0.0,0.0
industry_and_mining,0,0,incertidumbre,trajgroup_8-trajmix_steel_heat_hydrogen,,,1.0,1.0,0.0,0.0,0.0,0.0,0.0,0.0,0.0,0.0,0.0,0.0,0.0,0.0,0.0,0.0,0.0,0.0,0.0,0.0,0.0,0.0,0.0,0.0,0.0,0.0,0.0,0.0,0.0,0.0,0.0,0.0,0.0,0.0,0.0,0.0,0.0,0.0
industry_and_mining,0,1,incertidumbre,trajgroup_8-trajmix_steel_heat_hydrogen,,1.0,1.0,1.0,0.0,0.0,0.0,0.0,0.0,0.0,0.0,0.0,0.0,0.0,0.0,0.0,0.0,0.0,0.0,0.0,0.0,0.0,0.0,0.0,0.0,0.0,0.0,0.0,0.0,0.0,0.0,0.0,0.0,0.0,0.0,0.0,0.0,0.0,0.0,0.0
industry_and_mining,1,0,incertidumbre,trajgroup_8-trajmix_steel_heat_hydrogen,,1.0,1.0,1.0,0.0,0.0,0.0,0.0,0.0,0.0,0.0,0.0,0.0,0.0,0.0,0.0,0.0,0.0,0.0,0.0,0.0,0.0,0.0,0.0,0.0,0.0,0.0,0.0,0.0,0.0,0.0,0.0,0.0,0.0,0.0,0.0,0.0,0.0,0.0,0.0
industry_and_mining,1,1,incertidumbre,trajgroup_8-trajmix_steel_heat_hydrogen,,1.0,1.0,1.0,0.0,0.0,0.0,0.0,0.0,0.0,0.0,0.0,0.0,0.0,0.0,0.0,0.0,0.0,0.0,0.0,0.0,0.0,0.0,0.0,0.0,0.0,0.0,0.0,0.0,0.0,0.0,0.0,0.0,0.0,0.0,0.0,0.0,0.0,0.0,0.0
industry_and_mining,0,0,incertidumbre,trajmax_copper_production,,,1.0,1.0,5504.0,5504.0,5504.0,5832.0,5822.0,6521.0,6548.0,6704.0,7124.0,7490.0,8046.0,8169.0,8307.0,8524.0,8391.0,8198.0,8197.0,8359.0,8522.0,8686.0,8851.0,9018.0,9186.0,9355.0,9524.0,9695.0,9867.0,10040.0,10213.0,10387.0,10562.0,10738.0,10914.0,11091.0,11268.0,11446.0
industry_and_mining,0,1,incertidumbre,trajmax_copper_production,,,1.0,1.0,5504.0,5504.0,5504.0,5832.0,5822.0,6521.0,6548.0,6704.0,7124.0,7490.0,8046.0,8169.0,8307.0,8524.0,8391.0,8198.0,8197.0,8359.0,8522.0,8686.0,8851.0,9018.0,9186.0,9355.0,9524.0,9695.0,9867.0,10040.0,10213.0,10387.0,10562.0,10738.0,10914.0,11091.0,11268.0,11446.0
industry_and_mining,1,0,incertidumbre,trajmax_copper_production,,,1.0,1.0,5504.0,5504.0,5504.0,5832.0,5822.0,6521.0,6548.0,6704.0,7124.0,7490.0,8046.0,8169.0,8307.0,8524.0,8391.0,8198.0,8197.0,8359.0,8522.0,8686.0,8851.0,9018.0,9186.0,9355.0,9524.0,9695.0,9867.0,10040.0,10213.0,10387.0,10562.0,10738.0,10914.0,11091.0,11268.0,11446.0
industry_and_mining,1,1,incertidumbre,trajmax_copper_production,,,1.0,1.0,5504.0,5504.0,5504.0,5832.0,5822.0,6521.0,6548.0,6704.0,7124.0,7490.0,8046.0,8169.0,8307.0,8524.0,8391.0,8198.0,8197.0,8359.0,8522.0,8686.0,8851.0,9018.0,9186.0,9355.0,9524.0,9695.0,9867.0,10040.0,10213.0,10387.0,10562.0,10738.0,10914.0,11091.0,11268.0,11446.0
industry_and_mining,0,0,incertidumbre,trajmin_copper_production,,,1.0,1.0,5504.0,5504.0,5504.0,5832.0,5822.0,5401.0,5411.0,5520.0,5824.0,5824.0,5824.0,5824.0,5824.0,5824.0,5824.0,5911.0,5881.0,5917.0,5954.0,5990.0,6026.0,6062.0,6099.0,6135.0,6171.0,6208.0,6244.0,6280.0,6316.0,6353.0,6389.0,6425.0,6461.0,6498.0,6534.0,6570.0
industry_and_mining,0,1,incertidumbre,trajmin_copper_production,,,1.0,1.0,5504.0,5504.0,5504.0,5832.0,5822.0,5401.0,5411.0,5520.0,5824.0,5824.0,5824.0,5824.0,5824.0,5824.0,5824.0,5911.0,5881.0,5917.0,5954.0,5990.0,6026.0,6062.0,6099.0,6135.0,6171.0,6208.0,6244.0,6280.0,6316.0,6353.0,6389.0,6425.0,6461.0,6498.0,6534.0,6570.0
industry_and_mining,1,0,incertidumbre,trajmin_copper_production,,,1.0,1.0,5504.0,5504.0,5504.0,5832.0,5822.0,5401.0,5411.0,5520.0,5824.0,5824.0,5824.0,5824.0,5824.0,5824.0,5824.0,5911.0,5881.0,5917.0,5954.0,5990.0,6026.0,6062.0,6099.0,6135.0,6171.0,6208.0,6244.0,6280.0,6316.0,6353.0,6389.0,6425.0,6461.0,6498.0,6534.0,6570.0
industry_and_mining,1,1,incertidumbre,trajmin_copper_production,,,1.0,1.0,5504.0,5504.0,5504.0,5832.0,5822.0,5401.0,5411.0,5520.0,5824.0,5824.0,5824.0,5824.0,5824.0,5824.0,5824.0,5911.0,5881.0,5917.0,5954.0,5990.0,6026.0,6062.0,6099.0,6135.0,6171.0,6208.0,6244.0,6280.0,6316.0,6353.0,6389.0,6425.0,6461.0,6498.0,6534.0,6570.0
industry_and_mining,0,0,incertidumbre,trajmix_copper_production,,1.0,0.0,9.501187648,0.0,0.0,0.0,0.0,0.0,0.0,0.8301700000000001,0.69216,0.30255,0.31167,0.17789000000000002,0.04848,0.01985,0.17109000000000002,0.19409,0.19566,0.22159,0.2102,0.19983,0.19034,0.18164,0.17362,0.16623,0.15939,0.15304,0.14712999999999998,0.14163,0.13649,0.13169,0.12719,0.12296,0.11899,0.11525,0.11172,0.10839,0.10525
industry_and_mining,0,1,incertidumbre,trajmix_copper_production,,1.0,0.0,9.501485377,0.0,0.0,0.0,0.0,0.0,0.0,0.830165435,0.692158352,0.302552668,0.311667267,0.177886779,0.048475805,0.019850217,0.17109255199999998,0.19408882,0.195664626,0.221593471,0.210203179,0.199827097,0.190339644,0.181635096,0.173623812,0.166229289,0.159385842,0.153036762,0.147132832,0.141631135,0.13649407300000002,0.131688576,0.127185436,0.122958764,0.118985532,0.11524519,0.111719341,0.108391468,0.105246702
industry_and_mining,1,0,incertidumbre,trajmix_copper_production,,1.0,0.0,9.501485377,0.0,0.0,0.0,0.0,0.0,0.0,0.830165435,0.692158352,0.302552668,0.311667267,0.177886779,0.048475805,0.019850217,0.17109255199999998,0.19408882,0.195664626,0.221593471,0.210203179,0.199827097,0.190339644,0.181635096,0.173623812,0.166229289,0.159385842,0.153036762,0.147132832,0.141631135,0.13649407300000002,0.131688576,0.127185436,0.122958764,0.118985532,0.11524519,0.111719341,0.108391468,0.105246702
industry_and_mining,1,1,incertidumbre,trajmix_copper_production,,1.0,0.0,9.501485377,0.0,0.0,0.0,0.0,0.0,0.0,0.830165435,0.692158352,0.302552668,0.311667267,0.177886779,0.048475805,0.019850217,0.17109255199999998,0.19408882,0.195664626,0.221593471,0.210203179,0.199827097,0.190339644,0.181635096,0.173623812,0.166229289,0.159385842,0.153036762,0.147132832,0.141631135,0.13649407300000002,0.131688576,0.127185436,0.122958764,0.118985532,0.11524519,0.111719341,0.108391468,0.105246702
residential,0,0,incertidumbre,trajmax_residential_retrofit_house,,,1.0,1.0,0.0,0.0,0.0,0.0,167112.0,337653.0,510792.0,685900.0,862845.0,1041558.0,1221991.0,1404157.0,1588001.0,1773476.0,1960547.0,2149167.0,2339378.0,2531150.0,2724434.0,2919182.0,3115351.0,3312881.0,3511735.0,3711874.0,3913240.0,4115795.0,4319498.0,4524302.0,4730171.0,4937066.0,5144945.0,5353772.0,5563506.0,5774104.0,5985533.0,6197750.0
residential,0,1,incertidumbre,trajmax_residential_retrofit_house,,,1.0,1.0,0.0,0.0,0.0,0.0,167112.0,337653.0,510792.0,685900.0,862845.0,1041558.0,1221991.0,1404157.0,1588001.0,1773476.0,1960547.0,2149167.0,2339378.0,2531150.0,2724434.0,2919182.0,3115351.0,3312881.0,3511735.0,3711874.0,3913240.0,4115795.0,4319498.0,4524302.0,4730171.0,4937066.0,5144945.0,5353772.0,5563506.0,5774104.0,5985533.0,6197750.0
residential,1,0,incertidumbre,trajmax_residential_retrofit_house,,,1.0,1.0,0.0,0.0,0.0,0.0,167112.0,337653.0,510792.0,685900.0,862845.0,1041558.0,1221991.0,1404157.0,1588001.0,1773476.0,1960547.0,2149167.0,2339378.0,2531150.0,2724434.0,2919182.0,3115351.0,3312881.0,3511735.0,3711874.0,3913240.0,4115795.0,4319498.0,4524302.0,4730171.0,4937066.0,5144945.0,5353772.0,5563506.0,5774104.0,5985533.0,6197750.0
residential,1,1,incertidumbre,trajmax_residential_retrofit_house,,,1.0,1.0,0.0,0.0,0.0,0.0,167112.0,337653.0,510792.0,685900.0,862845.0,1041558.0,1221991.0,1404157.0,1588001.0,1773476.0,1960547.0,2149167.0,2339378.0,2531150.0,2724434.0,2919182.0,3115351.0,3312881.0,3511735.0,3711874.0,3913240.0,4115795.0,4319498.0,4524302.0,4730171.0,4937066.0,5144945.0,5353772.0,5563506.0,5774104.0,5985533.0,6197750.0
residential,0,0,incertidumbre,trajmin_residential_retrofit_house,,,1.0,1.0,0.0,0.0,0.0,0.0,89945.0,181737.0,274926.0,369176.0,464414.0,485439.0,506666.0,528097.0,549726.0,571547.0,593555.0,615746.0,638123.0,660685.0,683424.0,706336.0,729414.0,752653.0,776048.0,799594.0,823284.0,847114.0,871079.0,895173.0,919393.0,943734.0,968190.0,992758.0,1017433.0,1042209.0,1067083.0,1092050.0
residential,0,1,incertidumbre,trajmin_residential_retrofit_house,,,1.0,1.0,0.0,0.0,0.0,0.0,167112.0,337653.0,510792.0,685900.0,862845.0,1041558.0,1221991.0,1404157.0,1588001.0,1773476.0,1960547.0,2149167.0,2339378.0,2531150.0,2724434.0,2919182.0,3115351.0,3312881.0,3511735.0,3711874.0,3913240.0,4115795.0,4319498.0,4524302.0,4730171.0,4937066.0,5144945.0,5353772.0,5563506.0,5774104.0,5985533.0,6197750.0
residential,1,0,incertidumbre,trajmin_residential_retrofit_house,,,1.0,1.0,0.0,0.0,0.0,0.0,89945.0,181737.0,274926.0,369176.0,464414.0,485439.0,506666.0,528097.0,549726.0,571547.0,593555.0,615746.0,638123.0,660685.0,683424.0,706336.0,729414.0,752653.0,776048.0,799594.0,823284.0,847114.0,871079.0,895173.0,919393.0,943734.0,968190.0,992758.0,1017433.0,1042209.0,1067083.0,1092050.0
residential,1,1,incertidumbre,trajmin_residential_retrofit_house,,,1.0,1.0,0.0,0.0,0.0,0.0,167112.0,337653.0,510792.0,685900.0,862845.0,1041558.0,1221991.0,1404157.0,1588001.0,1773476.0,1960547.0,2149167.0,2339378.0,2531150.0,2724434.0,2919182.0,3115351.0,3312881.0,3511735.0,3711874.0,3913240.0,4115795.0,4319498.0,4524302.0,4730171.0,4937066.0,5144945.0,5353772.0,5563506.0,5774104.0,5985533.0,6197750.0
residential,0,0,incertidumbre,trajmix_residential_retrofit_house,,,0.0,24.53508227,0.0,0.0,0.0,0.0,0.522292993,0.522292993,0.522292993,0.522292993,0.522292993,0.374196348,0.290914024,0.23753863,0.200426595,0.17313659399999998,0.152230573,0.135708299,0.122320305,0.111254629,0.101958308,0.094040861,0.087218555,0.08128102400000001,0.07606787799999999,0.071455331,0.067346557,0.063664186,0.060345902,0.057341024,0.054607736,0.052111350999999986,0.04982288,0.047717788,0.045775319,0.043977718,0.04230966,0.040757964
residential,0,1,incertidumbre,trajmix_residential_retrofit_house,,,0.0,1000.0,0.0,0.0,0.0,0.0,0.0,0.0,0.0,0.0,0.0,0.0,0.0,0.0,0.0,0.0,0.0,0.0,0.0,0.0,0.0,0.0,0.0,0.0,0.0,0.0,0.0,0.0,0.0,0.0,0.0,0.0,0.0,0.0,0.0,0.0,0.0,0.001
residential,1,0,incertidumbre,trajmix_residential_retrofit_house,,,0.0,24.53508227,0.0,0.0,0.0,0.0,0.522292993,0.522292993,0.522292993,0.522292993,0.522292993,0.374196348,0.290914024,0.23753863,0.200426595,0.17313659399999998,0.152230573,0.135708299,0.122320305,0.111254629,0.101958308,0.094040861,0.087218555,0.08128102400000001,0.07606787799999999,0.071455331,0.067346557,0.063664186,0.060345902,0.057341024,0.054607736,0.052111350999999986,0.04982288,0.047717788,0.045775319,0.043977718,0.04230966,0.040757964
residential,1,1,incertidumbre,trajmix_residential_retrofit_house,,,0.0,1000.0,0.0,0.0,0.0,0.0,0.0,0.0,0.0,0.0,0.0,0.0,0.0,0.0,0.0,0.0,0.0,0.0,0.0,0.0,0.0,0.0,0.0,0.0,0.0,0.0,0.0,0.0,0.0,0.0,0.0,0.0,0.0,0.0,0.0,0.0,0.0,0.001
transport,0,0,incertidumbre,trajgroup_9-trajmax_transport_frac_aviation_hydrogen,,,1.0,1.0,0.0,0.0,0.0,0.0,0.0,0.0,0.0,0.0,0.0,0.0,0.0,0.0,0.0,0.0,0.0,0.0,0.0,0.0,0.0,0.0,0.0,0.0,0.0,0.0,0.0,0.0,0.0,0.0,0.0,0.0,0.0,0.0,0.0,0.0,0.0,0.0
transport,0,1,incertidumbre,trajgroup_9-trajmax_transport_frac_aviation_hydrogen,,,1.0,1.0,0.0,0.0,0.0,0.0,0.0,0.0,0.0,0.0,0.0,0.0,0.0,0.0,0.0,0.0,0.0,0.0,0.0,0.0,0.0,0.0,0.00625,0.0125,0.01875,0.025,0.03125,0.0375,0.04375,0.05,0.05625,0.0625,0.06875,0.075,0.08125,0.0875,0.09375,0.1
transport,1,0,incertidumbre,trajgroup_9-trajmax_transport_frac_aviation_hydrogen,,,1.0,1.0,0.0,0.0,0.0,0.0,0.0,0.0,0.0,0.0,0.0,0.0,0.0,0.0,0.0,0.0,0.0,0.0,0.0,0.0,0.0,0.0,0.0,0.0,0.0,0.0,0.0,0.0,0.0,0.0,0.0,0.0,0.0,0.0,0.0,0.0,0.0,0.0
transport,1,1,incertidumbre,trajgroup_9-trajmax_transport_frac_aviation_hydrogen,,,1.0,1.0,0.0,0.0,0.0,0.0,0.0,0.0,0.0,0.0,0.0,0.0,0.0,0.0,0.0,0.0,0.0,0.0,0.0,0.0,0.0,0.0,0.00625,0.0125,0.01875,0.025,0.03125,0.0375,0.04375,0.05,0.05625,0.0625,0.06875,0.075,0.08125,0.0875,0.09375,0.1
transport,0,0,incertidumbre,trajgroup_9-trajmax_transport_frac_aviation_kerosene,,,1.0,1.0,1.0,1.0,1.0,1.0,1.0,1.0,1.0,1.0,1.0,1.0,1.0,1.0,1.0,1.0,1.0,1.0,1.0,1.0,1.0,1.0,1.0,1.0,1.0,1.0,1.0,1.0,1.0,1.0,1.0,1.0,1.0,1.0,1.0,1.0,1.0,1.0
transport,0,1,incertidumbre,trajgroup_9-trajmax_transport_frac_aviation_kerosene,,,1.0,1.0,1.0,1.0,1.0,1.0,1.0,1.0,1.0,1.0,1.0,1.0,1.0,1.0,1.0,1.0,1.0,1.0,1.0,1.0,1.0,1.0,0.99375,0.9875,0.98125,0.975,0.96875,0.9625,0.95625,0.95,0.94375,0.9375,0.93125,0.925,0.91875,0.9125,0.90625,0.9
transport,1,0,incertidumbre,trajgroup_9-trajmax_transport_frac_aviation_kerosene,,,1.0,1.0,1.0,1.0,1.0,1.0,1.0,1.0,1.0,1.0,1.0,1.0,1.0,1.0,1.0,1.0,1.0,1.0,1.0,1.0,1.0,1.0,1.0,1.0,1.0,1.0,1.0,1.0,1.0,1.0,1.0,1.0,1.0,1.0,1.0,1.0,1.0,1.0
transport,1,1,incertidumbre,trajgroup_9-trajmax_transport_frac_aviation_kerosene,,,1.0,1.0,1.0,1.0,1.0,1.0,1.0,1.0,1.0,1.0,1.0,1.0,1.0,1.0,1.0,1.0,1.0,1.0,1.0,1.0,1.0,1.0,0.99375,0.9875,0.98125,0.975,0.96875,0.9625,0.95625,0.95,0.94375,0.9375,0.93125,0.925,0.91875,0.9125,0.90625,0.9
transport,0,0,incertidumbre,trajgroup_9-trajmin_transport_frac_aviation_hydrogen,,,1.0,1.0,0.0,0.0,0.0,0.0,0.0,0.0,0.0,0.0,0.0,0.0,0.0,0.0,0.0,0.0,0.0,0.0,0.0,0.0,0.0,0.0,0.0,0.0,0.0,0.0,0.0,0.0,0.0,0.0,0.0,0.0,0.0,0.0,0.0,0.0,0.0,0.0
transport,0,1,incertidumbre,trajgroup_9-trajmin_transport_frac_aviation_hydrogen,,,1.0,1.0,0.0,0.0,0.0,0.0,0.0,0.0,0.0,0.0,0.0,0.0,0.0,0.0,0.0,0.0,0.0,0.0,0.0,0.0,0.0,0.0,0.00625,0.0125,0.01875,0.025,0.03125,0.0375,0.04375,0.05,0.05625,0.0625,0.06875,0.075,0.08125,0.0875,0.09375,0.1
transport,1,0,incertidumbre,trajgroup_9-trajmin_transport_frac_aviation_hydrogen,,,1.0,1.0,0.0,0.0,0.0,0.0,0.0,0.0,0.0,0.0,0.0,0.0,0.0,0.0,0.0,0.0,0.0,0.0,0.0,0.0,0.0,0.0,0.0,0.0,0.0,0.0,0.0,0.0,0.0,0.0,0.0,0.0,0.0,0.0,0.0,0.0,0.0,0.0
transport,1,1,incertidumbre,trajgroup_9-trajmin_transport_frac_aviation_hydrogen,,,1.0,1.0,0.0,0.0,0.0,0.0,0.0,0.0,0.0,0.0,0.0,0.0,0.0,0.0,0.0,0.0,0.0,0.0,0.0,0.0,0.0,0.0,0.00625,0.0125,0.01875,0.025,0.03125,0.0375,0.04375,0.05,0.05625,0.0625,0.06875,0.075,0.08125,0.0875,0.09375,0.1
transport,0,0,incertidumbre,trajgroup_9-trajmin_transport_frac_aviation_kerosene,,,1.0,1.0,1.0,1.0,1.0,1.0,1.0,1.0,1.0,1.0,1.0,1.0,1.0,1.0,1.0,1.0,1.0,1.0,1.0,1.0,1.0,1.0,1.0,1.0,1.0,1.0,1.0,1.0,1.0,1.0,1.0,1.0,1.0,1.0,1.0,1.0,1.0,1.0
transport,0,1,incertidumbre,trajgroup_9-trajmin_transport_frac_aviation_kerosene,,,1.0,1.0,1.0,1.0,1.0,1.0,1.0,1.0,1.0,1.0,1.0,1.0,1.0,1.0,1.0,1.0,1.0,1.0,1.0,1.0,1.0,1.0,1.0,1.0,1.0,1.0,1.0,1.0,1.0,1.0,1.0,1.0,1.0,1.0,1.0,1.0,1.0,1.0
transport,1,0,incertidumbre,trajgroup_9-trajmin_transport_frac_aviation_kerosene,,,1.0,1.0,1.0,1.0,1.0,1.0,1.0,1.0,1.0,1.0,1.0,1.0,1.0,1.0,1.0,1.0,1.0,1.0,1.0,1.0,1.0,1.0,1.0,1.0,1.0,1.0,1.0,1.0,1.0,1.0,1.0,1.0,1.0,1.0,1.0,1.0,1.0,1.0
transport,1,1,incertidumbre,trajgroup_9-trajmin_transport_frac_aviation_kerosene,,,1.0,1.0,1.0,1.0,1.0,1.0,1.0,1.0,1.0,1.0,1.0,1.0,1.0,1.0,1.0,1.0,1.0,1.0,1.0,1.0,1.0,1.0,1.0,1.0,1.0,1.0,1.0,1.0,1.0,1.0,1.0,1.0,1.0,1.0,1.0,1.0,1.0,1.0
transport,0,0,incertidumbre,trajgroup_9-trajmix_transport_frac_aviation_hydrogen,,1.0,1.0,1.0,0.0,0.0,0.0,0.0,0.0,0.0,0.0,0.0,0.0,0.0,0.0,0.0,0.0,0.0,0.0,0.0,0.0,0.0,0.0,0.0,0.0,0.0,0.0,0.0,0.0,0.0,0.0,0.0,0.0,0.0,0.0,0.0,0.0,0.0,0.0,0.0
transport,0,1,incertidumbre,trajgroup_9-trajmix_transport_frac_aviation_hydrogen,,1.0,1.0,1.0,0.0,0.0,0.0,0.0,0.0,0.0,0.0,0.0,0.0,0.0,0.0,0.0,0.0,0.0,0.0,0.0,0.0,0.0,0.0,0.0,0.0,0.0,0.0,0.0,0.0,0.0,0.0,0.0,0.0,0.0,0.0,0.0,0.0,0.0,0.0,0.0
transport,1,0,incertidumbre,trajgroup_9-trajmix_transport_frac_aviation_hydrogen,,1.0,1.0,1.0,0.0,0.0,0.0,0.0,0.0,0.0,0.0,0.0,0.0,0.0,0.0,0.0,0.0,0.0,0.0,0.0,0.0,0.0,0.0,0.0,0.0,0.0,0.0,0.0,0.0,0.0,0.0,0.0,0.0,0.0,0.0,0.0,0.0,0.0,0.0,0.0
transport,1,1,incertidumbre,trajgroup_9-trajmix_transport_frac_aviation_hydrogen,,1.0,1.0,1.0,0.0,0.0,0.0,0.0,0.0,0.0,0.0,0.0,0.0,0.0,0.0,0.0,0.0,0.0,0.0,0.0,0.0,0.0,0.0,0.0,0.0,0.0,0.0,0.0,0.0,0.0,0.0,0.0,0.0,0.0,0.0,0.0,0.0,0.0,0.0,0.0
transport,0,0,incertidumbre,trajgroup_9-trajmix_transport_frac_aviation_kerosene,,1.0,1.0,1.0,0.0,0.0,0.0,0.0,0.0,0.0,0.0,0.0,0.0,0.0,0.0,0.0,0.0,0.0,0.0,0.0,0.0,0.0,0.0,0.0,0.0,0.0,0.0,0.0,0.0,0.0,0.0,0.0,0.0,0.0,0.0,0.0,0.0,0.0,0.0,0.0
transport,0,1,incertidumbre,trajgroup_9-trajmix_transport_frac_aviation_kerosene,,1.0,1.0,1.0,0.0,0.0,0.0,0.0,0.0,0.0,0.0,0.0,0.0,0.0,0.0,0.0,0.0,0.0,0.0,0.0,0.0,0.0,0.0,0.0,1.016260163,1.008064516,1.00536193,1.004016064,1.003210273,1.002673797,1.002290951,1.002004008,1.001780944,1.001602564,1.001456664,1.001335113,1.001232286,1.001144165,1.001067806,1.001001001
transport,1,0,incertidumbre,trajgroup_9-trajmix_transport_frac_aviation_kerosene,,1.0,1.0,1.0,0.0,0.0,0.0,0.0,0.0,0.0,0.0,0.0,0.0,0.0,0.0,0.0,0.0,0.0,0.0,0.0,0.0,0.0,0.0,0.0,0.0,0.0,0.0,0.0,0.0,0.0,0.0,0.0,0.0,0.0,0.0,0.0,0.0,0.0,0.0,0.0
transport,1,1,incertidumbre,trajgroup_9-trajmix_transport_frac_aviation_kerosene,,1.0,1.0,1.0,0.0,0.0,0.0,0.0,0.0,0.0,0.0,0.0,0.0,0.0,0.0,0.0,0.0,0.0,0.0,0.0,0.0,0.0,0.0,0.0,1.016260163,1.008064516,1.00536193,1.004016064,1.003210273,1.002673797,1.002290951,1.002004008,1.001780944,1.001602564,1.001456664,1.001335113,1.001232286,1.001144165,1.001067806,1.001001001
transport,0,0,incertidumbre,transport_modal_split_private_to_bus,,,0.0,1.1,0.0,0.0,0.0,0.0,0.0,0.0,0.003333333,0.006666666999999999,0.01,0.013333333,0.016666667,0.02,0.023333333,0.026666667,0.03,0.033333333,0.036666667,0.04,0.043333333,0.046666667,0.05,0.053333333,0.056666667,0.06,0.06333333299999999,0.066666667,0.07,0.073333333,0.07666666700000001,0.08,0.083333333,0.08666666699999999,0.09,0.093333333,0.096666667,0.1
transport,0,1,incertidumbre,transport_modal_split_private_to_bus,,,1.0,1.1,0.0,0.0,0.0,0.0,0.0,0.0,0.003333333,0.006666666999999999,0.01,0.013333333,0.016666667,0.02,0.023333333,0.026666667,0.03,0.033333333,0.036666667,0.04,0.043333333,0.046666667,0.05,0.053333333,0.056666667,0.06,0.06333333299999999,0.066666667,0.07,0.073333333,0.07666666700000001,0.08,0.083333333,0.08666666699999999,0.09,0.093333333,0.096666667,0.1
transport,1,0,incertidumbre,transport_modal_split_private_to_bus,,,0.0,1.1,0.0,0.0,0.0,0.0,0.0,0.0,0.003333333,0.006666666999999999,0.01,0.013333333,0.016666667,0.02,0.023333333,0.026666667,0.03,0.033333333,0.036666667,0.04,0.043333333,0.046666667,0.05,0.053333333,0.056666667,0.06,0.06333333299999999,0.066666667,0.07,0.073333333,0.07666666700000001,0.08,0.083333333,0.08666666699999999,0.09,0.093333333,0.096666667,0.1
transport,1,1,incertidumbre,transport_modal_split_private_to_bus,,,1.0,1.1,0.0,0.0,0.0,0.0,0.0,0.0,0.003333333,0.006666666999999999,0.01,0.013333333,0.016666667,0.02,0.023333333,0.026666667,0.03,0.033333333,0.036666667,0.04,0.043333333,0.046666667,0.05,0.053333333,0.056666667,0.06,0.06333333299999999,0.066666667,0.07,0.073333333,0.07666666700000001,0.08,0.083333333,0.08666666699999999,0.09,0.093333333,0.096666667,0.1
transport,0,0,incertidumbre,transport_modal_split_private_to_cycling,,,0.0,1.1,0.0,0.0,0.0,0.0,0.0,0.0,0.003333333,0.006666666999999999,0.01,0.013333333,0.016666667,0.02,0.023333333,0.026666667,0.03,0.033333333,0.036666667,0.04,0.043333333,0.046666667,0.05,0.053333333,0.056666667,0.06,0.06333333299999999,0.066666667,0.07,0.073333333,0.07666666700000001,0.08,0.083333333,0.08666666699999999,0.09,0.093333333,0.096666667,0.1
transport,0,1,incertidumbre,transport_modal_split_private_to_cycling,,,1.0,1.1,0.0,0.0,0.0,0.0,0.0,0.0,0.003333333,0.006666666999999999,0.01,0.013333333,0.016666667,0.02,0.023333333,0.026666667,0.03,0.033333333,0.036666667,0.04,0.043333333,0.046666667,0.05,0.053333333,0.056666667,0.06,0.06333333299999999,0.066666667,0.07,0.073333333,0.07666666700000001,0.08,0.083333333,0.08666666699999999,0.09,0.093333333,0.096666667,0.1
transport,1,0,incertidumbre,transport_modal_split_private_to_cycling,,,0.0,1.1,0.0,0.0,0.0,0.0,0.0,0.0,0.003333333,0.006666666999999999,0.01,0.013333333,0.016666667,0.02,0.023333333,0.026666667,0.03,0.033333333,0.036666667,0.04,0.043333333,0.046666667,0.05,0.053333333,0.056666667,0.06,0.06333333299999999,0.066666667,0.07,0.073333333,0.07666666700000001,0.08,0.083333333,0.08666666699999999,0.09,0.093333333,0.096666667,0.1
transport,1,1,incertidumbre,transport_modal_split_private_to_cycling,,,1.0,1.1,0.0,0.0,0.0,0.0,0.0,0.0,0.003333333,0.006666666999999999,0.01,0.013333333,0.016666667,0.02,0.023333333,0.026666667,0.03,0.033333333,0.036666667,0.04,0.043333333,0.046666667,0.05,0.053333333,0.056666667,0.06,0.06333333299999999,0.066666667,0.07,0.073333333,0.07666666700000001,0.08,0.083333333,0.08666666699999999,0.09,0.093333333,0.096666667,0.1
transport,0,0,incertidumbre,transport_modal_split_private_to_telework,,,0.0,1.1,0.0,0.0,0.0,0.0,0.0,0.0,0.003333333,0.006666666999999999,0.01,0.013333333,0.016666667,0.02,0.023333333,0.026666667,0.03,0.033333333,0.036666667,0.04,0.043333333,0.046666667,0.05,0.053333333,0.056666667,0.06,0.06333333299999999,0.066666667,0.07,0.073333333,0.07666666700000001,0.08,0.083333333,0.08666666699999999,0.09,0.093333333,0.096666667,0.1
transport,0,1,incertidumbre,transport_modal_split_private_to_telework,,,1.0,1.1,0.0,0.0,0.0,0.0,0.0,0.0,0.003333333,0.006666666999999999,0.01,0.013333333,0.016666667,0.02,0.023333333,0.026666667,0.03,0.033333333,0.036666667,0.04,0.043333333,0.046666667,0.05,0.053333333,0.056666667,0.06,0.06333333299999999,0.066666667,0.07,0.073333333,0.07666666700000001,0.08,0.083333333,0.08666666699999999,0.09,0.093333333,0.096666667,0.1
transport,1,0,incertidumbre,transport_modal_split_private_to_telework,,,0.0,1.1,0.0,0.0,0.0,0.0,0.0,0.0,0.003333333,0.006666666999999999,0.01,0.013333333,0.016666667,0.02,0.023333333,0.026666667,0.03,0.033333333,0.036666667,0.04,0.043333333,0.046666667,0.05,0.053333333,0.056666667,0.06,0.06333333299999999,0.066666667,0.07,0.073333333,0.07666666700000001,0.08,0.083333333,0.08666666699999999,0.09,0.093333333,0.096666667,0.1
transport,1,1,incertidumbre,transport_modal_split_private_to_telework,,,1.0,1.1,0.0,0.0,0.0,0.0,0.0,0.0,0.003333333,0.006666666999999999,0.01,0.013333333,0.016666667,0.02,0.023333333,0.026666667,0.03,0.033333333,0.036666667,0.04,0.043333333,0.046666667,0.05,0.053333333,0.056666667,0.06,0.06333333299999999,0.066666667,0.07,0.073333333,0.07666666700000001,0.08,0.083333333,0.08666666699999999,0.09,0.093333333,0.096666667,0.1
