sector,time_series_id,strategy_id,type,parameter,normalize_group,trajgroup_no_vary_q,parameter_constant_q,min_2050,max_2050,2015,2016,2017,2018,2019,2020,2021,2022,2023,2024,2025,2026,2027,2028,2029,2030,2031,2032,2033,2034,2035,2036,2037,2038,2039,2040,2041,2042,2043,2044,2045,2046,2047,2048,2049,2050
industry_and_mining,0,0,incertidumbre,pulp_efficiency_heat_solar,,,,1,1,0.75,0.75,0.75,0.75,0.75,0.75,0.75,0.75,0.75,0.75,0.75,0.75,0.75,0.75,0.75,0.75,0.75,0.75,0.75,0.75,0.75,0.75,0.75,0.75,0.75,0.75,0.75,0.75,0.75,0.75,0.75,0.75,0.75,0.75,0.75,0.75
industry_and_mining,0,1,incertidumbre,pulp_efficiency_heat_solar,,,,1,1,0.75,0.77,0.77,0.77,0.77,0.77,0.77,0.77,0.77,0.77,0.77,0.77,0.77,0.77,0.77,0.77,0.77,0.77,0.77,0.77,0.77,0.77,0.77,0.77,0.77,0.77,0.77,0.77,0.77,0.77,0.77,0.77,0.77,0.77,0.77,0.77
industry_and_mining,1,0,incertidumbre,pulp_efficiency_heat_solar,,,,1,1,0.75,0.77,0.77,0.77,0.77,0.77,0.77,0.77,0.77,0.77,0.77,0.77,0.77,0.77,0.77,0.77,0.77,0.77,0.77,0.77,0.77,0.77,0.77,0.77,0.77,0.77,0.77,0.77,0.77,0.77,0.77,0.77,0.77,0.77,0.77,0.77
industry_and_mining,1,1,incertidumbre,pulp_efficiency_heat_solar,,,,1,1,0.75,0.77,0.77,0.77,0.77,0.77,0.77,0.77,0.77,0.77,0.77,0.77,0.77,0.77,0.77,0.77,0.77,0.77,0.77,0.77,0.77,0.77,0.77,0.77,0.77,0.77,0.77,0.77,0.77,0.77,0.77,0.77,0.77,0.77,0.77,0.77
industry_and_mining,0,0,incertidumbre,steel_intensity_reference,,,,1,1,2.7,2.7,2.7,2.7,2.699001737,2.698006722,2.697020747,2.696043641,2.695886978,2.615294255,2.563005661,2.537253223,2.522645124,2.508240186,2.493917511,2.479131811,2.464435812,2.449830006,2.43531384,2.42088668,2.40697496,2.393143313,2.379391268,2.365718395,2.352124203,2.338692683,2.325337866,2.312059316,2.298856622,2.285729325,2.272680535,2.259706235,2.246806038,2.233979484,2.221226163,2.208545663
industry_and_mining,0,1,incertidumbre,steel_intensity_reference,,,,1,1,2.7,2.7,2.7,2.7,2.699001737,2.698006722,2.697020747,2.696043641,2.695886978,2.615294255,2.563005661,2.537253223,2.522645124,2.508240186,2.493917511,2.479131811,2.464435812,2.449830006,2.43531384,2.42088668,2.40697496,2.393143313,2.379391268,2.365718395,2.352124203,2.338692683,2.325337866,2.312059316,2.298856622,2.285729325,2.272680535,2.259706235,2.246806038,2.233979484,2.221226163,2.208545663
industry_and_mining,1,0,incertidumbre,steel_intensity_reference,,,,1,1,2.7,2.7,2.7,2.7,2.699001737,2.698006722,2.697020747,2.696043641,2.695886978,2.615294255,2.563005661,2.537253223,2.522645124,2.508240186,2.493917511,2.479131811,2.464435812,2.449830006,2.43531384,2.42088668,2.40697496,2.393143313,2.379391268,2.365718395,2.352124203,2.338692683,2.325337866,2.312059316,2.298856622,2.285729325,2.272680535,2.259706235,2.246806038,2.233979484,2.221226163,2.208545663
industry_and_mining,1,1,incertidumbre,steel_intensity_reference,,,,0.9,1.1,2.7,2.7,2.7,2.7,2.699001737,2.698006722,2.697020747,2.696043641,2.695886978,2.615294255,2.563005661,2.537253223,2.522645124,2.508240186,2.493917511,2.479131811,2.464435812,2.449830006,2.43531384,2.42088668,2.40697496,2.393143313,2.379391268,2.365718395,2.352124203,2.338692683,2.325337866,2.312059316,2.298856622,2.285729325,2.272680535,2.259706235,2.246806038,2.233979484,2.221226163,2.208545663
industry_and_mining,0,0,incertidumbre,trajgroup_1-trajmax_copper_heat_diesel,,,,1,1,0.176183794,0.176183794,0.176183794,0.176183794,0.179150722,0.189340542,0.198521448,0.202195642,0.205894166,0.224154274,0.26137964,0.279682756,0.298334932,0.315627622,0.335664454,0.358492321,0.385892505,0.394004376,0.39258514,0.391411342,0.389857098,0.388289613,0.387069829,0.38548019,0.383697927,0.381899495,0.379917092,0.377950999,0.265934084,0.245507488,0.225130911,0.204860405,0.184398967,0.163942915,0.143489378,0.123028835
industry_and_mining,0,1,incertidumbre,trajgroup_1-trajmax_copper_heat_diesel,,,,1,1,0.176183794,0.176183794,0.176183794,0.176183794,0.179150722,0.189340542,0.198521448,0.202195642,0.205894166,0.224154274,0.26137964,0.279682756,0.298334932,0.315627622,0.335664454,0.358492321,0.385892505,0.394004376,0.39258514,0.391411342,0.389857098,0.388289613,0.387069829,0.38548019,0.383697927,0.381899495,0.379917092,0.377950999,0.265934084,0.245507488,0.225130911,0.204860405,0.184398967,0.163942915,0.143489378,0.123028835
industry_and_mining,1,0,incertidumbre,trajgroup_1-trajmax_copper_heat_diesel,,,,1,1,0.176183794,0.176183794,0.176183794,0.176183794,0.179150722,0.189340542,0.198521448,0.202195642,0.205894166,0.224154274,0.26137964,0.279682756,0.298334932,0.315627622,0.335664454,0.358492321,0.385892505,0.394004376,0.39258514,0.391411342,0.389857098,0.388289613,0.387069829,0.38548019,0.383697927,0.381899495,0.379917092,0.377950999,0.265934084,0.245507488,0.225130911,0.204860405,0.184398967,0.163942915,0.143489378,0.123028835
industry_and_mining,1,1,incertidumbre,trajgroup_1-trajmax_copper_heat_diesel,,,,1,1,0.176183794,0.176183794,0.176183794,0.176183794,0.179150722,0.189340542,0.198521448,0.202195642,0.205894166,0.224154274,0.26137964,0.279682756,0.298334932,0.315627622,0.335664454,0.358492321,0.385892505,0.394004376,0.39258514,0.391411342,0.389857098,0.388289613,0.387069829,0.38548019,0.383697927,0.381899495,0.379917092,0.377950999,0.265934084,0.245507488,0.225130911,0.204860405,0.184398967,0.163942915,0.143489378,0.123028835
industry_and_mining,0,0,incertidumbre,trajgroup_1-trajmax_copper_heat_solar,,,,1,1,0.000772839,0.000772839,0.000772839,0.000772839,0.00091193,0.00100413,0.002161009,0.003342808,0.004445873,0.005820918,0.007790103,0.009621884,0.011609275,0.013747536,0.016147077,0.0188534,0.021979218,0.024449906,0.026511194,0.028592428,0.030655173,0.032720933,0.034816368,0.055215109,0.07561385,0.096012591,0.116411332,0.136810073,0.157208814,0.177607554,0.198006295,0.218405036,0.238803777,0.259202518,0.279601259,0.3
industry_and_mining,0,1,incertidumbre,trajgroup_1-trajmax_copper_heat_solar,,,,1,1,0.000772839,0.000772839,0.000772839,0.000772839,0.00091193,0.00100413,0.002161009,0.003342808,0.004445873,0.005820918,0.007790103,0.009621884,0.011609275,0.013747536,0.016147077,0.0188534,0.021979218,0.024449906,0.026511194,0.028592428,0.030655173,0.032720933,0.034816368,0.055215109,0.07561385,0.096012591,0.116411332,0.136810073,0.157208814,0.177607554,0.198006295,0.218405036,0.238803777,0.259202518,0.279601259,0.3
industry_and_mining,1,0,incertidumbre,trajgroup_1-trajmax_copper_heat_solar,,,,1,1,0.000772839,0.000772839,0.000772839,0.000772839,0.00091193,0.00100413,0.002161009,0.003342808,0.004445873,0.005820918,0.007790103,0.009621884,0.011609275,0.013747536,0.016147077,0.0188534,0.021979218,0.024449906,0.026511194,0.028592428,0.030655173,0.032720933,0.034816368,0.055215109,0.07561385,0.096012591,0.116411332,0.136810073,0.157208814,0.177607554,0.198006295,0.218405036,0.238803777,0.259202518,0.279601259,0.3
industry_and_mining,1,1,incertidumbre,trajgroup_1-trajmax_copper_heat_solar,,,,1,1,0.000772839,0.000772839,0.000772839,0.000772839,0.00091193,0.00100413,0.002161009,0.003342808,0.004445873,0.005820918,0.007790103,0.009621884,0.011609275,0.013747536,0.016147077,0.0188534,0.021979218,0.024449906,0.026511194,0.028592428,0.030655173,0.032720933,0.034816368,0.055215109,0.07561385,0.096012591,0.116411332,0.136810073,0.157208814,0.177607554,0.198006295,0.218405036,0.238803777,0.259202518,0.279601259,0.3
industry_and_mining,0,0,accion,trajgroup_1-trajmin_copper_heat_diesel,,,,1,1,0.176183794,0.176183794,0.176183794,0.176183794,0.179150722,0.189340542,0.198521448,0.202195642,0.205894166,0.224154274,0.26137964,0.279682756,0.298334932,0.315627622,0.335664454,0.358492321,0.385892505,0.394004376,0.39258514,0.391411342,0.389857098,0.388289613,0.387069829,0.38548019,0.383697927,0.381899495,0.379917092,0.377950999,0.373142898,0.368115043,0.363137207,0.358265441,0.353202744,0.348145433,0.343090637,0.338028835
industry_and_mining,0,1,accion,trajgroup_1-trajmin_copper_heat_diesel,,,,1,1,0.176183794,0.176183794,0.176183794,0.176183794,0.179150722,0.189340542,0.198521448,0.202195642,0.205894166,0.224154274,0.26137964,0.279682756,0.298334932,0.315627622,0.335664454,0.358492321,0.385892505,0.394004376,0.39258514,0.391411342,0.389857098,0.388289613,0.387069829,0.38548019,0.383697927,0.381899495,0.379917092,0.377950999,0.265934084,0.245507488,0.225130911,0.204860405,0.184398967,0.163942915,0.143489378,0.123028835
industry_and_mining,1,0,accion,trajgroup_1-trajmin_copper_heat_diesel,,,,1,1,0.176183794,0.176183794,0.176183794,0.176183794,0.179150722,0.189340542,0.198521448,0.202195642,0.205894166,0.224154274,0.26137964,0.279682756,0.298334932,0.315627622,0.335664454,0.358492321,0.385892505,0.394004376,0.39258514,0.391411342,0.389857098,0.388289613,0.387069829,0.38548019,0.383697927,0.381899495,0.379917092,0.377950999,0.373142898,0.368115043,0.363137207,0.358265441,0.353202744,0.348145433,0.343090637,0.338028835
industry_and_mining,1,1,accion,trajgroup_1-trajmin_copper_heat_diesel,,,,1,1,0.176183794,0.176183794,0.176183794,0.176183794,0.179150722,0.189340542,0.198521448,0.202195642,0.205894166,0.224154274,0.26137964,0.279682756,0.298334932,0.315627622,0.335664454,0.358492321,0.385892505,0.394004376,0.39258514,0.391411342,0.389857098,0.388289613,0.387069829,0.38548019,0.383697927,0.381899495,0.379917092,0.377950999,0.265934084,0.245507488,0.225130911,0.204860405,0.184398967,0.163942915,0.143489378,0.123028835
industry_and_mining,0,0,accion,trajgroup_1-trajmin_copper_heat_solar,,,,1,1,0.000772839,0.000772839,0.000772839,0.000772839,0.00091193,0.00100413,0.002161009,0.003342808,0.004445873,0.005820918,0.007790103,0.009621884,0.011609275,0.013747536,0.016147077,0.0188534,0.021979218,0.024449906,0.026511194,0.028592428,0.030655173,0.032720933,0.034816368,0.036890124,0.038952154,0.041015091,0.043047183,0.045,0.05,0.055,0.06,0.065,0.07,0.075,0.08,0.085
industry_and_mining,0,1,accion,trajgroup_1-trajmin_copper_heat_solar,,,,1,1,0.000772839,0.000772839,0.000772839,0.000772839,0.00091193,0.00100413,0.002161009,0.003342808,0.004445873,0.005820918,0.007790103,0.009621884,0.011609275,0.013747536,0.016147077,0.0188534,0.021979218,0.024449906,0.026511194,0.028592428,0.030655173,0.032720933,0.034816368,0.055215109,0.07561385,0.096012591,0.116411332,0.136810073,0.157208814,0.177607554,0.198006295,0.218405036,0.238803777,0.259202518,0.279601259,0.3
industry_and_mining,1,0,accion,trajgroup_1-trajmin_copper_heat_solar,,,,1,1,0.000772839,0.000772839,0.000772839,0.000772839,0.00091193,0.00100413,0.002161009,0.003342808,0.004445873,0.005820918,0.007790103,0.009621884,0.011609275,0.013747536,0.016147077,0.0188534,0.021979218,0.024449906,0.026511194,0.028592428,0.030655173,0.032720933,0.034816368,0.036890124,0.038952154,0.041015091,0.043047183,0.045,0.05,0.055,0.06,0.065,0.07,0.075,0.08,0.085
industry_and_mining,1,1,accion,trajgroup_1-trajmin_copper_heat_solar,,,,1,1,0.000772839,0.000772839,0.000772839,0.000772839,0.00091193,0.00100413,0.002161009,0.003342808,0.004445873,0.005820918,0.007790103,0.009621884,0.011609275,0.013747536,0.016147077,0.0188534,0.021979218,0.024449906,0.026511194,0.028592428,0.030655173,0.032720933,0.034816368,0.055215109,0.07561385,0.096012591,0.116411332,0.136810073,0.157208814,0.177607554,0.198006295,0.218405036,0.238803777,0.259202518,0.279601259,0.3
industry_and_mining,0,0,accion,trajgroup_1-trajmix_copper_heat_diesel,,,1,1,1,0,0,0,0,0,0,0,0,0,0,0,0,0,0,0,0,0,0,0,0,0,0,0,0,0,0,0,0,0.093362999,0.122441429,0.145026012,0.163073573,0.296377478,0.298746593,0.275687483,0.255932992
industry_and_mining,0,1,accion,trajgroup_1-trajmix_copper_heat_diesel,,,1,1,1,0.5,0.5,0.5,0.5,0.5,0.5,0.5,0.5,0.5,0.5,0.5,0.5,0.5,0.5,0.5,0.5,0.5,0.5,0.5,0.5,0.5,0.5,0.5,0.5,0.5,0.5,0.5,0.5,0.5,0.5,0.5,0.5,0.5,0.5,0.5,0.5
industry_and_mining,1,0,accion,trajgroup_1-trajmix_copper_heat_diesel,,,1,1,1,0,0,0,0,0,0,0,0,0,0,0,0,0,0,0,0,0,0,0,0,0,0,0,0,0,0,0,0,0.093362999,0.122441429,0.145026012,0.163073573,0.296377478,0.298746593,0.275687483,0.255932992
industry_and_mining,1,1,accion,trajgroup_1-trajmix_copper_heat_diesel,,,1,1,1,0.5,0.5,0.5,0.5,0.5,0.5,0.5,0.5,0.5,0.5,0.5,0.5,0.5,0.5,0.5,0.5,0.5,0.5,0.5,0.5,0.5,0.5,0.5,0.5,0.5,0.5,0.5,0.5,0.5,0.5,0.5,0.5,0.5,0.5,0.5,0.5
industry_and_mining,0,0,accion,trajgroup_1-trajmix_copper_heat_solar,,,1,1,1,0,0,0,0,0,0,0,0,0,0,0,0,0,0,0,0,0,0,0,0,0,0,0,0,0,0,0,0.001121406,0.09318899,0.122241862,0.144815991,0.162861106,0.296026535,0.298422401,0.275411383,0.255695026
industry_and_mining,0,1,accion,trajgroup_1-trajmix_copper_heat_solar,,,1,1,1,0.5,0.5,0.5,0.5,0.5,0.5,0.5,0.5,0.5,0.5,0.5,0.5,0.5,0.5,0.5,0.5,0.5,0.5,0.5,0.5,0.5,0.5,0.5,0.5,0.5,0.5,0.5,0.5,0.5,0.5,0.5,0.5,0.5,0.5,0.5,0.5
industry_and_mining,1,0,accion,trajgroup_1-trajmix_copper_heat_solar,,,1,1,1,0,0,0,0,0,0,0,0,0,0,0,0,0,0,0,0,0,0,0,0,0,0,0,0,0,0,0,0.001121406,0.09318899,0.122241862,0.144815991,0.162861106,0.296026535,0.298422401,0.275411383,0.255695026
industry_and_mining,1,1,accion,trajgroup_1-trajmix_copper_heat_solar,,,1,1,1,0.5,0.5,0.5,0.5,0.5,0.5,0.5,0.5,0.5,0.5,0.5,0.5,0.5,0.5,0.5,0.5,0.5,0.5,0.5,0.5,0.5,0.5,0.5,0.5,0.5,0.5,0.5,0.5,0.5,0.5,0.5,0.5,0.5,0.5,0.5,0.5
industry_and_mining,0,0,accion,trajgroup_8-trajmax_steel_heat_biomass,,,,1,1,0,0,0,0,0,0,0,0,0,0,0,0,0,0,0,0,0,0,0,0,0,0,0,0,0,0,0,0,0,0,0,0,0,0,0,0
industry_and_mining,0,1,accion,trajgroup_8-trajmax_steel_heat_biomass,,,,1,1,0,0,0,0,0,0,0,0,0,0,0,0,0,0,0,0.001638095,0.002672363,0.004330901,0.006945316,0.010957205,0.016866479,0.02506554,0.035546099,0.047623795,0.05998596,0.071195134,0.080295715,0.087044287,0.091719868,0.094808715,0.09678567,0.098025437,0.09879299,0.099264418,0.099552552,0.09972813
industry_and_mining,1,0,accion,trajgroup_8-trajmax_steel_heat_biomass,,,,1,1,0,0,0,0,0,0,0,0,0,0,0,0,0,0,0,0,0,0,0,0,0,0,0,0,0,0,0,0,0,0,0,0,0,0,0,0
industry_and_mining,1,1,accion,trajgroup_8-trajmax_steel_heat_biomass,,,,1,1,0,0,0,0,0,0,0,0,0,0,0,0,0,0,0,0.001638095,0.002672363,0.004330901,0.006945316,0.010957205,0.016866479,0.02506554,0.035546099,0.047623795,0.05998596,0.071195134,0.080295715,0.087044287,0.091719868,0.094808715,0.09678567,0.098025437,0.09879299,0.099264418,0.099552552,0.09972813
industry_and_mining,0,0,accion,trajgroup_8-trajmax_steel_heat_coal,,,,1,1,0.590900506,0.590900506,0.590900506,0.590900506,0.590900506,0.590900506,0.590900506,0.590900506,0.590900506,0.590900507,0.590900506,0.590900507,0.590900506,0.590900506,0.590900506,0.590900507,0.590900507,0.590900506,0.590900506,0.590900506,0.590900506,0.590900507,0.590900507,0.590900507,0.590900507,0.590900507,0.590900506,0.590900506,0.590900506,0.590900506,0.590900506,0.590900507,0.590900507,0.590900506,0.590900506,0.590900507
industry_and_mining,0,1,accion,trajgroup_8-trajmax_steel_heat_coal,,,,1,1,0.590900506,0.590900506,0.590900506,0.590900506,0.590900506,0.590900506,0.590900506,0.590900506,0.590900506,0.590900507,0.590900506,0.590900507,0.590900506,0.590900506,0.590900506,0.589262412,0.588228143,0.586569606,0.583955191,0.579943301,0.574034028,0.565834966,0.555354408,0.543276711,0.530914546,0.519705372,0.510604791,0.50385622,0.499180638,0.496091791,0.494114836,0.492875069,0.492107517,0.491636089,0.491347955,0.491172376
industry_and_mining,1,0,accion,trajgroup_8-trajmax_steel_heat_coal,,,,1,1,0.590900506,0.590900506,0.590900506,0.590900506,0.590900506,0.590900506,0.590900506,0.590900506,0.590900506,0.590900507,0.590900506,0.590900507,0.590900506,0.590900506,0.590900506,0.590900507,0.590900507,0.590900506,0.590900506,0.590900506,0.590900506,0.590900507,0.590900507,0.590900507,0.590900507,0.590900507,0.590900506,0.590900506,0.590900506,0.590900506,0.590900506,0.590900507,0.590900507,0.590900506,0.590900506,0.590900507
industry_and_mining,1,1,accion,trajgroup_8-trajmax_steel_heat_coal,,,,1,1,0.590900506,0.590900506,0.590900506,0.590900506,0.590900506,0.590900506,0.590900506,0.590900506,0.590900506,0.590900507,0.590900506,0.590900507,0.590900506,0.590900506,0.590900506,0.589262412,0.588228143,0.586569606,0.583955191,0.579943301,0.574034028,0.565834966,0.555354408,0.543276711,0.530914546,0.519705372,0.510604791,0.50385622,0.499180638,0.496091791,0.494114836,0.492875069,0.492107517,0.491636089,0.491347955,0.491172376
industry_and_mining,0,0,accion,trajgroup_8-trajmax_steel_heat_coke,,,,1,1,0.399395241,0.399395241,0.399395241,0.399395241,0.399395241,0.399395241,0.399395241,0.399395241,0.399395241,0.399395241,0.399395241,0.399395241,0.399395241,0.399395241,0.399395241,0.399395242,0.399395241,0.399395241,0.399395241,0.399395241,0.399395241,0.399395241,0.399395242,0.399395242,0.399395242,0.399395242,0.399395241,0.399395241,0.399395241,0.399395241,0.399395241,0.399395241,0.399395241,0.399395241,0.399395241,0.399395242
industry_and_mining,0,1,accion,trajgroup_8-trajmax_steel_heat_coke,,,,1,1,0.399395241,0.399395241,0.399395241,0.399395241,0.399395241,0.399395241,0.399395241,0.399395241,0.399395241,0.399395241,0.399395241,0.399395241,0.399395241,0.399395241,0.399395241,0.397757147,0.396722878,0.395064341,0.392449925,0.388438036,0.382528762,0.374329701,0.363849143,0.351771446,0.339409281,0.328200107,0.319099526,0.312350955,0.307675373,0.304586526,0.302609571,0.301369804,0.300602252,0.300130824,0.29984269,0.299667111
industry_and_mining,1,0,accion,trajgroup_8-trajmax_steel_heat_coke,,,,1,1,0.399395241,0.399395241,0.399395241,0.399395241,0.399395241,0.399395241,0.399395241,0.399395241,0.399395241,0.399395241,0.399395241,0.399395241,0.399395241,0.399395241,0.399395241,0.399395242,0.399395241,0.399395241,0.399395241,0.399395241,0.399395241,0.399395241,0.399395242,0.399395242,0.399395242,0.399395242,0.399395241,0.399395241,0.399395241,0.399395241,0.399395241,0.399395241,0.399395241,0.399395241,0.399395241,0.399395242
industry_and_mining,1,1,accion,trajgroup_8-trajmax_steel_heat_coke,,,,1,1,0.399395241,0.399395241,0.399395241,0.399395241,0.399395241,0.399395241,0.399395241,0.399395241,0.399395241,0.399395241,0.399395241,0.399395241,0.399395241,0.399395241,0.399395241,0.397757147,0.396722878,0.395064341,0.392449925,0.388438036,0.382528762,0.374329701,0.363849143,0.351771446,0.339409281,0.328200107,0.319099526,0.312350955,0.307675373,0.304586526,0.302609571,0.301369804,0.300602252,0.300130824,0.29984269,0.299667111
industry_and_mining,0,0,accion,trajgroup_8-trajmax_steel_heat_hydrogen,,,,1,1,0,0,0,0,0,0,0,0,0,0,0,0,0,0,0,0,0,0,0,0,0,0,0,0,0,0,0,0,0,0,0,0,0,0,0,0
industry_and_mining,0,1,accion,trajgroup_8-trajmax_steel_heat_hydrogen,,,,1,1,0,0,0,0,0,0,0,0,0,0,0,0,0,0,0,0.001638095,0.002672363,0.004330901,0.006945316,0.010957205,0.016866479,0.02506554,0.035546099,0.047623795,0.05998596,0.071195134,0.080295715,0.087044287,0.091719868,0.094808715,0.09678567,0.098025437,0.09879299,0.099264418,0.099552552,0.09972813
industry_and_mining,1,0,accion,trajgroup_8-trajmax_steel_heat_hydrogen,,,,1,1,0,0,0,0,0,0,0,0,0,0,0,0,0,0,0,0,0,0,0,0,0,0,0,0,0,0,0,0,0,0,0,0,0,0,0,0
industry_and_mining,1,1,accion,trajgroup_8-trajmax_steel_heat_hydrogen,,,,1,1,0,0,0,0,0,0,0,0,0,0,0,0,0,0,0,0.001638095,0.002672363,0.004330901,0.006945316,0.010957205,0.016866479,0.02506554,0.035546099,0.047623795,0.05998596,0.071195134,0.080295715,0.087044287,0.091719868,0.094808715,0.09678567,0.098025437,0.09879299,0.099264418,0.099552552,0.09972813
industry_and_mining,0,0,incertidumbre,trajgroup_8-trajmin_steel_heat_biomass,,,,1,1,0,0,0,0,0,0,0,0,0,0,0,0,0,0,0,0,0,0,0,0,0,0,0,0,0,0,0,0,0,0,0,0,0,0,0,0
industry_and_mining,0,1,incertidumbre,trajgroup_8-trajmin_steel_heat_biomass,,,,1,1,0,0,0,0,0,0,0,0,0,0,0,0,0,0,0,0,0,0,0,0,0,0,0,0,0,0,0,0,0,0,0,0,0,0,0,0
industry_and_mining,1,0,incertidumbre,trajgroup_8-trajmin_steel_heat_biomass,,,,1,1,0,0,0,0,0,0,0,0,0,0,0,0,0,0,0,0,0,0,0,0,0,0,0,0,0,0,0,0,0,0,0,0,0,0,0,0
industry_and_mining,1,1,incertidumbre,trajgroup_8-trajmin_steel_heat_biomass,,,,1,1,0,0,0,0,0,0,0,0,0,0,0,0,0,0,0,0,0,0,0,0,0,0,0,0,0,0,0,0,0,0,0,0,0,0,0,0
industry_and_mining,0,0,incertidumbre,trajgroup_8-trajmin_steel_heat_coal,,,,1,1,0.590900506,0.590900506,0.590900506,0.590900506,0.590900506,0.590900506,0.590900506,0.590900506,0.590900506,0.590900507,0.590900506,0.590900507,0.590900506,0.590900506,0.590900506,0.590900507,0.590900507,0.590900506,0.590900506,0.590900506,0.590900506,0.590900507,0.590900507,0.590900507,0.590900507,0.590900507,0.590900506,0.590900506,0.590900506,0.590900506,0.590900506,0.590900507,0.590900507,0.590900506,0.590900506,0.590900507
industry_and_mining,0,1,incertidumbre,trajgroup_8-trajmin_steel_heat_coal,,,,1,1,0.590900506,0.590900506,0.590900506,0.590900506,0.590900506,0.590900506,0.590900506,0.590900506,0.590900506,0.590900507,0.590900506,0.590900507,0.590900506,0.590900506,0.590900506,0.590900507,0.590900507,0.590900506,0.590900506,0.590900506,0.590900506,0.590900507,0.590900507,0.590900507,0.590900507,0.590900507,0.590900506,0.590900506,0.590900506,0.590900506,0.590900506,0.590900507,0.590900507,0.590900506,0.590900506,0.590900507
industry_and_mining,1,0,incertidumbre,trajgroup_8-trajmin_steel_heat_coal,,,,1,1,0.590900506,0.590900506,0.590900506,0.590900506,0.590900506,0.590900506,0.590900506,0.590900506,0.590900506,0.590900507,0.590900506,0.590900507,0.590900506,0.590900506,0.590900506,0.590900507,0.590900507,0.590900506,0.590900506,0.590900506,0.590900506,0.590900507,0.590900507,0.590900507,0.590900507,0.590900507,0.590900506,0.590900506,0.590900506,0.590900506,0.590900506,0.590900507,0.590900507,0.590900506,0.590900506,0.590900507
industry_and_mining,1,1,incertidumbre,trajgroup_8-trajmin_steel_heat_coal,,,,1,1,0.590900506,0.590900506,0.590900506,0.590900506,0.590900506,0.590900506,0.590900506,0.590900506,0.590900506,0.590900507,0.590900506,0.590900507,0.590900506,0.590900506,0.590900506,0.590900507,0.590900507,0.590900506,0.590900506,0.590900506,0.590900506,0.590900507,0.590900507,0.590900507,0.590900507,0.590900507,0.590900506,0.590900506,0.590900506,0.590900506,0.590900506,0.590900507,0.590900507,0.590900506,0.590900506,0.590900507
industry_and_mining,0,0,incertidumbre,trajgroup_8-trajmin_steel_heat_coke,,,,1,1,0.399395241,0.399395241,0.399395241,0.399395241,0.399395241,0.399395241,0.399395241,0.399395241,0.399395241,0.399395241,0.399395241,0.399395241,0.399395241,0.399395241,0.399395241,0.399395242,0.399395241,0.399395241,0.399395241,0.399395241,0.399395241,0.399395241,0.399395242,0.399395242,0.399395242,0.399395242,0.399395241,0.399395241,0.399395241,0.399395241,0.399395241,0.399395241,0.399395241,0.399395241,0.399395241,0.399395242
industry_and_mining,0,1,incertidumbre,trajgroup_8-trajmin_steel_heat_coke,,,,1,1,0.399395241,0.399395241,0.399395241,0.399395241,0.399395241,0.399395241,0.399395241,0.399395241,0.399395241,0.399395241,0.399395241,0.399395241,0.399395241,0.399395241,0.399395241,0.399395242,0.399395241,0.399395241,0.399395241,0.399395241,0.399395241,0.399395241,0.399395242,0.399395242,0.399395242,0.399395242,0.399395241,0.399395241,0.399395241,0.399395241,0.399395241,0.399395241,0.399395241,0.399395241,0.399395241,0.399395242
industry_and_mining,1,0,incertidumbre,trajgroup_8-trajmin_steel_heat_coke,,,,1,1,0.399395241,0.399395241,0.399395241,0.399395241,0.399395241,0.399395241,0.399395241,0.399395241,0.399395241,0.399395241,0.399395241,0.399395241,0.399395241,0.399395241,0.399395241,0.399395242,0.399395241,0.399395241,0.399395241,0.399395241,0.399395241,0.399395241,0.399395242,0.399395242,0.399395242,0.399395242,0.399395241,0.399395241,0.399395241,0.399395241,0.399395241,0.399395241,0.399395241,0.399395241,0.399395241,0.399395242
industry_and_mining,1,1,incertidumbre,trajgroup_8-trajmin_steel_heat_coke,,,,1,1,0.399395241,0.399395241,0.399395241,0.399395241,0.399395241,0.399395241,0.399395241,0.399395241,0.399395241,0.399395241,0.399395241,0.399395241,0.399395241,0.399395241,0.399395241,0.399395242,0.399395241,0.399395241,0.399395241,0.399395241,0.399395241,0.399395241,0.399395242,0.399395242,0.399395242,0.399395242,0.399395241,0.399395241,0.399395241,0.399395241,0.399395241,0.399395241,0.399395241,0.399395241,0.399395241,0.399395242
industry_and_mining,0,0,incertidumbre,trajgroup_8-trajmin_steel_heat_hydrogen,,,,1,1,0,0,0,0,0,0,0,0,0,0,0,0,0,0,0,0,0,0,0,0,0,0,0,0,0,0,0,0,0,0,0,0,0,0,0,0
industry_and_mining,0,1,incertidumbre,trajgroup_8-trajmin_steel_heat_hydrogen,,,,1,1,0,0,0,0,0,0,0,0,0,0,0,0,0,0,0,0,0,0,0,0,0,0,0,0,0,0,0,0,0,0,0,0,0,0,0,0
industry_and_mining,1,0,incertidumbre,trajgroup_8-trajmin_steel_heat_hydrogen,,,,1,1,0,0,0,0,0,0,0,0,0,0,0,0,0,0,0,0,0,0,0,0,0,0,0,0,0,0,0,0,0,0,0,0,0,0,0,0
industry_and_mining,1,1,incertidumbre,trajgroup_8-trajmin_steel_heat_hydrogen,,,,1,1,0,0,0,0,0,0,0,0,0,0,0,0,0,0,0,0,0,0,0,0,0,0,0,0,0,0,0,0,0,0,0,0,0,0,0,0
industry_and_mining,0,0,incertidumbre,trajgroup_8-trajmix_steel_heat_biomass,,,1,1,1,0.00001,0.00001,0.00001,0.00001,0.00001,0.00001,0.00001,0.00001,0.00001,0.00001,0.00001,0.00001,0.00001,0.00001,0.00001,0.00001,0.00001,0.00001,0.00001,0.00001,0.00001,0.00001,0.00001,0.00001,0.00001,0.00001,0.00001,0.00001,0.00001,0.00001,0.00001,0.00001,0.00001,0.00001,0.00001,0.00001
industry_and_mining,0,1,incertidumbre,trajgroup_8-trajmix_steel_heat_biomass,,,1,1,1,0.00001,0.00001,0.00001,0.00001,0.00001,0.00001,0.00001,0.00001,0.00001,0.00001,0.00001,0.00001,0.00001,0.00001,0.00001,0.00001,0.00001,0.00001,0.00001,0.00001,0.00001,0.00001,0.00001,0.00001,0.00001,0.00001,0.00001,0.00001,0.00001,0.00001,0.00001,0.00001,0.00001,0.00001,0.00001,0.00001
industry_and_mining,1,0,incertidumbre,trajgroup_8-trajmix_steel_heat_biomass,,,1,1,1,0.00001,0.00001,0.00001,0.00001,0.00001,0.00001,0.00001,0.00001,0.00001,0.00001,0.00001,0.00001,0.00001,0.00001,0.00001,0.00001,0.00001,0.00001,0.00001,0.00001,0.00001,0.00001,0.00001,0.00001,0.00001,0.00001,0.00001,0.00001,0.00001,0.00001,0.00001,0.00001,0.00001,0.00001,0.00001,0.00001
industry_and_mining,1,1,incertidumbre,trajgroup_8-trajmix_steel_heat_biomass,,,1,1,1,0.00001,0.00001,0.00001,0.00001,0.00001,0.00001,0.00001,0.00001,0.00001,0.00001,0.00001,0.00001,0.00001,0.00001,0.00001,0.00001,0.00001,0.00001,0.00001,0.00001,0.00001,0.00001,0.00001,0.00001,0.00001,0.00001,0.00001,0.00001,0.00001,0.00001,0.00001,0.00001,0.00001,0.00001,0.00001,0.00001
industry_and_mining,0,0,incertidumbre,trajgroup_8-trajmix_steel_heat_coal,,,1,1,1,0.00001,0.00001,0.00001,0.00001,0.00001,0.00001,0.00001,0.00001,0.00001,0.00001,0.00001,0.00001,0.00001,0.00001,0.00001,0.00001,0.00001,0.00001,0.00001,0.00001,0.00001,0.00001,0.00001,0.00001,0.00001,0.00001,0.00001,0.00001,0.00001,0.00001,0.00001,0.00001,0.00001,0.00001,0.00001,0.00001
industry_and_mining,0,1,incertidumbre,trajgroup_8-trajmix_steel_heat_coal,,,1,1,1,0.00001,0.00001,0.00001,0.00001,0.00001,0.00001,0.00001,0.00001,0.00001,0.00001,0.00001,0.00001,0.00001,0.00001,0.00001,0.00001,0.00001,0.00001,0.00001,0.00001,0.00001,0.00001,0.00001,0.00001,0.00001,0.00001,0.00001,0.00001,0.00001,0.00001,0.00001,0.00001,0.00001,0.00001,0.00001,0.00001
industry_and_mining,1,0,incertidumbre,trajgroup_8-trajmix_steel_heat_coal,,,1,1,1,0.00001,0.00001,0.00001,0.00001,0.00001,0.00001,0.00001,0.00001,0.00001,0.00001,0.00001,0.00001,0.00001,0.00001,0.00001,0.00001,0.00001,0.00001,0.00001,0.00001,0.00001,0.00001,0.00001,0.00001,0.00001,0.00001,0.00001,0.00001,0.00001,0.00001,0.00001,0.00001,0.00001,0.00001,0.00001,0.00001
industry_and_mining,1,1,incertidumbre,trajgroup_8-trajmix_steel_heat_coal,,,1,1,1,0.00001,0.00001,0.00001,0.00001,0.00001,0.00001,0.00001,0.00001,0.00001,0.00001,0.00001,0.00001,0.00001,0.00001,0.00001,0.00001,0.00001,0.00001,0.00001,0.00001,0.00001,0.00001,0.00001,0.00001,0.00001,0.00001,0.00001,0.00001,0.00001,0.00001,0.00001,0.00001,0.00001,0.00001,0.00001,0.00001
industry_and_mining,0,0,incertidumbre,trajgroup_8-trajmix_steel_heat_coke,,,1,1,1,0.00001,0.00001,0.00001,0.00001,0.00001,0.00001,0.00001,0.00001,0.00001,0.00001,0.00001,0.00001,0.00001,0.00001,0.00001,0.00001,0.00001,0.00001,0.00001,0.00001,0.00001,0.00001,0.00001,0.00001,0.00001,0.00001,0.00001,0.00001,0.00001,0.00001,0.00001,0.00001,0.00001,0.00001,0.00001,0.00001
industry_and_mining,0,1,incertidumbre,trajgroup_8-trajmix_steel_heat_coke,,,1,1,1,0.00001,0.00001,0.00001,0.00001,0.00001,0.00001,0.00001,0.00001,0.00001,0.00001,0.00001,0.00001,0.00001,0.00001,0.00001,0.00001,0.00001,0.00001,0.00001,0.00001,0.00001,0.00001,0.00001,0.00001,0.00001,0.00001,0.00001,0.00001,0.00001,0.00001,0.00001,0.00001,0.00001,0.00001,0.00001,0.00001
industry_and_mining,1,0,incertidumbre,trajgroup_8-trajmix_steel_heat_coke,,,1,1,1,0.00001,0.00001,0.00001,0.00001,0.00001,0.00001,0.00001,0.00001,0.00001,0.00001,0.00001,0.00001,0.00001,0.00001,0.00001,0.00001,0.00001,0.00001,0.00001,0.00001,0.00001,0.00001,0.00001,0.00001,0.00001,0.00001,0.00001,0.00001,0.00001,0.00001,0.00001,0.00001,0.00001,0.00001,0.00001,0.00001
industry_and_mining,1,1,incertidumbre,trajgroup_8-trajmix_steel_heat_coke,,,1,1,1,0.00001,0.00001,0.00001,0.00001,0.00001,0.00001,0.00001,0.00001,0.00001,0.00001,0.00001,0.00001,0.00001,0.00001,0.00001,0.00001,0.00001,0.00001,0.00001,0.00001,0.00001,0.00001,0.00001,0.00001,0.00001,0.00001,0.00001,0.00001,0.00001,0.00001,0.00001,0.00001,0.00001,0.00001,0.00001,0.00001
industry_and_mining,0,0,incertidumbre,trajgroup_8-trajmix_steel_heat_hydrogen,,,1,1,1,0.00001,0.00001,0.00001,0.00001,0.00001,0.00001,0.00001,0.00001,0.00001,0.00001,0.00001,0.00001,0.00001,0.00001,0.00001,0.00001,0.00001,0.00001,0.00001,0.00001,0.00001,0.00001,0.00001,0.00001,0.00001,0.00001,0.00001,0.00001,0.00001,0.00001,0.00001,0.00001,0.00001,0.00001,0.00001,0.00001
industry_and_mining,0,1,incertidumbre,trajgroup_8-trajmix_steel_heat_hydrogen,,,1,1,1,0.00001,0.00001,0.00001,0.00001,0.00001,0.00001,0.00001,0.00001,0.00001,0.00001,0.00001,0.00001,0.00001,0.00001,0.00001,0.00001,0.00001,0.00001,0.00001,0.00001,0.00001,0.00001,0.00001,0.00001,0.00001,0.00001,0.00001,0.00001,0.00001,0.00001,0.00001,0.00001,0.00001,0.00001,0.00001,0.00001
industry_and_mining,1,0,incertidumbre,trajgroup_8-trajmix_steel_heat_hydrogen,,,1,1,1,0.00001,0.00001,0.00001,0.00001,0.00001,0.00001,0.00001,0.00001,0.00001,0.00001,0.00001,0.00001,0.00001,0.00001,0.00001,0.00001,0.00001,0.00001,0.00001,0.00001,0.00001,0.00001,0.00001,0.00001,0.00001,0.00001,0.00001,0.00001,0.00001,0.00001,0.00001,0.00001,0.00001,0.00001,0.00001,0.00001
industry_and_mining,1,1,incertidumbre,trajgroup_8-trajmix_steel_heat_hydrogen,,,1,1,1,0.00001,0.00001,0.00001,0.00001,0.00001,0.00001,0.00001,0.00001,0.00001,0.00001,0.00001,0.00001,0.00001,0.00001,0.00001,0.00001,0.00001,0.00001,0.00001,0.00001,0.00001,0.00001,0.00001,0.00001,0.00001,0.00001,0.00001,0.00001,0.00001,0.00001,0.00001,0.00001,0.00001,0.00001,0.00001,0.00001
industry_and_mining,0,0,incertidumbre,trajmax_copper_production,,,,1,1,5504,5504,5504,5832,5822,6521,6548,6704,7124,7490,8046,8169,8307,8524,8391,8198,8197,8359,8522,8686,8851,9018,9186,9355,9524,9695,9867,10040,10213,10387,10562,10738,10914,11091,11268,11446
industry_and_mining,0,1,incertidumbre,trajmax_copper_production,,,,1,1,5504,5504,5504,5832,5822,6521,6548,6704,7124,7490,8046,8169,8307,8524,8391,8198,8197,8359,8522,8686,8851,9018,9186,9355,9524,9695,9867,10040,10213,10387,10562,10738,10914,11091,11268,11446
industry_and_mining,1,0,incertidumbre,trajmax_copper_production,,,,1,1,5504,5504,5504,5832,5822,6521,6548,6704,7124,7490,8046,8169,8307,8524,8391,8198,8197,8359,8522,8686,8851,9018,9186,9355,9524,9695,9867,10040,10213,10387,10562,10738,10914,11091,11268,11446
industry_and_mining,1,1,incertidumbre,trajmax_copper_production,,,,1,1,5504,5504,5504,5832,5822,6521,6548,6704,7124,7490,8046,8169,8307,8524,8391,8198,8197,8359,8522,8686,8851,9018,9186,9355,9524,9695,9867,10040,10213,10387,10562,10738,10914,11091,11268,11446
industry_and_mining,0,0,incertidumbre,trajmin_copper_production,,,,1,1,5504,5504,5504,5832,5822,5401,5411,5520,5824,5824,5824,5824,5824,5824,5824,5911,5881,5917,5954,5990,6026,6062,6099,6135,6171,6208,6244,6280,6316,6353,6389,6425,6461,6498,6534,6570
industry_and_mining,0,1,incertidumbre,trajmin_copper_production,,,,1,1,5504,5504,5504,5832,5822,5401,5411,5520,5824,5824,5824,5824,5824,5824,5824,5911,5881,5917,5954,5990,6026,6062,6099,6135,6171,6208,6244,6280,6316,6353,6389,6425,6461,6498,6534,6570
industry_and_mining,1,0,incertidumbre,trajmin_copper_production,,,,1,1,5504,5504,5504,5832,5822,5401,5411,5520,5824,5824,5824,5824,5824,5824,5824,5911,5881,5917,5954,5990,6026,6062,6099,6135,6171,6208,6244,6280,6316,6353,6389,6425,6461,6498,6534,6570
industry_and_mining,1,1,incertidumbre,trajmin_copper_production,,,,1,1,5504,5504,5504,5832,5822,5401,5411,5520,5824,5824,5824,5824,5824,5824,5824,5911,5881,5917,5954,5990,6026,6062,6099,6135,6171,6208,6244,6280,6316,6353,6389,6425,6461,6498,6534,6570
industry_and_mining,0,0,incertidumbre,trajmix_copper_production,,,1,0,9.501485377,0,0,0,0,0,0,0.830165435,0.692158352,0.302552668,0.311667267,0.177886779,0.048475805,0.019850217,0.171092552,0.19408882,0.195664626,0.221593471,0.210203179,0.199827097,0.190339644,0.181635096,0.173623812,0.166229289,0.159385842,0.153036762,0.147132832,0.141631135,0.136494073,0.131688576,0.127185436,0.122958764,0.118985532,0.11524519,0.111719341,0.108391468,0.105246702
industry_and_mining,0,1,incertidumbre,trajmix_copper_production,,,1,0,9.501485377,0,0,0,0,0,0,0.830165435,0.692158352,0.302552668,0.311667267,0.177886779,0.048475805,0.019850217,0.171092552,0.19408882,0.195664626,0.221593471,0.210203179,0.199827097,0.190339644,0.181635096,0.173623812,0.166229289,0.159385842,0.153036762,0.147132832,0.141631135,0.136494073,0.131688576,0.127185436,0.122958764,0.118985532,0.11524519,0.111719341,0.108391468,0.105246702
industry_and_mining,1,0,incertidumbre,trajmix_copper_production,,,1,0,9.501485377,0,0,0,0,0,0,0.830165435,0.692158352,0.302552668,0.311667267,0.177886779,0.048475805,0.019850217,0.171092552,0.19408882,0.195664626,0.221593471,0.210203179,0.199827097,0.190339644,0.181635096,0.173623812,0.166229289,0.159385842,0.153036762,0.147132832,0.141631135,0.136494073,0.131688576,0.127185436,0.122958764,0.118985532,0.11524519,0.111719341,0.108391468,0.105246702
industry_and_mining,1,1,incertidumbre,trajmix_copper_production,,,1,0,9.501485377,0,0,0,0,0,0,0.830165435,0.692158352,0.302552668,0.311667267,0.177886779,0.048475805,0.019850217,0.171092552,0.19408882,0.195664626,0.221593471,0.210203179,0.199827097,0.190339644,0.181635096,0.173623812,0.166229289,0.159385842,0.153036762,0.147132832,0.141631135,0.136494073,0.131688576,0.127185436,0.122958764,0.118985532,0.11524519,0.111719341,0.108391468,0.105246702
residential,0,0,incertidumbre,trajmax_residential_retrofit_house,,,,1,1,0,0,0,0,167112,337653,510792,685900,862845,1041558,1221991,1404157,1588001,1773476,1960547,2149167,2339378,2531150,2724434,2919182,3115351,3312881,3511735,3711874,3913240,4115795,4319498,4524302,4730171,4937066,5144945,5353772,5563506,5774104,5985533,6197750
residential,0,1,incertidumbre,trajmax_residential_retrofit_house,,,,1,1,0,0,0,0,167112,337653,510792,685900,862845,1041558,1221991,1404157,1588001,1773476,1960547,2149167,2339378,2531150,2724434,2919182,3115351,3312881,3511735,3711874,3913240,4115795,4319498,4524302,4730171,4937066,5144945,5353772,5563506,5774104,5985533,6197750
residential,1,0,incertidumbre,trajmax_residential_retrofit_house,,,,1,1,0,0,0,0,167112,337653,510792,685900,862845,1041558,1221991,1404157,1588001,1773476,1960547,2149167,2339378,2531150,2724434,2919182,3115351,3312881,3511735,3711874,3913240,4115795,4319498,4524302,4730171,4937066,5144945,5353772,5563506,5774104,5985533,6197750
residential,1,1,incertidumbre,trajmax_residential_retrofit_house,,,,1,1,0,0,0,0,167112,337653,510792,685900,862845,1041558,1221991,1404157,1588001,1773476,1960547,2149167,2339378,2531150,2724434,2919182,3115351,3312881,3511735,3711874,3913240,4115795,4319498,4524302,4730171,4937066,5144945,5353772,5563506,5774104,5985533,6197750
residential,0,0,accion,trajmin_residential_retrofit_house,,,,1,1,0,0,0,0,89945,181737,274926,369176,464414,485439,506666,528097,549726,571547,593555,615746,638123,660685,683424,706336,729414,752653,776048,799594,823284,847114,871079,895173,919393,943734,968190,992758,1017433,1042209,1067083,1092050
residential,0,1,accion,trajmin_residential_retrofit_house,,,,1,1,0,0,0,0,167112,337653,510792,685900,862845,1041558,1221991,1404157,1588001,1773476,1960547,2149167,2339378,2531150,2724434,2919182,3115351,3312881,3511735,3711874,3913240,4115795,4319498,4524302,4730171,4937066,5144945,5353772,5563506,5774104,5985533,6197750
residential,1,0,accion,trajmin_residential_retrofit_house,,,,1,1,0,0,0,0,89945,181737,274926,369176,464414,485439,506666,528097,549726,571547,593555,615746,638123,660685,683424,706336,729414,752653,776048,799594,823284,847114,871079,895173,919393,943734,968190,992758,1017433,1042209,1067083,1092050
residential,1,1,accion,trajmin_residential_retrofit_house,,,,1,1,0,0,0,0,167112,337653,510792,685900,862845,1041558,1221991,1404157,1588001,1773476,1960547,2149167,2339378,2531150,2724434,2919182,3115351,3312881,3511735,3711874,3913240,4115795,4319498,4524302,4730171,4937066,5144945,5353772,5563506,5774104,5985533,6197750
residential,0,0,accion,trajmix_residential_retrofit_house,,,,0,24.53508238,0,0,0,0,0.522292993,0.522292993,0.522292993,0.522292993,0.522292993,0.374196348,0.290914024,0.23753863,0.200426595,0.173136594,0.152230573,0.135708299,0.122320305,0.111254629,0.101958308,0.094040861,0.087218555,0.081281024,0.076067878,0.071455331,0.067346557,0.063664186,0.060345902,0.057341024,0.054607736,0.052111351,0.04982288,0.047717788,0.045775319,0.043977718,0.04230966,0.040757964
residential,0,1,accion,trajmix_residential_retrofit_house,,,,0,1000,0,0,0,0,0,0,0,0,0,0,0,0,0,0,0,0,0,0,0,0,0,0,0,0,0,0,0,0,0,0,0,0,0,0,0,0.001
residential,1,0,accion,trajmix_residential_retrofit_house,,,,0,24.53508238,0,0,0,0,0.522292993,0.522292993,0.522292993,0.522292993,0.522292993,0.374196348,0.290914024,0.23753863,0.200426595,0.173136594,0.152230573,0.135708299,0.122320305,0.111254629,0.101958308,0.094040861,0.087218555,0.081281024,0.076067878,0.071455331,0.067346557,0.063664186,0.060345902,0.057341024,0.054607736,0.052111351,0.04982288,0.047717788,0.045775319,0.043977718,0.04230966,0.040757964
residential,1,1,accion,trajmix_residential_retrofit_house,,,,0,1000,0,0,0,0,0,0,0,0,0,0,0,0,0,0,0,0,0,0,0,0,0,0,0,0,0,0,0,0,0,0,0,0,0,0,0,0.001
transport,0,0,accion,trajgroup_9-trajmax_transport_frac_aviation_hydrogen,,,,1,1,0,0,0,0,0,0,0,0,0,0,0,0,0,0,0,0,0,0,0,0,0,0,0,0,0,0,0,0,0,0,0,0,0,0,0,0
transport,0,1,accion,trajgroup_9-trajmax_transport_frac_aviation_hydrogen,,,,1,1,0,0,0,0,0,0,0,0,0,0,0,0,0,0,0,0,0,0,0,0,0.00625,0.0125,0.01875,0.025,0.03125,0.0375,0.04375,0.05,0.05625,0.0625,0.06875,0.075,0.08125,0.0875,0.09375,0.1
transport,1,0,accion,trajgroup_9-trajmax_transport_frac_aviation_hydrogen,,,,1,1,0,0,0,0,0,0,0,0,0,0,0,0,0,0,0,0,0,0,0,0,0,0,0,0,0,0,0,0,0,0,0,0,0,0,0,0
transport,1,1,accion,trajgroup_9-trajmax_transport_frac_aviation_hydrogen,,,,1,1,0,0,0,0,0,0,0,0,0,0,0,0,0,0,0,0,0,0,0,0,0.00625,0.0125,0.01875,0.025,0.03125,0.0375,0.04375,0.05,0.05625,0.0625,0.06875,0.075,0.08125,0.0875,0.09375,0.1
transport,0,0,accion,trajgroup_9-trajmax_transport_frac_aviation_kerosene,,,,1,1,1,1,1,1,1,1,1,1,1,1,1,1,1,1,1,1,1,1,1,1,1,1,1,1,1,1,1,1,1,1,1,1,1,1,1,1
transport,0,1,accion,trajgroup_9-trajmax_transport_frac_aviation_kerosene,,,,1,1,1,1,1,1,1,1,1,1,1,1,1,1,1,1,1,1,1,1,1,1,0.99375,0.9875,0.98125,0.975,0.96875,0.9625,0.95625,0.95,0.94375,0.9375,0.93125,0.925,0.91875,0.9125,0.90625,0.9
transport,1,0,accion,trajgroup_9-trajmax_transport_frac_aviation_kerosene,,,,1,1,1,1,1,1,1,1,1,1,1,1,1,1,1,1,1,1,1,1,1,1,1,1,1,1,1,1,1,1,1,1,1,1,1,1,1,1
transport,1,1,accion,trajgroup_9-trajmax_transport_frac_aviation_kerosene,,,,1,1,1,1,1,1,1,1,1,1,1,1,1,1,1,1,1,1,1,1,1,1,0.99375,0.9875,0.98125,0.975,0.96875,0.9625,0.95625,0.95,0.94375,0.9375,0.93125,0.925,0.91875,0.9125,0.90625,0.9
transport,0,0,incertidumbre,trajgroup_9-trajmin_transport_frac_aviation_hydrogen,,,,1,1,0,0,0,0,0,0,0,0,0,0,0,0,0,0,0,0,0,0,0,0,0,0,0,0,0,0,0,0,0,0,0,0,0,0,0,0
transport,0,1,incertidumbre,trajgroup_9-trajmin_transport_frac_aviation_hydrogen,,,,1,1,0,0,0,0,0,0,0,0,0,0,0,0,0,0,0,0,0,0,0,0,0,0,0,0,0,0,0,0,0,0,0,0,0,0,0,0
transport,1,0,incertidumbre,trajgroup_9-trajmin_transport_frac_aviation_hydrogen,,,,1,1,0,0,0,0,0,0,0,0,0,0,0,0,0,0,0,0,0,0,0,0,0,0,0,0,0,0,0,0,0,0,0,0,0,0,0,0
transport,1,1,incertidumbre,trajgroup_9-trajmin_transport_frac_aviation_hydrogen,,,,1,1,0,0,0,0,0,0,0,0,0,0,0,0,0,0,0,0,0,0,0,0,0,0,0,0,0,0,0,0,0,0,0,0,0,0,0,0
transport,0,0,incertidumbre,trajgroup_9-trajmin_transport_frac_aviation_kerosene,,,,1,1,1,1,1,1,1,1,1,1,1,1,1,1,1,1,1,1,1,1,1,1,1,1,1,1,1,1,1,1,1,1,1,1,1,1,1,1
transport,0,1,incertidumbre,trajgroup_9-trajmin_transport_frac_aviation_kerosene,,,,1,1,1,1,1,1,1,1,1,1,1,1,1,1,1,1,1,1,1,1,1,1,1,1,1,1,1,1,1,1,1,1,1,1,1,1,1,1
transport,1,0,incertidumbre,trajgroup_9-trajmin_transport_frac_aviation_kerosene,,,,1,1,1,1,1,1,1,1,1,1,1,1,1,1,1,1,1,1,1,1,1,1,1,1,1,1,1,1,1,1,1,1,1,1,1,1,1,1
transport,1,1,incertidumbre,trajgroup_9-trajmin_transport_frac_aviation_kerosene,,,,1,1,1,1,1,1,1,1,1,1,1,1,1,1,1,1,1,1,1,1,1,1,1,1,1,1,1,1,1,1,1,1,1,1,1,1,1,1
transport,0,0,incertidumbre,trajgroup_9-trajmix_transport_frac_aviation_hydrogen,,,1,1,1,0.00001,0.00001,0.00001,0.00001,0.00001,0.00001,0.00001,0.00001,0.00001,0.00001,0.00001,0.00001,0.00001,0.00001,0.00001,0.00001,0.00001,0.00001,0.00001,0.00001,0.00001,0.00001,0.00001,0.00001,0.00001,0.00001,0.00001,0.00001,0.00001,0.00001,0.00001,0.00001,0.00001,0.00001,0.00001,0.00001
transport,0,1,incertidumbre,trajgroup_9-trajmix_transport_frac_aviation_hydrogen,,,1,1,1,0.00001,0.00001,0.00001,0.00001,0.00001,0.00001,0.00001,0.00001,0.00001,0.00001,0.00001,0.00001,0.00001,0.00001,0.00001,0.00001,0.00001,0.00001,0.00001,0.00001,0.00001,0.00001,0.00001,0.00001,0.00001,0.00001,0.00001,0.00001,0.00001,0.00001,0.00001,0.00001,0.00001,0.00001,0.00001,0.00001
transport,1,0,incertidumbre,trajgroup_9-trajmix_transport_frac_aviation_hydrogen,,,1,1,1,0.00001,0.00001,0.00001,0.00001,0.00001,0.00001,0.00001,0.00001,0.00001,0.00001,0.00001,0.00001,0.00001,0.00001,0.00001,0.00001,0.00001,0.00001,0.00001,0.00001,0.00001,0.00001,0.00001,0.00001,0.00001,0.00001,0.00001,0.00001,0.00001,0.00001,0.00001,0.00001,0.00001,0.00001,0.00001,0.00001
transport,1,1,incertidumbre,trajgroup_9-trajmix_transport_frac_aviation_hydrogen,,,1,1,1,0.00001,0.00001,0.00001,0.00001,0.00001,0.00001,0.00001,0.00001,0.00001,0.00001,0.00001,0.00001,0.00001,0.00001,0.00001,0.00001,0.00001,0.00001,0.00001,0.00001,0.00001,0.00001,0.00001,0.00001,0.00001,0.00001,0.00001,0.00001,0.00001,0.00001,0.00001,0.00001,0.00001,0.00001,0.00001,0.00001
transport,0,0,accion,trajgroup_9-trajmix_transport_frac_aviation_kerosene,,,1,1,1,0,0,0,0,0,0,0,0,0,0,0,0,0,0,0,0,0,0,0,0,0,0,0,0,0,0,0,0,0,0,0,0,0,0,0,0
transport,0,1,accion,trajgroup_9-trajmix_transport_frac_aviation_kerosene,,,1,1,1,1,1,1,1,1,1,1,1,1,1,1,1,1,1,1,1,1,1,1,1,1,1,1,1,1,1,1,1,1,1,1,1,1,1,1,1
transport,1,0,accion,trajgroup_9-trajmix_transport_frac_aviation_kerosene,,,1,1,1,0,0,0,0,0,0,0,0,0,0,0,0,0,0,0,0,0,0,0,0,0,0,0,0,0,0,0,0,0,0,0,0,0,0,0,0
transport,1,1,accion,trajgroup_9-trajmix_transport_frac_aviation_kerosene,,,1,1,1,1,1,1,1,1,1,1,1,1,1,1,1,1,1,1,1,1,1,1,1,1,1,1,1,1,1,1,1,1,1,1,1,1,1,1,1
transport,0,0,incertidumbre,transport_modal_split_private_to_bus,,,,0,1.1,0,0,0,0,0,0,0.003333333,0.006666667,0.01,0.013333333,0.016666667,0.02,0.023333333,0.026666667,0.03,0.033333333,0.036666667,0.04,0.043333333,0.046666667,0.05,0.053333333,0.056666667,0.06,0.063333333,0.066666667,0.07,0.073333333,0.076666667,0.08,0.083333333,0.086666667,0.09,0.093333333,0.096666667,0.1
transport,0,1,incertidumbre,transport_modal_split_private_to_bus,,,,1,1.1,0,0,0,0,0,0,0.003333333,0.006666667,0.01,0.013333333,0.016666667,0.02,0.023333333,0.026666667,0.03,0.033333333,0.036666667,0.04,0.043333333,0.046666667,0.05,0.053333333,0.056666667,0.06,0.063333333,0.066666667,0.07,0.073333333,0.076666667,0.08,0.083333333,0.086666667,0.09,0.093333333,0.096666667,0.1
transport,1,0,incertidumbre,transport_modal_split_private_to_bus,,,,0,1.1,0,0,0,0,0,0,0.003333333,0.006666667,0.01,0.013333333,0.016666667,0.02,0.023333333,0.026666667,0.03,0.033333333,0.036666667,0.04,0.043333333,0.046666667,0.05,0.053333333,0.056666667,0.06,0.063333333,0.066666667,0.07,0.073333333,0.076666667,0.08,0.083333333,0.086666667,0.09,0.093333333,0.096666667,0.1
transport,1,1,incertidumbre,transport_modal_split_private_to_bus,,,,1,1.1,0,0,0,0,0,0,0.003333333,0.006666667,0.01,0.013333333,0.016666667,0.02,0.023333333,0.026666667,0.03,0.033333333,0.036666667,0.04,0.043333333,0.046666667,0.05,0.053333333,0.056666667,0.06,0.063333333,0.066666667,0.07,0.073333333,0.076666667,0.08,0.083333333,0.086666667,0.09,0.093333333,0.096666667,0.1
transport,0,0,incertidumbre,transport_modal_split_private_to_cycling,,,,0,1.1,0,0,0,0,0,0,0.003333333,0.006666667,0.01,0.013333333,0.016666667,0.02,0.023333333,0.026666667,0.03,0.033333333,0.036666667,0.04,0.043333333,0.046666667,0.05,0.053333333,0.056666667,0.06,0.063333333,0.066666667,0.07,0.073333333,0.076666667,0.08,0.083333333,0.086666667,0.09,0.093333333,0.096666667,0.1
transport,0,1,incertidumbre,transport_modal_split_private_to_cycling,,,,1,1.1,0,0,0,0,0,0,0.003333333,0.006666667,0.01,0.013333333,0.016666667,0.02,0.023333333,0.026666667,0.03,0.033333333,0.036666667,0.04,0.043333333,0.046666667,0.05,0.053333333,0.056666667,0.06,0.063333333,0.066666667,0.07,0.073333333,0.076666667,0.08,0.083333333,0.086666667,0.09,0.093333333,0.096666667,0.1
transport,1,0,incertidumbre,transport_modal_split_private_to_cycling,,,,0,1.1,0,0,0,0,0,0,0.003333333,0.006666667,0.01,0.013333333,0.016666667,0.02,0.023333333,0.026666667,0.03,0.033333333,0.036666667,0.04,0.043333333,0.046666667,0.05,0.053333333,0.056666667,0.06,0.063333333,0.066666667,0.07,0.073333333,0.076666667,0.08,0.083333333,0.086666667,0.09,0.093333333,0.096666667,0.1
transport,1,1,incertidumbre,transport_modal_split_private_to_cycling,,,,1,1.1,0,0,0,0,0,0,0.003333333,0.006666667,0.01,0.013333333,0.016666667,0.02,0.023333333,0.026666667,0.03,0.033333333,0.036666667,0.04,0.043333333,0.046666667,0.05,0.053333333,0.056666667,0.06,0.063333333,0.066666667,0.07,0.073333333,0.076666667,0.08,0.083333333,0.086666667,0.09,0.093333333,0.096666667,0.1
transport,0,0,incertidumbre,transport_modal_split_private_to_telework,,,,0,1.1,0,0,0,0,0,0,0.003333333,0.006666667,0.01,0.013333333,0.016666667,0.02,0.023333333,0.026666667,0.03,0.033333333,0.036666667,0.04,0.043333333,0.046666667,0.05,0.053333333,0.056666667,0.06,0.063333333,0.066666667,0.07,0.073333333,0.076666667,0.08,0.083333333,0.086666667,0.09,0.093333333,0.096666667,0.1
transport,0,1,incertidumbre,transport_modal_split_private_to_telework,,,,1,1.1,0,0,0,0,0,0,0.003333333,0.006666667,0.01,0.013333333,0.016666667,0.02,0.023333333,0.026666667,0.03,0.033333333,0.036666667,0.04,0.043333333,0.046666667,0.05,0.053333333,0.056666667,0.06,0.063333333,0.066666667,0.07,0.073333333,0.076666667,0.08,0.083333333,0.086666667,0.09,0.093333333,0.096666667,0.1
transport,1,0,incertidumbre,transport_modal_split_private_to_telework,,,,0,1.1,0,0,0,0,0,0,0.003333333,0.006666667,0.01,0.013333333,0.016666667,0.02,0.023333333,0.026666667,0.03,0.033333333,0.036666667,0.04,0.043333333,0.046666667,0.05,0.053333333,0.056666667,0.06,0.063333333,0.066666667,0.07,0.073333333,0.076666667,0.08,0.083333333,0.086666667,0.09,0.093333333,0.096666667,0.1
transport,1,1,incertidumbre,transport_modal_split_private_to_telework,,,,1,1.1,0,0,0,0,0,0,0.003333333,0.006666667,0.01,0.013333333,0.016666667,0.02,0.023333333,0.026666667,0.03,0.033333333,0.036666667,0.04,0.043333333,0.046666667,0.05,0.053333333,0.056666667,0.06,0.063333333,0.066666667,0.07,0.073333333,0.076666667,0.08,0.083333333,0.086666667,0.09,0.093333333,0.096666667,0.1