costo_funcion_objetivo,    22653.24
costo_inversion_generacion,     7129.98
costo_inversion_otros_sectores,        0.00
costo_inversion_otros_sectores_aux,        0.00
costo_inversion_tx,        0.00
costo_inversion_alm,      367.61
coma_generacion,     2078.33
coma_otros_sectores,        0.00
coma_tx,        0.00
costo_operacion_otros_sectores,        0.00
costo_operacion_generacion,    11263.15
costo_impuesto_otros_sectores,        0.00
costo_impuesto_generacion,     1814.11
costo_offset,        0.00
costo_penalizacion_perdidas,        0.06
costo_penalizacion_falla,        0.00
