costo_inversion_generacion,    30558.80
costo_inversion_otros_sectores,        0.00
costo_inversion_otros_sectores_aux,        0.00
costo_inversion_tx,        0.00
costo_inversion_alm,     1480.77
coma_generacion,     8503.58
coma_otros_sectores,        0.00
coma_tx,        0.00
costo_operacion_otros_sectores,        0.00
costo_operacion_generacion,    22375.69
costo_impuesto_otros_sectores,        0.00
costo_impuesto_generacion,     3114.10
costo_offset,        0.00
costo_penalizacion_perdidas,        0.06
costo_penalizacion_falla,        0.00
