Proceso,ID,ID_Sector,ID_Producto,Tipo ,Capacidad_Instalada,Fplanta,Estado,Agno_ini,Agno_fin,Vutil,Zona,ID_Curva,ID_Tecnologia,ID_Ener,ID_Precio_energ,ConEsp,Cvar_no,Fcal,Fprecio,ID_Barra,Es_ERNC,ID_Zona_ERNC,Pmin,Regula,ConPropio,Inercia,Reserva_Primaria,Reserva_Secundaria,Impuesto,SPT,ID_Seg_Tran,Creditos
LOS_CONDORES,1,8,14,1,150.0,0,1,2000,2100,25,1,0,13,25,0,0.0,0.0,0.0,1.0,2,0,0,0.0,0,0.0,0,0,0,0,1,0,1
LA_MINA,2,8,14,1,34.0,0,1,2000,2100,25,1,0,13,25,0,0.0,0.0,0.0,1.0,2,0,0,0.0,0,0.15,0,0,0,0,1,0,1
CIPRESES,3,8,14,1,105.0,0,1,2000,2100,25,1,0,12,25,0,0.0,0.0,0.0,1.0,2,0,0,0.0,1,0.0,3,0,0,0,1,0,1
OJOSDEAGUA,4,8,14,1,9.0,0,1,2000,2100,25,1,0,13,25,0,0.0,0.0,0.0,1.0,2,0,0,0.0,0,0.0,0,0,0,0,1,0,1
ISLA,5,8,14,1,69.0,0,1,2000,2100,25,1,0,13,25,0,0.0,0.0,0.0,1.0,2,0,0,0.0,0,0.014493,0,0,0,0,1,0,1
CURILLINQUE,6,8,14,1,87.0,0,1,2000,2100,25,1,0,13,25,0,0.0,0.0,0.0,1.0,2,0,0,0.0,0,0.022472,0,0,0,0,1,0,1
LOMAALTA,7,8,14,1,39.0,0,1,2000,2100,25,1,0,13,25,0,0.0,0.0,0.0,1.0,2,0,0,0.0,0,0.025641,0,0,0,0,1,0,1
LOS_HIERROS,8,8,14,1,25.06,0,1,2000,2100,25,1,0,13,25,0,0.0,0.0,0.0,1.0,2,0,0,0.0,0,0.002394,0,0,0,0,1,0,1
LOS_HIERROS_2,9,8,14,1,6.0,0,1,2000,2100,25,1,0,13,25,0,0.0,0.0,0.0,1.0,2,0,0,0.0,0,0.0,0,0,0,0,1,0,1
ANCOA,10,8,14,1,24.66,0,1,2000,2100,25,1,0,13,25,0,0.0,0.0,0.0,1.0,2,0,0,0.0,0,0.086815,0,0,0,0,1,0,1
ROBLERIA,11,8,14,1,4.0,0,1,2000,2100,25,1,0,13,25,0,0.0,0.0,0.0,1.0,2,0,0,0.0,0,0.0025,0,0,0,0,1,0,1
PEHUENCHE,12,8,14,1,550.0,0,1,2000,2100,25,1,0,12,25,0,0.0,0.0,0.0,1.0,2,0,0,0.0,1,0.168255,3,0,0,0,1,0,1
COLBUN,13,8,14,1,457.0,0,1,2000,2100,25,1,0,12,25,0,0.0,0.0,0.0,1.0,2,0,0,0.0,1,0.177746,3,0,0,0,1,0,1
CHIBURGO,14,8,14,1,19.4,0,1,2000,2100,25,1,0,13,25,0,0.0,0.0,0.0,1.0,2,0,0,0.0,0,0.0,0,0,0,0,1,0,1
SAN_CLEMENTE,15,8,14,1,5.5,0,1,2000,2100,25,1,0,13,25,0,0.0,0.0,0.0,1.0,2,0,0,0.0,0,0.018182,0,0,0,0,1,0,1
MACHICURA,16,8,14,1,90.0,0,1,2000,2100,25,1,0,13,25,0,0.0,0.0,0.0,1.0,2,0,0,0.0,0,0.072165,0,0,0,0,1,0,1
SANIGNACIO,17,8,14,1,36.0,0,1,2000,2100,25,1,0,13,25,0,0.0,0.0,0.0,1.0,2,0,0,0.0,0,0.027027,0,0,0,0,1,0,1
ELTORO,18,8,14,1,450.0,0,1,2000,2100,25,1,0,12,25,0,0.0,0.0,0.0,1.0,2,0,0,0.0,1,0.183089,3,0,0,0,1,0,1
ABANICO,19,8,14,1,136.0,0,1,2000,2100,25,1,0,13,25,0,0.0,0.0,0.0,1.0,2,0,0,0.0,0,0.0,0,0,0,0,1,0,1
ANTUCO,20,8,14,1,320.0,0,1,2000,2100,25,1,0,13,25,0,0.0,0.0,0.0,1.0,2,0,0,0.0,0,0.0,0,0,0,0,1,0,1
RUCUE,21,8,14,1,178.4,0,1,2000,2100,25,1,0,13,25,0,0.0,0.0,0.0,1.0,2,0,0,0.0,0,0.052691,0,0,0,0,1,0,1
QUILLECO,22,8,14,1,70.0,0,1,2000,2100,25,1,0,13,25,0,0.0,0.0,0.0,1.0,2,0,0,0.0,0,0.0,0,0,0,0,1,0,1
EL_DIUTO,23,8,14,1,3.25,0,1,2000,2100,25,1,0,13,25,0,0.0,0.0,0.0,1.0,2,0,0,0.0,0,0.012158,0,0,0,0,1,0,1
LAJA_I,24,8,14,1,34.3,0,1,2000,2100,25,1,0,13,25,0,0.0,0.0,0.0,1.0,2,0,0,0.0,0,0.0028,0,0,0,0,1,0,1
HORNITOS,25,8,14,1,55.0,0,1,2000,2100,25,1,0,13,25,0,0.0,0.0,0.0,1.0,2,0,0,0.0,0,0.0,0,0,0,0,1,0,1
JUNCAL,26,8,14,1,29.2,0,1,2000,2100,25,1,0,13,25,0,0.0,0.0,0.0,1.0,2,0,0,0.0,0,0.0875,0,0,0,0,1,0,1
BLANCO,27,8,14,1,57.0,0,1,2000,2100,25,1,0,13,25,0,0.0,0.0,0.0,1.0,2,0,0,0.0,0,0.0,0,0,0,0,1,0,1
LOSQUILOS,28,8,14,1,39.9,0,1,2000,2100,25,1,0,13,25,0,0.0,0.0,0.0,1.0,2,0,0,0.0,0,0.0025,0,0,0,0,1,0,1
CHACABUQUITO,29,8,14,1,25.7,0,1,2000,2100,25,1,0,13,25,0,0.0,0.0,0.0,1.0,2,0,0,0.0,0,0.027237,0,0,0,0,1,0,1
RAPEL,30,8,14,1,375.0,0,1,2000,2100,25,1,0,12,25,0,0.0,0.0,0.0,1.0,2,0,0,0.0,1,0.066667,3,0,0,0,1,0,1
CANUTILLAR,31,8,14,1,170.2,0,1,2000,2100,25,1,0,12,25,0,0.0,0.0,0.0,1.0,2,0,0,0.0,1,0.007051,3,0,0,0,1,0,1
RALCO,32,8,14,1,690.0,0,1,2000,2100,25,1,0,12,25,0,0.0,0.0,0.0,1.0,2,0,0,0.0,1,0.218623,3,0,0,0,1,0,1
PALMUCHO,33,8,14,1,32.0,0,1,2000,2100,25,1,0,13,25,0,0.0,0.0,0.0,1.0,2,0,0,0.0,0,0.0,0,0,0,0,1,0,1
PANGUE,34,8,14,1,450.0,0,1,2000,2100,25,1,0,12,25,0,0.0,0.0,0.0,1.0,2,0,0,0.0,1,0.04661,3,0,0,0,1,0,1
ANGOSTURA,35,8,14,1,323.8,0,1,2000,2100,25,1,0,13,25,0,0.0,0.0,0.0,1.0,2,0,0,0.0,0,0.008647,0,0,0,0,1,0,1
LAHIGUERA,36,8,14,1,155.0,0,1,2000,2100,25,1,0,13,25,0,0.0,0.0,0.0,1.0,2,0,0,0.0,0,0.012903,0,0,0,0,1,0,1
CONFLUENCIA,37,8,14,1,163.2,0,1,2000,2100,25,1,0,13,25,0,0.0,0.0,0.0,1.0,2,0,0,0.0,0,0.025735,0,0,0,0,1,0,1
CHACAYES,38,8,14,1,111.72,0,1,2000,2100,25,1,0,13,25,0,0.0,0.0,0.0,1.0,2,0,0,0.0,0,0.051199,0,0,0,0,1,0,1
LOS_MOLLES,39,8,14,1,18.0,0,1,2000,2100,25,1,0,14,25,0,0.0,0.0,0.0,1.0,2,0,0,0.0,0,0.052632,4,0,0,0,1,0,1
VOLCAN,40,8,14,1,14.0,0,1,2000,2100,25,1,0,14,25,0,0.0,0.0,0.0,1.0,2,0,0,0.0,0,0.0,4,0,0,0,1,0,1
QUELTEHUES,41,8,14,1,48.0,0,1,2000,2100,25,1,0,14,25,0,0.0,0.0,0.0,1.0,2,0,0,0.0,0,0.018405,4,0,0,0,1,0,1
FLORIDA,42,8,14,1,28.0,0,1,2000,2100,25,1,0,14,25,0,0.0,0.0,0.0,1.0,2,0,0,0.0,0,0.0,4,0,0,0,1,0,1
SAUCEANDES,43,8,14,1,1.4,0,1,2000,2100,25,1,0,14,25,0,0.0,0.0,0.0,1.0,2,0,0,0.0,0,0.0,4,0,0,0,1,0,1
PEHUI,44,8,14,1,1.1,0,1,2000,2100,25,1,0,14,25,0,0.0,0.0,0.0,1.0,2,0,0,0.0,0,0.0,4,0,0,0,1,0,1
CHANLEUFU,45,8,14,1,3.4,0,1,2000,2100,25,1,0,14,25,0,0.0,0.0,0.0,1.0,2,0,0,0.0,0,0.0,4,0,0,0,1,0,1
TRANQUIL,46,8,14,1,2.9,0,1,2000,2100,25,1,0,14,25,0,0.0,0.0,0.0,1.0,2,0,0,0.0,0,0.0,4,0,0,0,1,0,1
LOS_MORROS,47,8,14,1,2.6,0,1,2000,2100,25,1,0,14,25,0,0.0,0.0,0.0,1.0,2,0,0,0.0,0,0.0,4,0,0,0,1,0,1
MAITENES,48,8,14,1,31.0,0,1,2000,2100,25,1,0,14,25,0,0.0,0.0,0.0,1.0,2,0,0,0.0,0,0.006452,4,0,0,0,1,0,1
PUNTILLA,49,8,14,1,22.2,0,1,2000,2100,25,1,0,14,25,0,0.0,0.0,0.0,1.0,2,0,0,0.0,0,0.003153,4,0,0,0,1,0,1
LAS_VERTIENTES,50,8,14,1,1.66,0,1,2000,2100,25,1,0,14,25,0,0.0,0.0,0.0,1.0,2,0,0,0.0,0,0.0,4,0,0,0,1,0,1
EL_LLANO,51,8,14,1,2.0,0,1,2000,2100,25,1,0,14,25,0,0.0,0.0,0.0,1.0,2,0,0,0.0,0,0.0,4,0,0,0,1,0,1
ALFALFAL,52,8,14,1,178.0,0,1,2000,2100,25,1,0,14,25,0,0.0,0.0,0.0,1.0,2,0,0,0.0,0,0.091837,4,0,0,0,1,0,1
SAUZAL,53,8,14,1,76.8,0,1,2000,2100,25,1,0,14,25,0,0.0,0.0,0.0,1.0,2,0,0,0.0,0,0.0,4,0,0,0,1,0,1
SAUZALITO,54,8,14,1,12.0,0,1,2000,2100,25,1,0,14,25,0,0.0,0.0,0.0,1.0,2,0,0,0.0,0,0.01,4,0,0,0,1,0,1
PEUCHEN,55,8,14,1,85.6,0,1,2000,2100,25,1,0,14,25,0,0.0,0.0,0.0,1.0,2,0,0,0.0,0,0.100467,4,0,0,0,1,0,1
MAMPIL,56,8,14,1,55.0,0,1,2000,2100,25,1,0,14,25,0,0.0,0.0,0.0,1.0,2,0,0,0.0,0,0.109091,4,0,0,0,1,0,1
PULLINQUE,57,8,14,1,51.4,0,1,2000,2100,25,1,0,14,25,0,0.0,0.0,0.0,1.0,2,0,0,0.0,0,0.054475,4,0,0,0,1,0,1
CAPULLO,58,8,14,1,12.0,0,1,2000,2100,25,1,0,14,25,0,0.0,0.0,0.0,1.0,2,0,0,0.0,0,0.166667,4,0,0,0,1,0,1
PILMAIQUEN,59,8,14,1,39.0,0,1,2000,2100,25,1,0,14,25,0,0.0,0.0,0.0,1.0,2,0,0,0.0,0,0.102564,4,0,0,0,1,0,1
EYZAGUIRRE,60,8,14,1,2.1,0,1,2000,2100,25,1,0,14,25,0,0.0,0.0,0.0,1.0,2,0,0,0.0,0,0.047619,4,0,0,0,1,0,1
COYA,61,8,14,1,12.0,0,1,2000,2100,25,1,0,14,25,0,0.0,0.0,0.0,1.0,2,0,0,0.0,0,0.1,4,0,0,0,1,0,1
LA_PALOMA,62,8,14,1,4.6,0,1,2000,2100,25,1,0,14,25,0,0.0,0.0,0.0,1.0,2,0,0,0.0,0,0.021739,4,0,0,0,1,0,1
PUCLARO,63,8,14,1,5.6,0,1,2000,2100,25,1,0,14,25,0,0.0,0.0,0.0,1.0,2,0,0,0.0,0,0.0,4,0,0,0,1,0,1
LICAN,64,8,14,1,17.0,0,1,2000,2100,25,1,0,14,25,0,0.0,0.0,0.0,1.0,2,0,0,0.0,0,0.0,4,0,0,0,1,0,1
EL_PASO,65,8,14,1,60.0,0,1,2000,2100,25,1,0,14,25,0,0.0,0.0,0.0,1.0,2,0,0,0.0,0,0.0,4,0,0,0,1,0,1
RIO_TRUENO,66,8,14,1,5.8,0,1,2000,2100,25,1,0,14,25,0,0.0,0.0,0.0,1.0,2,0,0,0.0,0,0.0,4,0,0,0,1,0,1
GUAYACAN,67,8,14,1,12.0,0,1,2000,2100,25,1,0,14,25,0,0.0,0.0,0.0,1.0,2,0,0,0.0,0,0.0,4,0,0,0,1,0,1
PULELFU,68,8,14,1,9.0,0,1,2000,2100,25,1,0,14,25,0,0.0,0.0,0.0,1.0,2,0,0,0.0,0,0.0,4,0,0,0,1,0,1
MARIPOSAS,69,8,14,1,6.0,0,1,2000,2100,25,1,0,14,25,0,0.0,0.0,0.0,1.0,2,0,0,0.0,0,0.0,4,0,0,0,1,0,1
EL_MANZANO,70,8,14,1,4.85,0,1,2000,2100,25,1,0,14,25,0,0.0,0.0,0.0,1.0,2,0,0,0.0,0,0.0,4,0,0,0,1,0,1
RUCATAYO,71,8,14,1,55.0,0,1,2000,2100,25,1,0,14,25,0,0.0,0.0,0.0,1.0,2,0,0,0.0,0,0.083333,4,0,0,0,1,0,1
HIDRO_BONITO_MC1,72,8,14,1,9.0,0,1,2000,2100,25,1,0,14,25,0,0.0,0.0,0.0,1.0,2,0,0,0.0,0,0.005556,4,0,0,0,1,0,1
HIDRO_BONITO_MC2,73,8,14,1,3.2,0,1,2000,2100,25,1,0,14,25,0,0.0,0.0,0.0,1.0,2,0,0,0.0,0,0.015625,4,0,0,0,1,0,1
PICOIQUEN,74,8,14,1,19.2,0,1,2000,2100,25,1,0,14,25,0,0.0,0.0,0.0,1.0,2,0,0,0.0,0,0.010417,4,0,0,0,1,0,1
ITATA,75,8,14,1,20.0,0,1,2000,2100,25,1,0,14,25,0,0.0,0.0,0.0,1.0,2,0,0,0.0,0,0.0,4,0,0,0,1,0,1
RIO_COLORADO,76,8,14,1,15.0,0,1,2000,2100,25,1,0,14,25,0,0.0,0.0,0.0,1.0,2,0,0,0.0,0,0.0,4,0,0,0,1,0,1
LIRCAY,77,8,14,1,19.0,0,1,2000,2100,25,1,0,14,25,0,0.0,0.0,0.0,1.0,2,0,0,0.0,0,0.0,4,0,0,0,1,0,1
SAN_ANDRES,78,8,14,1,40.0,0,1,2000,2100,25,1,0,14,25,0,0.0,0.0,0.0,1.0,2,0,0,0.0,0,0.0,4,0,0,0,1,0,1
LA_ARENA,79,8,14,1,3.0,0,1,2000,2100,25,1,0,14,25,0,0.0,0.0,0.0,1.0,2,0,0,0.0,0,0.0,4,0,0,0,1,0,1
MUCHI,80,8,14,1,1.0,0,1,2000,2100,25,1,0,14,25,0,0.0,0.0,0.0,1.0,2,0,0,0.0,0,0.0,4,0,0,0,1,0,1
MALLARAUCO,81,8,14,1,3.4,0,1,2000,2100,25,1,0,14,25,0,0.0,0.0,0.0,1.0,2,0,0,0.0,0,0.0,4,0,0,0,1,0,1
PROVIDENCIA,82,8,14,1,14.0,0,1,2000,2100,25,1,0,14,25,0,0.0,0.0,0.0,1.0,2,0,0,0.0,0,0.071429,4,0,0,0,1,0,1
ALLIPEN,83,8,14,1,2.67,0,1,2000,2100,25,1,0,14,25,0,0.0,0.0,0.0,1.0,2,0,0,0.0,0,0.026217,4,0,0,0,1,0,1
EL_CANELO,84,8,14,1,6.08,0,1,2000,2100,25,1,0,14,25,0,0.0,0.0,0.0,1.0,2,0,0,0.0,0,0.006579,4,0,0,0,1,0,1
LOS_BAJOS,85,8,14,1,5.6,0,1,2000,2100,25,1,0,14,25,0,0.0,0.0,0.0,1.0,2,0,0,0.0,0,0.000179,4,0,0,0,1,0,1
AUX_DEL_MAIPO,86,8,14,1,5.1,0,1,2000,2100,25,1,0,14,25,0,0.0,0.0,0.0,1.0,2,0,0,0.0,0,0.0,4,0,0,0,1,0,1
DONGO,87,8,14,1,6.0,0,1,2000,2100,25,1,0,14,25,0,0.0,0.0,0.0,1.0,2,0,0,0.0,0,0.0,4,0,0,0,1,0,1
PURISIMA,88,8,14,1,0.42,0,1,2000,2100,25,1,0,14,25,0,0.0,0.0,0.0,1.0,2,0,0,0.0,0,0.0,4,0,0,0,1,0,1
CARENA,89,8,14,1,10.0,0,1,2000,2100,25,1,0,14,25,0,0.0,0.0,0.0,1.0,2,0,0,0.0,0,0.15,4,0,0,0,1,0,1
RECA,90,8,14,1,1.6,0,1,2000,2100,25,1,0,14,25,0,0.0,0.0,0.0,1.0,2,0,0,0.0,0,0.058824,4,0,0,0,1,0,1
DON_WALTERIO,91,8,14,1,2.95,0,1,2000,2100,25,1,0,14,25,0,0.0,0.0,0.0,1.0,2,0,0,0.0,0,0.0,4,0,0,0,1,0,1
RENAICO,92,8,14,1,6.24,0,1,2000,2100,25,1,0,14,25,0,0.0,0.0,0.0,1.0,2,0,0,0.0,0,0.009524,4,0,0,0,1,0,1
ALTO_RENAICO,93,8,14,1,1.5,0,1,2000,2100,25,1,0,14,25,0,0.0,0.0,0.0,1.0,2,0,0,0.0,0,0.0,4,0,0,0,1,0,1
TRAILELFU,94,8,14,1,2.5,0,1,2000,2100,25,1,0,14,25,0,0.0,0.0,0.0,1.0,2,0,0,0.0,0,0.0,4,0,0,0,1,0,1
NALCAS,95,8,14,1,6.8,0,1,2000,2100,25,1,0,14,25,0,0.0,0.0,0.0,1.0,2,0,0,0.0,0,0.15,4,0,0,0,1,0,1
CALLAO,96,8,14,1,3.3,0,1,2000,2100,25,1,0,14,25,0,0.0,0.0,0.0,1.0,2,0,0,0.0,0,0.090909,4,0,0,0,1,0,1
ENSENADA,97,8,14,1,6.6,0,1,2000,2100,25,1,0,14,25,0,0.0,0.0,0.0,1.0,2,0,0,0.0,0,0.0,4,0,0,0,1,0,1
RIO_HUASCO,98,8,14,1,5.1,0,1,2000,2100,25,1,0,14,25,0,0.0,0.0,0.0,1.0,2,0,0,0.0,0,0.156863,4,0,0,0,1,0,1
LLAUQUEREO,99,8,14,1,1.76,0,1,2000,2100,25,1,0,14,25,0,0.0,0.0,0.0,1.0,2,0,0,0.0,0,0.025,4,0,0,0,1,0,1
NUBLE,100,8,14,1,136.0,0,1,2000,2100,25,1,0,14,25,0,0.0,0.0,0.0,1.0,2,0,0,0.0,0,0.0,4,0,0,0,1,0,1
LAS_LAJAS,101,8,14,1,267.0,0,1,2000,2100,25,1,0,14,25,0,0.0,0.0,0.0,1.0,2,0,0,0.0,0,0.0,4,0,0,0,1,0,1
ALFALFAL_2,102,8,14,1,264.0,0,1,2000,2100,25,1,0,14,25,0,0.0,0.0,0.0,1.0,2,0,0,0.0,0,0.0,4,0,0,0,1,0,1
LAS_NIEVES,103,8,14,1,6.5,0,1,2000,2100,25,1,0,14,25,0,0.0,0.0,0.0,1.0,2,0,0,0.0,0,0.0,4,0,0,0,1,0,1
SAN_PEDRO,104,8,14,1,170.0,0,1,2000,2100,25,1,0,14,25,0,0.0,0.0,0.0,1.0,2,0,0,0.0,0,0.0,4,0,0,0,1,0,1
CUMBRES,105,8,14,1,14.9,0,1,2000,2100,25,1,0,14,25,0,0.0,0.0,0.0,1.0,2,0,0,0.0,0,0.0,4,0,0,0,1,0,1
CONVENTO_VIEJO,106,8,14,1,16.0,0,1,2000,2100,25,1,0,14,25,0,0.0,0.0,0.0,1.0,2,0,0,0.0,0,0.0,4,0,0,0,1,0,1
LA_MONTANA_1,107,8,14,1,3.0,0,1,2000,2100,25,1,0,14,25,0,0.0,0.0,0.0,1.0,2,0,0,0.0,0,0.0,4,0,0,0,1,0,1
CUMPEO,108,8,14,1,5.76,0,1,2000,2100,25,1,0,14,25,0,0.0,0.0,0.0,1.0,2,0,0,0.0,0,0.006897,4,0,0,0,1,0,1
EL_AGRIO,109,8,14,1,2.51,0,1,2000,2100,25,1,0,14,25,0,0.0,0.0,0.0,1.0,2,0,0,0.0,0,0.003984,4,0,0,0,1,0,1
EL_GALPON,110,8,14,1,1.3,0,1,2000,2100,25,1,0,14,25,0,0.0,0.0,0.0,1.0,2,0,0,0.0,0,0.0,4,0,0,0,1,0,1
EL_COLORADO,111,8,14,1,2.0,0,1,2000,2100,25,1,0,14,25,0,0.0,0.0,0.0,1.0,2,0,0,0.0,0,0.0,4,0,0,0,1,0,1
MALALCAHUELLO,112,8,14,1,9.2,0,1,2000,2100,25,1,0,14,25,0,0.0,0.0,0.0,1.0,2,0,0,0.0,0,0.0,4,0,0,0,1,0,1
CARILAFQUEN,113,8,14,1,19.8,0,1,2000,2100,25,1,0,14,25,0,0.0,0.0,0.0,1.0,2,0,0,0.0,0,0.0,4,0,0,0,1,0,1
MOLINERA_VILLARRICA,114,8,14,1,0.6,0,1,2000,2100,25,1,0,14,25,0,0.0,0.0,0.0,1.0,2,0,0,0.0,0,0.0,4,0,0,0,1,0,1
MAISAN,115,8,14,1,0.59,0,1,2000,2100,25,1,0,14,25,0,0.0,0.0,0.0,1.0,2,0,0,0.0,0,0.0,4,0,0,0,1,0,1
LOS_CORRALES_1,116,8,14,1,0.85,0,1,2000,2100,25,1,0,14,25,0,0.0,0.0,0.0,1.0,2,0,0,0.0,0,0.053254,4,0,0,0,1,0,1
LOS_CORRALES_2,117,8,14,1,1.04,0,1,2000,2100,25,1,0,14,25,0,0.0,0.0,0.0,1.0,2,0,0,0.0,0,0.004831,4,0,0,0,1,0,1
RININAHUE,118,8,14,1,0.9,0,1,2000,2100,25,1,0,14,25,0,0.0,0.0,0.0,1.0,2,0,0,0.0,0,0.0,4,0,0,0,1,0,1
ELRINCON,119,8,14,1,0.3,0,1,2000,2100,25,1,0,14,25,0,0.0,0.0,0.0,1.0,2,0,0,0.0,0,0.0,4,0,0,0,1,0,1
DONA_HILDA,120,8,14,1,0.3,0,1,2000,2100,25,1,0,14,25,0,0.0,0.0,0.0,1.0,2,0,0,0.0,0,0.285714,4,0,0,0,1,0,1
TRUFUL,121,8,14,1,0.85,0,1,2000,2100,25,1,0,14,25,0,0.0,0.0,0.0,1.0,2,0,0,0.0,0,0.035294,4,0,0,0,1,0,1
PUNILLA_ANCOA,122,8,14,1,0.0,0,1,2000,2100,25,1,0,14,25,0,0.0,0.0,0.0,1.0,2,0,0,0.0,0,0.0,4,0,0,0,1,0,1
HIDRO_ANCOA,123,8,14,1,0.0,0,1,2000,2100,25,1,0,14,25,0,0.0,0.0,0.0,1.0,2,0,0,0.0,0,0.0,4,0,0,0,1,0,1
MODULO05,124,8,14,1,0.0,0,1,2000,2100,25,1,0,14,25,0,0.0,0.0,0.0,1.0,2,0,0,0.0,0,0.0,4,0,0,0,1,0,1
MODULO03,125,8,14,1,0.0,0,1,2000,2100,25,1,0,14,25,0,0.0,0.0,0.0,1.0,2,0,0,0.0,0,0.0,4,0,0,0,1,0,1
MODULO02,126,8,14,1,0.0,0,1,2000,2100,25,1,0,14,25,0,0.0,0.0,0.0,1.0,2,0,0,0.0,0,0.0,4,0,0,0,1,0,1
MODULO01,127,8,14,1,0.0,0,1,2000,2100,25,1,0,14,25,0,0.0,0.0,0.0,1.0,2,0,0,0.0,0,0.0,4,0,0,0,1,0,1
MODULO04,128,8,14,1,0.0,0,1,2000,2100,25,1,0,14,25,0,0.0,0.0,0.0,1.0,2,0,0,0.0,0,0.0,4,0,0,0,1,0,1
NELTUME,129,8,14,1,0.0,0,1,2000,2100,25,1,0,14,25,0,0.0,0.0,0.0,1.0,2,0,0,0.0,0,0.0,4,0,0,0,1,0,1
MAQUEO,130,8,14,1,0.0,0,1,2000,2100,25,1,0,14,25,0,0.0,0.0,0.0,1.0,2,0,0,0.0,0,0.0,4,0,0,0,1,0,1
CUERVO,131,8,14,1,0.0,0,1,2000,2100,25,1,0,14,25,0,0.0,0.0,0.0,1.0,2,0,0,0.0,0,0.0,4,0,0,0,1,0,1
BLANCO_EA,132,8,14,1,0.0,0,1,2000,2100,25,1,0,14,25,0,0.0,0.0,0.0,1.0,2,0,0,0.0,0,0.0,4,0,0,0,1,0,1
TALTAL_1,133,8,14,1,104.5,0,1,2000,2100,25,1,0,8,1,24,0.303,0.0,0.0109,0.84,2,0,0,0.0,1,0.05,2,0,0,1,1,0,1
TALTAL_2,134,8,14,1,104.5,0,1,2000,2100,25,1,0,8,1,24,0.303,0.0,0.0109,0.84,2,0,0,0.0,1,0.05,2,0,0,1,1,0,1
DALMAGRO,135,8,14,1,21.85,0,1,2000,2100,25,1,0,8,1,24,0.337,0.0,0.0109,0.84,2,0,0,0.0,1,0.05,2,0,0,1,1,0,1
ELSALVADOR_TG,136,8,14,1,21.85,0,1,2000,2100,25,1,0,8,1,24,0.337,0.0,0.0109,0.84,2,0,0,0.0,1,0.081933,2,0,0,1,1,0,1
EMELDA_1,137,8,14,1,31.59,0,1,2000,2100,25,1,0,8,1,24,0.292,0.0,0.0109,0.84,2,0,0,0.0,1,0.05,2,0,0,1,1,0,1
EMELDA_2,138,8,14,1,34.2,0,1,2000,2100,25,1,0,8,1,24,0.314,0.0,0.0109,0.84,2,0,0,0.0,1,0.05,2,0,0,1,1,0,1
SANLORENZO_1,139,8,14,1,27.17,0,1,2000,2100,25,1,0,8,1,24,0.342,0.0,0.0109,0.84,2,0,0,0.0,1,0.0,2,0,0,1,1,0,1
SANLORENZO_2,140,8,14,1,24.7,0,1,2000,2100,25,1,0,8,1,24,0.3804,0.0,0.0109,0.84,2,0,0,0.0,1,0.0,2,0,0,1,1,0,1
TERMOPACIFICO,141,8,14,1,86.06,0,1,2000,2100,25,1,0,8,1,24,0.46933779184,0.0,0.0109,0.001,2,0,0,0.0,1,0.056445,2,0,0,1,1,0,1
CARDONES,142,8,14,1,144.66,0,1,2000,2100,25,1,0,8,1,24,0.239,0.0,0.0109,0.84,2,0,0,0.0,1,0.05475,2,0,0,1,1,0,1
CENIZAS,143,8,14,1,13.2,0,1,2000,2100,25,1,0,8,1,24,0.2303,0.0,0.0109,0.84,2,0,0,0.0,1,0.050021,2,0,0,1,1,0,1
GUACOLDA_1,144,8,14,1,139.9,0,1,2000,2026,25,1,0,6,13,23,0.396,0.0,0.007,1.0,2,0,0,40.88,1,0.021,6,0,0,1,1,0,1
GUACOLDA_2,145,8,14,1,139.9,0,1,2000,2029,25,1,0,6,13,23,0.397,0.0,0.007,1.0,2,0,0,40.88,1,0.021,6,0,0,1,1,0,1
GUACOLDA_3,146,8,14,1,135.99,0,1,2000,2034,25,1,0,6,13,23,0.382,0.0,0.007,1.0,2,0,0,30.1,1,0.008089,6,0,0,1,1,0,1
GUACOLDA_4,147,8,14,1,137.95,0,1,2000,2035,25,1,0,6,13,23,0.384,0.0,0.007,1.0,2,0,0,25.08,1,0.007548,6,0,0,1,1,0,1
GUACOLDA_5,148,8,14,1,132.17,0,1,2000,2039,25,1,0,6,13,23,0.384,0.0,0.007,1.0,2,0,0,24.46,1,0.003518,6,0,0,1,1,0,1
HUASCO_TG,149,8,14,1,37.12,0,1,2000,2100,25,1,0,8,1,24,0.348,0.0,0.0109,0.84,2,0,0,0.0,1,0.0,2,0,0,1,1,0,1
P_COLORADA_F_OIL,150,8,14,1,15.49,0,1,2000,2100,25,1,0,10,28,22,0.219,0.0,0.0105,0.945,2,0,0,0.0,1,0.089118,0,0,0,1,1,0,1
EL_PENON,151,8,14,1,79.3,0,1,2000,2100,25,1,0,8,1,24,0.2193,0.0,0.0109,0.84,2,0,0,0.0,1,0.021,2,0,0,1,1,0,1
ESPINOS_2,152,8,14,1,22.8,0,1,2000,2100,25,1,0,8,1,24,0.221,0.0,0.0109,0.84,2,0,0,0.0,1,0.0,2,0,0,1,1,0,1
ESPINOS_1,153,8,14,1,95.0,0,1,2000,2100,25,1,0,8,1,24,0.221,0.0,0.0109,0.84,2,0,0,0.0,1,0.0,2,0,0,1,1,0,1
OLIVOS_2,154,8,14,1,21.09,0,1,2000,2100,25,1,0,8,1,24,0.231,0.0,0.0109,0.84,2,0,0,0.0,1,0.0,2,0,0,1,1,0,1
OLIVOS_1,155,8,14,1,88.35,0,1,2000,2100,25,1,0,8,1,24,0.231,0.0,0.0109,0.84,2,0,0,0.0,1,0.0,2,0,0,1,1,0,1
CAMPICHE,156,8,14,1,243.76,0,1,2000,2040,25,1,0,6,13,23,0.38,0.0,0.007,1.0,2,0,0,98.7,1,0.000164,6,0,0,1,1,0,1
NUEVA_VENTANAS,157,8,14,1,243.76,0,1,2000,2033,25,1,0,6,13,23,0.38,0.0,0.007,1.0,2,0,0,97.8,1,0.021044,6,0,0,1,1,0,1
LOSVIENTOS_TG,158,8,14,1,128.58,0,1,2000,2100,25,1,0,8,1,24,0.267,0.0,0.0109,0.84,2,0,0,0.0,1,0.025895,2,0,0,1,1,0,1
LAS_VEGAS,159,8,14,1,2.02,0,1,2000,2100,25,1,0,8,1,24,0.2414,0.0,0.0109,0.84,2,0,0,0.0,1,0.051338,2,0,0,1,1,0,1
LOSCOLORADOS_1,160,8,14,1,1.8,0,1,2000,2100,25,1,0,8,1,24,0.22,0.0,0.0109,0.84,2,0,0,0.0,1,0.0,2,0,0,1,1,0,1
LOSCOLORADOS_2,161,8,14,1,9.38,0,1,2000,2100,25,1,0,8,1,24,0.22,0.0,0.0109,0.84,2,0,0,0.0,1,0.0,2,0,0,1,1,0,1
LOSCOLORADOS_3,162,8,14,1,0.0,0,1,2000,2100,25,1,0,8,1,24,0.25,0.0,0.0109,0.84,2,0,0,0.0,1,0.0,2,0,0,1,1,0,1
VENTANAS_1,163,8,14,1,105.02,0,1,2000,2021,25,1,0,6,13,23,0.415,0.0,0.007,1.0,2,0,0,0.0,1,0.073926,6,0,0,1,1,0,1
VENTANAS_2,164,8,14,1,203.53,0,1,2000,2023,25,1,0,6,13,23,0.397,0.0,0.007,1.0,2,0,0,111.8,1,0.024285,6,0,0,1,1,0,1
CON_CON,165,8,14,1,2.16,0,1,2000,2100,25,1,0,8,1,24,0.2414,0.0,0.0109,0.84,2,0,0,0.0,1,0.050419,2,0,0,1,1,0,1
COLMITO,166,8,14,1,55.1,0,1,2000,2100,25,1,0,8,1,24,0.24828,0.0,0.0109,0.84,2,0,0,0.0,1,0.05,2,0,0,1,1,0,1
LAGVERDE_TV,167,8,14,1,26.35,0,1,2000,2100,25,1,0,8,1,24,0.412,0.0,0.0109,0.84,2,0,0,0.0,1,0.0,2,0,0,1,1,0,1
LAGVERDE_TG,168,8,14,1,17.02,0,1,2000,2100,25,1,0,8,1,24,0.264,0.0,0.0109,0.84,2,0,0,0.0,1,0.054275,2,0,0,1,1,0,1
PLACILLA,169,8,14,1,2.85,0,1,2000,2100,25,1,0,8,1,24,0.2363,0.0,0.0109,0.84,2,0,0,0.0,1,0.05,2,0,0,1,1,0,1
QUINTAY,170,8,14,1,2.85,0,1,2000,2100,25,1,0,8,1,24,0.2363,0.0,0.0109,0.84,2,0,0,0.0,1,0.05,2,0,0,1,1,0,1
EL_TOTORAL,171,8,14,1,2.85,0,1,2000,2100,25,1,0,8,1,24,0.2363,0.0,0.0109,0.84,2,0,0,0.0,1,0.05,2,0,0,1,1,0,1
NEHUENCO_1,172,8,14,1,326.01,0,1,2000,2100,25,1,0,16,19,25,0.1973,0.0,0.007472800000000001,33.04198,2,0,0,252.1,1,0.015976,8,0,0,1,1,0,1
NEHUENCO_1_FA,173,8,14,1,20.94,0,1,2000,2100,25,1,0,16,19,25,0.25,0.0,0.007472800000000001,33.04198,2,0,0,0.0,1,0.020863,8,0,0,1,1,0,1
NEHUENCO_2,174,8,14,1,383.03,0,1,2000,2100,25,1,0,16,19,25,0.181222481570419,0.0,0.007472800000000001,33.04198,2,0,0,245.0,1,0.040293,8,0,0,1,1,0,1
NEHUENCO_9B_B,175,8,14,1,82.35,0,1,2000,2100,25,1,0,8,1,24,0.3273,0.0,0.0109,0.84,2,0,0,0.0,1,0.0,8,0,0,1,1,0,1
NEHUENCO_9B_P,176,8,14,1,14.4,0,1,2000,2100,25,1,0,16,19,25,0.339172611833302,0.0,0.007472800000000001,33.04198,2,0,0,0.0,1,0.0,8,0,0,1,1,0,1
SANISIDRO,177,8,14,1,285.76,0,1,2000,2100,25,1,0,16,19,25,0.2028594335625,0.0,0.007472800000000001,33.04198,2,0,0,101.6,1,0.17799,8,0,0,1,1,0,1
SANISIDRO_FA,178,8,14,1,19.58,0,1,2000,2100,25,1,0,16,19,25,0.3365,0.0,0.007472800000000001,33.04198,2,0,0,0.0,1,0.021,8,0,0,1,1,0,1
QUINTERO_CA1,179,8,14,1,125.31,0,1,2000,2100,25,1,0,16,19,25,0.3174608026086575,0.0,0.007472800000000001,33.04198,2,0,0,0.0,1,0.029622,8,0,0,1,1,0,1
QUINTERO_CA2,180,8,14,1,126.29,0,1,2000,2100,25,1,0,16,19,25,0.3174608026086575,0.0,0.007472800000000001,33.04198,2,0,0,0.0,1,0.008639,8,0,0,1,1,0,1
QUINTERO_CC_GNL,181,8,14,1,350.0,0,1,2000,2100,25,1,0,16,19,25,0.22,0.0,0.007472800000000001,33.04198,2,0,0,0.0,1,0.0,8,0,0,1,1,0,1
SANISIDRO_2,182,8,14,1,383.77,0,1,2000,2100,25,1,0,16,19,25,0.195009282,0.0,0.007472800000000001,33.04198,2,0,0,99.4,1,0.02441,8,0,0,1,1,0,1
NRENCA,183,8,14,1,304.51,0,1,2000,2100,25,1,0,16,19,25,0.2022,0.0,0.007472800000000001,33.04198,2,0,0,190.9,1,0.007264,8,0,0,1,1,0,1
NRENCA_FA,184,8,14,1,13.01,0,1,2000,2100,25,1,0,16,19,25,0.2525,0.0,0.007472800000000001,33.04198,2,0,0,0.0,1,0.0,8,0,0,1,1,0,1
RENCA,185,8,14,1,81.88,0,1,2000,2100,25,1,0,8,1,24,0.365,0.0,0.0109,0.84,2,0,0,0.0,1,0.11,8,0,0,1,1,0,1
CANDELARIA_1,186,8,14,1,122.06,0,1,2000,2100,25,1,0,16,19,25,0.3144,0.0,0.007472800000000001,33.04198,2,0,0,0.0,1,0.025895,8,0,0,1,1,0,1
CANDELARIA_2,187,8,14,1,125.27,0,1,2000,2100,25,1,0,16,19,25,0.3144,0.0,0.007472800000000001,33.04198,2,0,0,0.0,1,0.025592,8,0,0,1,1,0,1
COLIHUES,188,8,14,1,19.0,0,1,2000,2100,25,1,0,8,1,24,0.226,0.0,0.0109,0.84,2,0,0,0.0,1,0.136364,2,0,0,1,1,0,1
ESPERANZA_TG1,189,8,14,1,17.86,0,1,2000,2100,25,1,0,8,1,24,400.0,0.0,1.2976190476190477e-05,0.001,2,0,0,0.0,1,0.0,2,0,0,1,1,0,1
ESPERANZA_DS1,190,8,14,1,1.71,0,1,2000,2100,25,1,0,8,1,24,264.33,0.0,1.2976190476190477e-05,0.001,2,0,0,0.0,1,0.0,2,0,0,1,1,0,1
ESPERANZA_DS2,191,8,14,1,1.52,0,1,2000,2100,25,1,0,8,1,24,261.63,0.0,1.2976190476190477e-05,0.001,2,0,0,0.0,1,0.0,2,0,0,1,1,0,1
SAN_FRANCISCO_TG,192,8,14,1,23.75,0,1,2000,2100,25,1,0,8,1,24,0.22,0.0,0.0109,0.84,2,0,0,0.0,1,0.075875,2,0,0,1,1,0,1
TENO,193,8,14,1,57.65,0,1,2000,2100,25,1,0,8,1,24,0.2193,0.0,0.0109,0.84,2,0,0,0.0,1,0.022958,2,0,0,1,1,0,1
CEMENTOSBIOBIO,194,8,14,1,12.92,0,1,2000,2100,25,1,0,10,28,22,0.192,0.0,0.0105,0.945,2,0,0,0.0,1,0.05,0,0,0,1,1,0,1
LICANTEN_1,195,8,14,1,4.84,0,1,2000,2100,25,1,0,2,22,26,1.5,0.0,0.00035,1.0,2,1,0,0.0,1,0.0,0,0,0,0,1,0,1
LICANTEN_2,196,8,14,1,0.97,0,1,2000,2100,25,1,0,2,22,26,1.5,0.0,0.00035,1.0,2,1,0,0.0,1,0.0,0,0,0,0,1,0,1
VINALES_1,197,8,14,1,5.8,0,1,2000,2100,25,1,0,2,22,26,1.35,0.0,0.00035,1.0,2,1,0,0.0,1,0.0,0,0,0,0,1,0,1
VINALES_2,198,8,14,1,9.67,0,1,2000,2100,25,1,0,2,22,26,1.35,0.0,0.00035,1.0,2,1,0,0.0,1,0.0,0,0,0,0,1,0,1
VINALES_3,199,8,14,1,5.8,0,1,2000,2100,25,1,0,2,22,26,1.35,0.0,0.00035,1.0,2,1,0,0.0,1,0.0,0,0,0,0,1,0,1
CELCO_1,200,8,14,1,2.9,0,1,2000,2100,25,1,0,2,22,26,1.34,0.0,0.00035,1.0,2,1,0,0.0,1,0.0,0,0,0,0,1,0,1
CELCO_2,201,8,14,1,1.93,0,1,2000,2100,25,1,0,2,22,26,1.34,0.0,0.00035,1.0,2,1,0,0.0,1,0.0,0,0,0,0,1,0,1
CELCO_3,202,8,14,1,2.9,0,1,2000,2100,25,1,0,2,22,26,1.34,0.0,0.00035,1.0,2,1,0,0.0,1,0.0,0,0,0,0,1,0,1
CONST1-EGEN,203,8,14,1,8.55,0,1,2000,2100,25,1,0,8,1,24,0.281746031746,0.0,0.0109,0.84,2,0,0,0.0,1,0.05,2,0,0,1,1,0,1
MAULE,204,8,14,1,5.7,0,1,2000,2100,25,1,0,8,1,24,0.281746031746,0.0,0.0109,0.84,2,0,0,0.0,1,0.05,2,0,0,1,1,0,1
ARAUCO_1,205,8,14,1,9.67,0,1,2000,2100,25,1,0,2,22,26,1.35,0.0,0.00035,1.0,2,1,0,0.0,1,0.0,0,0,0,0,1,0,1
HORCONES_TG_DIE,206,8,14,1,23.09,0,1,2000,2100,25,1,0,8,1,24,0.347,0.0,0.0109,0.84,2,0,0,0.0,1,0.05,2,0,0,1,1,0,1
DESECHOS_VII_3,207,8,14,1,0.0,0,1,2000,2100,25,1,0,2,22,26,1.35,0.0,0.00035,1.0,1,1,0,0.0,1,0.0,0,0,0,0,1,0,1
LINARES,208,8,14,1,0.38,0,1,2000,2100,25,1,0,8,1,24,0.22355,0.0,0.0109,0.84,2,0,0,0.0,1,0.05,2,0,0,1,1,0,1
SANGREGORIO,209,8,14,1,0.38,0,1,2000,2100,25,1,0,8,1,24,0.22355,0.0,0.0109,0.84,2,0,0,0.0,1,0.05,2,0,0,1,1,0,1
SANTA_MARIA,210,8,14,1,334.82,0,1,2000,2039,25,1,0,6,13,23,0.352,0.0,0.007,1.0,2,0,0,150.0,1,0.021,6,0,0,1,1,0,1
LOSPINOS,211,8,14,1,85.22,0,1,2000,2100,25,1,0,8,1,24,0.2268,0.0,0.0109,0.84,2,0,0,0.0,1,0.18207,2,0,0,1,1,0,1
SANTA_LIDIA_TG,212,8,14,1,134.72,0,1,2000,2100,25,1,0,8,1,24,0.264,0.0,0.0109,0.84,2,0,0,0.0,1,0.03079,2,0,0,1,1,0,1
MASISA,213,8,14,1,10.55,0,1,2000,2100,25,1,0,2,22,26,1.47,0.0,0.00035,1.0,2,1,0,0.0,1,0.080133,0,0,0,0,1,0,1
LAJA-EVE_1,214,8,14,1,7.66,0,1,2000,2100,25,1,0,2,22,26,2.66,0.0,0.00035,1.0,2,1,0,0.0,1,0.0,0,0,0,0,1,0,1
LAJA-EVE_2,215,8,14,1,3.73,0,1,2000,2100,25,1,0,2,22,26,1.35,0.0,0.00035,1.0,2,1,0,0.0,1,0.0,0,0,0,0,1,0,1
CHOLGUAN_1,216,8,14,1,8.7,0,1,2000,2100,25,1,0,2,22,26,1.43,0.0,0.00035,1.0,2,1,0,0.0,1,0.0,0,0,0,0,1,0,1
CHOLGUAN_2,217,8,14,1,3.87,0,1,2000,2100,25,1,0,2,22,26,1.43,0.0,0.00035,1.0,2,1,0,0.0,1,0.0,0,0,0,0,1,0,1
NUEVA_ALDEA_1,218,8,14,1,18.37,0,1,2000,2100,25,1,0,2,22,26,1.39,0.0,0.00035,1.0,2,1,0,0.0,1,0.033,0,0,0,0,1,0,1
NUEVA_ALDEA_3,219,8,14,1,1.0,0,1,2000,2100,25,1,0,2,22,26,1.39,0.0,0.00035,1.0,2,1,0,0.0,1,0.0,0,0,0,0,1,0,1
BOCAMINA_2,220,8,14,1,315.72,0,1,2000,2023,25,1,0,6,13,23,0.3778218724596986,0.0,0.007,1.0,2,0,0,147.48,1,0.02097,6,0,0,1,1,0,1
PETROPOW_1,221,8,14,1,60.9,0,1,2000,2100,25,1,0,2,22,26,1.35,0.0,0.00035,1.0,2,1,0,0.0,1,0.110005,0,0,0,0,1,0,1
ESCUADRON,222,8,14,1,12.04,0,1,2000,2100,25,1,0,2,22,26,1.85,0.0,0.00035,1.0,2,1,0,0.0,1,0.020132,0,0,0,0,1,0,1
BOCAMINA,223,8,14,1,106.93,0,1,2000,2021,25,1,0,6,13,23,0.38,0.0,0.007,1.0,2,0,0,54.2,1,0.125,6,0,0,1,1,0,1
TG_CORONEL_DIE,224,8,14,1,44.37,0,1,2000,2100,25,1,0,8,1,24,0.22815,0.0,0.0109,0.84,2,0,0,0.0,1,0.05,2,0,0,1,1,0,1
NEWEN,225,8,14,1,13.63,0,1,2000,2100,25,1,0,8,1,24,0.28675,0.0,0.0109,0.84,2,0,0,0.0,1,0.041111,2,0,0,1,1,0,1
LAUTARO_1,226,8,14,1,11.6,0,1,2000,2100,25,1,0,2,22,26,2.95,0.0,0.00035,1.0,2,1,0,0.0,1,0.107385,0,0,0,0,1,0,1
LAUTARO_2,227,8,14,1,8.03,0,1,2000,2100,25,1,0,2,22,26,2.98,0.0,0.00035,1.0,2,1,0,0.0,1,0.107385,0,0,0,0,1,0,1
LAUTARO_3,228,8,14,1,3.57,0,1,2000,2100,25,1,0,2,22,26,2.98,0.0,0.00035,1.0,2,1,0,0.0,1,0.107385,0,0,0,0,1,0,1
LAUTARO_II,229,8,14,1,21.27,0,1,2000,2100,25,1,0,2,22,26,1.36,0.0,0.00035,1.0,2,1,0,0.0,1,0.033,0,0,0,0,1,0,1
ANTILHUE_TG_1,230,8,14,1,47.78,0,1,2000,2100,25,1,0,8,1,24,0.27367920038077104,0.0,0.0109,0.84,2,0,0,0.0,1,0.0,2,0,0,1,1,0,1
ANTILHUE_TG_2,231,8,14,1,48.44,0,1,2000,2100,25,1,0,8,1,24,0.27367920038077104,0.0,0.0109,0.84,2,0,0,0.0,1,0.0,2,0,0,1,1,0,1
CALLECALLE,232,8,14,1,19.0,0,1,2000,2100,25,1,0,8,1,24,0.22815000000000002,0.0,0.0109,0.84,2,0,0,0.0,1,0.315789,2,0,0,1,1,0,1
VALDIVIA_1,233,8,14,1,10.64,0,1,2000,2100,25,1,0,2,22,26,1.68,0.0,0.00035,1.0,2,1,0,0.0,1,0.0,0,0,0,0,1,0,1
VALDIVIA_2,234,8,14,1,25.14,0,1,2000,2100,25,1,0,2,22,26,1.53,0.0,0.00035,1.0,2,1,0,0.0,1,0.0,0,0,0,0,1,0,1
VALDIVIA_3,235,8,14,1,23.21,0,1,2000,2100,25,1,0,2,22,26,1.53,0.0,0.00035,1.0,2,1,0,0.0,1,0.0,0,0,0,0,1,0,1
VALDIVIA_4,236,8,14,1,23.21,0,1,2000,2100,25,1,0,2,22,26,1.53,0.0,0.00035,1.0,2,1,0,0.0,1,0.0,0,0,0,0,1,0,1
CHUYACA,237,8,14,1,9.98,0,1,2000,2100,25,1,0,8,1,24,0.2535,0.0,0.0109,0.84,2,0,0,0.0,1,0.0,2,0,0,1,1,0,1
TRAPEN,238,8,14,1,76.8,0,1,2000,2100,25,1,0,8,1,24,0.2193,0.0,0.0109,0.84,2,0,0,0.0,1,0.0519,2,0,0,1,1,0,1
QUELLON2,239,8,14,1,9.5,0,1,2000,2100,25,1,0,8,1,24,0.2535,0.0,0.0109,0.84,2,0,0,0.0,1,0.157895,2,0,0,1,1,0,1
CHILOE,240,8,14,1,8.55,0,1,2000,2100,25,1,0,8,1,24,0.281746031746,0.0,0.0109,0.84,2,0,0,0.0,1,0.05,2,0,0,1,1,0,1
DEGAN,241,8,14,1,34.2,0,1,2000,2100,25,1,0,8,1,24,0.21874380000000002,0.0,0.0109,0.84,2,0,0,0.0,1,0.05,2,0,0,1,1,0,1
YUNGAY_1_DIE,242,8,14,1,34.2,0,1,2000,2100,25,1,0,8,1,24,0.28,0.0,0.0109,0.84,2,0,0,0.0,1,0.0,2,0,0,1,1,0,1
YUNGAY_2_DIE,243,8,14,1,34.2,0,1,2000,2100,25,1,0,8,1,24,0.252,0.0,0.0109,0.84,2,0,0,0.0,1,0.0,2,0,0,1,1,0,1
YUNGAY_3_DIE,244,8,14,1,34.2,0,1,2000,2100,25,1,0,8,1,24,0.274,0.0,0.0109,0.84,2,0,0,0.0,1,0.0,2,0,0,1,1,0,1
YUNGAY_4_DIE,245,8,14,1,34.2,0,1,2000,2100,25,1,0,8,1,24,0.214,0.0,0.0109,0.84,2,0,0,0.0,1,0.169096,2,0,0,1,1,0,1
YUNGAY_4_CC_DIE,246,8,14,1,0.0,0,1,2000,2100,25,1,0,8,1,24,0.25,0.0,0.0109,0.84,2,0,0,0.0,1,0.054011,2,0,0,1,1,0,1
E_PACIFICO,247,8,14,1,13.83,0,1,2000,2100,25,1,0,2,22,26,1.56,0.0,0.00035,1.0,2,1,0,0.0,1,0.033324,0,0,0,0,1,0,1
SANTA_FE_1,248,8,14,1,16.46,0,1,2000,2100,25,1,0,2,22,26,2.03,0.0,0.00035,1.0,2,1,0,0.0,1,0.0,0,0,0,0,1,0,1
SANTA_FE_2,249,8,14,1,16.27,0,1,2000,2100,25,1,0,2,22,26,1.8,0.0,0.00035,1.0,2,1,0,0.0,1,0.0,0,0,0,0,1,0,1
SANTA_FE_3,250,8,14,1,15.61,0,1,2000,2100,25,1,0,2,22,26,1.88,0.0,0.00035,1.0,2,1,0,0.0,1,0.0,0,0,0,0,1,0,1
CMPC_LAJA_1,251,8,14,1,4.84,0,1,2000,2100,25,1,0,2,22,26,0.89,0.0,0.00035,1.0,2,1,0,0.0,1,0.0,0,0,0,0,1,0,1
CMPC_LAJA_2,252,8,14,1,9.67,0,1,2000,2100,25,1,0,2,22,26,0.89,0.0,0.00035,1.0,2,1,0,0.0,1,0.0,0,0,0,0,1,0,1
CMPC_LAJA_3,253,8,14,1,9.67,0,1,2000,2100,25,1,0,2,22,26,0.798,0.0,0.00035,1.0,2,1,0,0.0,1,0.0,0,0,0,0,1,0,1
CMPC_PACIFICO_1,254,8,14,1,10.93,0,1,2000,2100,25,1,0,2,22,26,1.18,0.0,0.00035,1.0,2,1,0,0.0,1,0.0,0,0,0,0,1,0,1
CMPC_PACIFICO_2,255,8,14,1,8.8,0,1,2000,2100,25,1,0,2,22,26,1.18,0.0,0.00035,1.0,2,1,0,0.0,1,0.0,0,0,0,0,1,0,1
San_Lorenzo_3,256,8,14,1,7.7,0,1,2000,2100,25,1,0,8,1,24,0.289,0.0,0.0109,0.84,2,0,0,0.0,1,0.0,2,0,0,1,1,0,1
Santa_Fe_4,257,8,14,1,10.76,0,1,2000,2100,25,1,0,2,22,26,5.59,0.0,0.00035,1.0,2,1,0,0.0,1,0.0,0,0,0,0,1,0,1
CMPC_PACIFICO_3,258,8,14,1,10.5,0,1,2000,2100,25,1,0,2,22,26,1.18,0.0,0.00035,1.0,2,1,0,0.0,1,0.0,0,0,0,0,1,0,1
SANTA_MARTA,259,8,14,1,15.7,0,1,2000,2100,25,1,0,2,22,26,1.35,0.0,0.00035,1.0,2,1,0,0.0,1,0.099254,0,0,0,0,1,0,1
LOS_GUINDOS,260,8,14,1,132.0,0,1,2000,2100,25,1,0,8,1,24,0.2443,0.0,0.0109,0.84,2,0,0,0.0,1,0.043478,2,0,0,1,1,0,1
CORDILLERA,261,8,14,1,50.0,0,1,2000,2100,25,1,0,16,19,25,0.35,0.0,0.007472800000000001,33.04198,2,0,0,0.0,1,0.0,8,0,0,1,1,0,1
CAMPESINO,262,8,14,1,600.0,0,1,2000,2100,25,1,0,16,19,25,0.22,0.0,0.007472800000000001,33.04198,2,0,0,0.0,1,0.0,8,0,0,1,1,0,1
CTM3_SIC,263,8,14,1,0.0,0,1,2000,2100,25,1,0,16,19,25,0.25,0.0,0.007472800000000001,33.04198,2,0,0,0.0,1,0.0,8,0,0,1,1,0,1
ENAP_ACONCAGUA,264,8,14,1,40.61,0,1,2000,2100,25,1,0,2,22,26,1.35,0.0,0.00035,1.0,2,1,0,0.0,1,0.0,0,0,0,0,1,0,1
DONA_CARMEN,265,8,14,1,70.0,0,1,2000,2100,25,1,0,8,1,24,0.25,0.0,0.0109,0.84,2,0,0,0.0,1,0.314286,2,0,0,1,1,0,1
CURAUMA,266,8,14,1,0.0,0,1,2000,2100,25,1,0,8,1,24,0.25,0.0,0.0109,0.84,2,0,0,0.0,1,0.19972,2,0,0,1,1,0,1
CASABLANCA1,267,8,14,1,0.0,0,1,2000,2100,25,1,0,8,1,24,0.25,0.0,0.0109,0.84,2,0,0,0.0,1,0.188938,2,0,0,1,1,0,1
CASABLANCA2,268,8,14,1,0.0,0,1,2000,2100,25,1,0,8,1,24,0.25,0.0,0.0109,0.84,2,0,0,0.0,1,0.0,2,0,0,1,1,0,1
CANETE,269,8,14,1,0.0,0,1,2000,2100,25,1,0,8,1,24,0.25,0.0,0.0109,0.84,2,0,0,0.0,1,0.26375,2,0,0,1,1,0,1
LOSSAUCES,270,8,14,1,0.0,0,1,2000,2100,25,1,0,8,1,24,0.25,0.0,0.0109,0.84,2,0,0,0.0,1,0.0,2,0,0,1,1,0,1
MALLECO,271,8,14,1,0.0,0,1,2000,2100,25,1,0,9,24,0,0.0,0.0,0.0,1.0,2,1,0,0.0,1,0.0,0,0,0,0,1,0,1
CHUFKEN,272,8,14,1,0.0,0,1,2000,2100,25,1,0,8,1,24,0.25,0.0,0.0109,0.84,2,0,0,0.0,1,0.009288,2,0,0,1,1,0,1
CURACAUTIN,273,8,14,1,0.0,0,1,2000,2100,25,1,0,8,1,24,0.25,0.0,0.0109,0.84,2,0,0,0.0,1,0.129167,2,0,0,1,1,0,1
QUELLON,274,8,14,1,0.0,0,1,2000,2100,25,1,0,8,1,24,0.25,0.0,0.0109,0.84,2,0,0,0.0,1,0.0,2,0,0,1,1,0,1
PUNITAQUI,275,8,14,1,0.0,0,1,2000,2100,25,1,0,8,1,24,0.25,0.0,0.0109,0.84,2,0,0,0.0,1,0.0,2,0,0,1,1,0,1
SKRETTING,276,8,14,1,0.0,0,1,2000,2100,25,1,0,8,1,24,0.25,0.0,0.0109,0.84,2,0,0,0.0,1,0.0,2,0,0,1,1,0,1
MONTEPATRIA,277,8,14,1,0.0,0,1,2000,2100,25,1,0,8,1,24,0.25,0.0,0.0109,0.84,2,0,0,0.0,1,0.0,2,0,0,1,1,0,1
TIERRA_NOBLE,278,8,14,1,0.0,0,1,2000,2100,25,1,0,16,19,25,0.25,0.0,0.007472800000000001,33.04198,2,0,0,0.0,1,0.0,8,0,0,1,1,0,1
LOS_RULOS,279,8,14,1,0.0,0,1,2000,2100,25,1,0,16,19,25,0.25,0.0,0.007472800000000001,33.04198,2,0,0,0.0,1,0.0,8,0,0,1,1,0,1
ROBLES,280,8,14,1,0.0,0,1,2000,2100,25,1,0,16,19,25,0.25,0.0,0.007472800000000001,33.04198,2,0,0,0.0,1,0.0,8,0,0,1,1,0,1
PTA_ALCALDE,281,8,14,1,0.0,0,1,2000,2100,25,1,0,16,19,25,0.25,0.0,0.007472800000000001,33.04198,2,0,0,0.0,1,0.0,8,0,0,1,1,0,1
GEO_ANCOA,282,8,14,1,0.0,0,1,2000,2100,25,1,0,11,0,0,0.0,0.0,0.0,1.0,2,1,0,0.0,1,0.0,0,0,0,0,1,0,1
GEO_CAUTIN,283,8,14,1,0.0,0,1,2000,2100,25,1,0,11,0,0,0.0,0.0,0.0,1.0,2,1,0,0.0,1,0.0,0,0,0,0,1,0,1
EOLICA_LEBU,284,8,14,1,6.5,0,1,2000,2100,25,1,0,9,24,0,0.0,0.0,0.0,1.0,2,1,17,0.0,1,0.0,0,0,0,0,1,0,1
EOLICA_LEBU_II,285,8,14,1,3.47,0,1,2000,2100,25,1,0,9,24,0,0.0,0.0,0.0,1.0,2,1,16,0.0,1,0.0,0,0,0,0,1,0,1
EOLICA_LEBU_III,286,8,14,1,5.25,0,1,2000,2100,25,1,0,9,24,0,0.0,0.0,0.0,1.0,2,1,16,0.0,1,0.0,0,0,0,0,1,0,1
EOLICA_LAS_PENAS,287,8,14,1,8.0,0,1,2000,2100,25,1,0,9,24,0,0.0,0.0,0.0,1.0,2,1,16,0.0,1,0.0,0,0,0,0,1,0,1
EOLICA_HUAJACHE,288,8,14,1,6.0,0,1,2000,2100,25,1,0,9,24,0,0.0,0.0,0.0,1.0,2,1,16,0.0,1,0.0,0,0,0,0,1,0,1
EOLICA_RAKI,289,8,14,1,9.0,0,1,2000,2100,25,1,0,9,24,0,0.0,0.0,0.0,1.0,2,1,16,0.0,1,0.0,0,0,0,0,1,0,1
MONTEREDONDO,290,8,14,1,48.0,0,1,2000,2100,25,1,0,9,24,0,0.0,0.0,0.0,1.0,2,1,5,0.0,1,0.0,0,0,0,0,1,0,1
CANELA,291,8,14,1,18.15,0,1,2000,2100,25,1,0,9,24,0,0.0,0.0,0.0,1.0,2,1,6,0.0,1,0.0,0,0,0,0,1,0,1
CANELA2,292,8,14,1,60.0,0,1,2000,2100,25,1,0,9,24,0,0.0,0.0,0.0,1.0,2,1,7,0.0,1,0.0,0,0,0,0,1,0,1
EOLICA_UCUQUER,293,8,14,1,6.97,0,1,2000,2100,25,1,0,9,24,0,0.0,0.0,0.0,1.0,2,1,15,0.0,1,0.005,0,0,0,0,1,0,1
EOLICA_UCUQUER_II,294,8,14,1,11.0,0,1,2000,2100,25,1,0,9,24,0,0.0,0.0,0.0,1.0,2,1,15,0.0,1,0.0,0,0,0,0,1,0,1
EOL_P_COLORADA,295,8,14,1,20.0,0,1,2000,2100,25,1,0,9,24,0,0.0,0.0,0.0,1.0,2,1,14,0.0,1,0.0,0,0,0,0,1,0,1
TALINAY_ORIENTE,296,8,14,1,99.0,0,1,2000,2100,25,1,0,9,24,0,0.0,0.0,0.0,1.0,2,1,8,0.0,1,0.090909,0,0,0,0,1,0,1
EL_ARRAYAN,297,8,14,1,115.0,0,1,2000,2100,25,1,0,9,24,0,0.0,0.0,0.0,1.0,2,1,10,0.0,1,0.0,0,0,0,0,1,0,1
NEGRETE_CUEL,298,8,14,1,33.0,0,1,2000,2100,25,1,0,9,24,0,0.0,0.0,0.0,1.0,2,1,16,0.0,1,0.0,0,0,0,0,1,0,1
EOLICA_LA_ESPERANZA,299,8,14,1,10.5,0,1,2000,2100,25,1,0,9,24,0,0.0,0.0,0.0,1.0,2,1,16,0.0,1,0.0,0,0,0,0,1,0,1
PTA_PALMERA,300,8,14,1,45.0,0,1,2000,2100,25,1,0,9,24,0,0.0,0.0,0.0,1.0,2,1,12,0.0,1,0.0,0,0,0,0,1,0,1
EOL_SAN_PEDRO,301,8,14,1,36.0,0,1,2000,2100,25,1,0,9,24,0,0.0,0.0,0.0,1.0,2,1,18,0.0,1,0.0,0,0,0,0,1,0,1
LOS_CURUROS,302,8,14,1,109.6,0,1,2000,2100,25,1,0,9,24,0,0.0,0.0,0.0,1.0,2,1,11,0.0,1,0.003636,0,0,0,0,1,0,1
EOL_TOTORAL,303,8,14,1,46.0,0,1,2000,2100,25,1,0,9,24,0,0.0,0.0,0.0,1.0,2,1,13,0.0,1,0.0,0,0,0,0,1,0,1
EOLICA_TALTAL,304,8,14,1,99.0,0,1,2000,2100,25,1,0,9,24,0,0.0,0.0,0.0,1.0,2,1,3,0.0,1,0.0,0,0,0,0,1,0,1
EOL_TALINAY_PONIENTE,305,8,14,1,60.8,0,1,2000,2100,25,1,0,9,24,0,0.0,0.0,0.0,1.0,2,1,9,0.0,1,0.003279,0,0,0,0,1,0,1
EOL_RENAICO,306,8,14,1,88.0,0,1,2000,2100,25,1,0,9,24,0,0.0,0.0,0.0,1.0,2,1,16,0.0,1,0.0,0,0,0,0,1,0,1
L_BUENOS_AIRES,307,8,14,1,24.0,0,1,2000,2100,25,1,0,9,24,0,0.0,0.0,0.0,1.0,2,1,16,0.0,1,0.0,0,0,0,0,1,0,1
EOLICA_CABO_LEONES_I,308,8,14,1,115.5,0,1,2000,2100,25,1,0,9,24,0,0.0,0.0,0.0,1.0,2,1,4,0.0,1,0.0,0,0,0,0,1,0,1
EOL_SAN_JUAN,309,8,14,1,184.4,0,1,2000,2100,25,1,0,9,24,0,0.0,0.0,0.0,1.0,2,1,4,0.0,1,0.002165,0,0,0,0,1,0,1
AURORA,310,8,14,1,130.0,0,1,2000,2100,25,1,0,9,24,0,0.0,0.0,0.0,1.0,2,1,5,0.0,1,0.030769,0,0,0,0,1,0,1
EOL_PTA_SIERRA,311,8,14,1,77.0,0,1,2000,2100,25,1,0,9,24,0,0.0,0.0,0.0,1.0,2,1,11,0.0,1,0.0375,0,0,0,0,1,0,1
SARCO,312,8,14,1,168.0,0,1,2000,2100,25,1,0,9,24,0,0.0,0.0,0.0,1.0,2,1,4,0.0,1,0.011765,0,0,0,0,1,0,1
EOL_SAN_PEDRO_II,313,8,14,1,65.0,0,1,2000,2100,25,1,0,9,24,0,0.0,0.0,0.0,1.0,2,1,18,0.0,1,0.0,0,0,0,0,1,0,1
EOL_TRIGALES,314,8,14,1,155.0,0,1,2024,2100,25,1,0,9,24,0,0.0,0.0,0.0,1.0,2,1,16,0.0,1,0.0,0,0,0,0,1,0,1
EOL_ALENA,315,8,14,1,46.0,0,1,2021,2100,25,1,0,9,24,0,0.0,0.0,0.0,1.0,2,1,16,0.0,1,0.0,0,0,0,0,1,0,1
EOL_PINON_BLANCO,316,8,14,1,168.0,0,1,2024,2100,25,1,0,9,24,0,0.0,0.0,0.0,1.0,2,1,16,0.0,1,0.0,0,0,0,0,1,0,1
EOL_SAN_GABRIEL,317,8,14,1,183.0,0,1,2021,2100,25,1,0,9,24,0,0.0,0.0,0.0,1.0,2,1,16,0.0,1,0.0,0,0,0,0,1,0,1
EOL_MULCHEN,318,8,14,1,57.0,0,1,2024,2100,25,1,0,9,24,0,0.0,0.0,0.0,1.0,2,1,16,0.0,1,0.0,0,0,0,0,1,0,1
EOL_LOS_OLMOS,319,8,14,1,125.0,0,1,2024,2100,25,1,0,9,24,0,0.0,0.0,0.0,1.0,2,1,16,0.0,1,0.0,0,0,0,0,1,0,1
EOL_COLLIPULLI,320,8,14,1,44.0,0,1,2024,2100,25,1,0,9,24,0,0.0,0.0,0.0,1.0,2,1,16,0.0,1,0.0,0,0,0,0,1,0,1
EOL_ESPERANZA,321,8,14,1,202.0,0,1,2024,2100,25,1,0,9,24,0,0.0,0.0,0.0,1.0,2,1,16,0.0,1,0.0,0,0,0,0,1,0,1
CAMAN,322,8,14,1,150.0,0,1,2021,2100,25,1,0,9,24,0,0.0,0.0,0.0,1.0,2,1,16,0.0,1,0.0,0,0,0,0,1,0,1
EOL_MALLECO,323,8,14,1,270.0,0,1,2021,2100,25,1,0,9,24,0,0.0,0.0,0.0,1.0,2,1,16,0.0,1,0.0,0,0,0,0,1,0,1
CABO_LEONES_I_AMP,324,8,14,1,63.0,0,1,2021,2100,25,1,0,9,24,0,0.0,0.0,0.0,1.0,2,1,4,0.0,1,0.0,0,0,0,0,1,0,1
CABO_LEONES_II,325,8,14,1,204.0,0,1,2021,2100,25,1,0,9,24,0,0.0,0.0,0.0,1.0,2,1,4,0.0,1,0.0,0,0,0,0,1,0,1
CABO_LEONES_III,326,8,14,1,124.0,0,1,2021,2100,25,1,0,9,24,0,0.0,0.0,0.0,1.0,2,1,4,0.0,1,0.091575,0,0,0,0,1,0,1
EOL_LOMAS_DUQUECO,327,8,14,1,50.0,0,1,2021,2100,25,1,0,9,24,0,0.0,0.0,0.0,1.0,2,1,16,0.0,1,0.0,0,0,0,0,1,0,1
EOL_PUELCHE_SUR,328,8,14,1,132.0,0,1,2021,2100,25,1,0,9,24,0,0.0,0.0,0.0,1.0,2,1,19,0.0,1,0.076277,0,0,0,0,1,0,1
EOL_COIHUE,329,8,14,1,216.0,0,1,2021,2100,25,1,0,9,24,0,0.0,0.0,0.0,1.0,2,1,16,0.0,1,0.0,0,0,0,0,1,0,1
EOL_LOS_GUINDOS,330,8,14,1,376.0,0,1,2021,2100,25,1,0,9,24,0,0.0,0.0,0.0,1.0,2,1,16,0.0,1,0.0,0,0,0,0,1,0,1
EOL_NEGRETE,331,8,14,1,40.0,0,1,2021,2100,25,1,0,9,24,0,0.0,0.0,0.0,1.0,2,1,16,0.0,1,0.0,0,0,0,0,1,0,1
EOL_LA_FLOR,332,8,14,1,40.0,0,1,2000,2100,25,1,0,9,24,0,0.0,0.0,0.0,1.0,2,1,16,0.0,1,0.0,0,0,0,0,1,0,1
EOL_SAN_MANUEL,333,8,14,1,27.0,0,1,2021,2100,25,1,0,9,24,0,0.0,0.0,0.0,1.0,2,1,16,0.0,1,0.0,0,0,0,0,1,0,1
EOL_TOLPAN,334,8,14,1,117.0,0,1,2024,2100,25,1,0,9,24,0,0.0,0.0,0.0,1.0,2,1,16,0.0,1,0.0,0,0,0,0,1,0,1
EOL_SAN_MATIAS,335,8,14,1,140.0,0,1,2024,2100,25,1,0,9,24,0,0.0,0.0,0.0,1.0,2,1,16,0.0,1,0.0,0,0,0,0,1,0,1
EOL_SAN_RARINCO,336,8,14,1,100.0,0,1,2024,2100,25,1,0,9,24,0,0.0,0.0,0.0,1.0,2,1,16,0.0,1,0.0,0,0,0,0,1,0,1
EOL_MESAMAVIDA,337,8,14,1,40.0,0,1,2024,2100,25,1,0,9,24,0,0.0,0.0,0.0,1.0,2,1,16,0.0,1,0.0,0,0,0,0,1,0,1
PS_SAN_ANDRES,338,8,14,1,47.0,0,1,2000,2100,25,1,0,18,23,13,0.0,0.0,0.0,1.0,2,1,28,0.0,1,0.06,0,0,0,0,1,0,1
SOLAR_ESPERANZA,339,8,14,1,2.88,0,1,2000,2100,25,1,0,18,23,13,0.0,0.0,0.0,1.0,2,1,30,0.0,1,0.006897,0,0,0,0,1,0,1
SOLAR_AVENIR_1,340,8,14,1,3.0,0,1,2000,2100,25,1,0,18,23,13,0.0,0.0,0.0,1.0,2,1,30,0.0,1,0.0,0,0,0,0,1,0,1
TAMBO_REAL,341,8,14,1,2.93,0,1,2000,2100,25,1,0,18,23,13,0.0,0.0,0.0,1.0,2,1,30,0.0,1,0.010239,0,0,0,0,1,0,1
TIL-TIL_1,342,8,14,1,2.5,0,1,2000,2100,25,1,0,18,23,13,0.0,0.0,0.0,1.0,2,1,32,0.0,1,0.167333,0,0,0,0,1,0,1
SOLAR_LOMA_LOS_COLORADOS,343,8,14,1,1.07,0,1,2000,2100,25,1,0,18,23,13,0.0,0.0,0.0,1.0,2,1,32,0.0,1,0.0,0,0,0,0,1,0,1
PV_SALVADOR,344,8,14,1,68.0,0,1,2000,2100,25,1,0,18,23,13,0.0,0.0,0.0,1.0,2,1,27,0.0,1,0.0,0,0,0,0,1,0,1
LALACKAMA,345,8,14,1,55.5,0,1,2000,2100,25,1,0,18,23,13,0.0,0.0,0.0,1.0,2,1,25,0.0,1,0.009009,0,0,0,0,1,0,1
Lalackama_2,346,8,14,1,16.0,0,1,2000,2100,25,1,0,18,23,13,0.0,0.0,0.0,1.0,2,1,25,0.0,1,0.0,0,0,0,0,1,0,1
SOLAR_ROMERO,347,8,14,1,196.0,0,1,2000,2100,25,1,0,18,23,13,0.0,0.0,0.0,1.0,2,1,35,0.0,1,0.0,0,0,0,0,1,0,1
FV_CHANARES,348,8,14,1,35.0,0,1,2000,2100,25,1,0,18,23,13,0.0,0.0,0.0,1.0,2,1,26,0.0,1,0.0,0,0,0,0,1,0,1
JAVIERA,349,8,14,1,69.0,0,1,2000,2100,25,1,0,18,23,13,0.0,0.0,0.0,1.0,2,1,26,0.0,1,0.0,0,0,0,0,1,0,1
PAMPA_SOLAR_NORTE,350,8,14,1,90.6,0,1,2000,2100,25,1,0,18,23,13,0.0,0.0,0.0,1.0,2,1,28,0.0,1,0.220751,0,0,0,0,1,0,1
Carrera_Pinto,351,8,14,1,93.5,0,1,2000,2100,25,1,0,18,23,13,0.0,0.0,0.0,1.0,2,1,28,0.0,1,0.036082,0,0,0,0,1,0,1
FV_LUZ_DEL_NORTE_1,352,8,14,1,162.0,0,1,2000,2100,25,1,0,18,23,13,0.0,0.0,0.0,1.0,2,1,28,0.0,1,0.12963,0,0,0,0,1,0,1
FV_CONEJO,353,8,14,1,108.0,0,1,2000,2100,25,1,0,18,23,13,0.0,0.0,0.0,1.0,2,1,25,0.0,1,0.0,0,0,0,0,1,0,1
QUILAPILUN,354,8,14,1,110.0,0,1,2000,2100,25,1,0,18,23,13,0.0,0.0,0.0,1.0,2,1,31,0.0,1,0.061818,0,0,0,0,1,0,1
LLANO_LLAMPOS,355,8,14,1,93.6,0,1,2000,2100,25,1,0,18,23,13,0.0,0.0,0.0,1.0,2,1,29,0.0,1,0.00641,0,0,0,0,1,0,1
DALMAGRO_PS,356,8,14,1,36.0,0,1,2000,2100,25,1,0,18,23,13,0.0,0.0,0.0,1.0,2,1,26,0.0,1,0.0,0,0,0,0,1,0,1
LOS_LOROS,357,8,14,1,50.0,0,1,2000,2100,25,1,0,18,23,13,0.0,0.0,0.0,1.0,2,1,26,0.0,1,0.0,0,0,0,0,1,0,1
SOLAR_ALTURAS_DE_OVALLE,358,8,14,1,6.0,0,1,2000,2100,25,1,0,18,23,13,0.0,0.0,0.0,1.0,2,1,30,0.0,1,0.0,0,0,0,0,1,0,1
SOLAR_CHUCHINI,359,8,14,1,2.88,0,1,2000,2100,25,1,0,18,23,13,0.0,0.0,0.0,1.0,2,1,30,0.0,1,0.006897,0,0,0,0,1,0,1
SOLAR_SANTA_CECILIA,360,8,14,1,3.0,0,1,2000,2100,25,1,0,18,23,13,0.0,0.0,0.0,1.0,2,1,30,0.0,1,0.0,0,0,0,0,1,0,1
SOLAR_LA_SILLA,361,8,14,1,1.9,0,1,2000,2100,25,1,0,18,23,13,0.0,0.0,0.0,1.0,2,1,30,0.0,1,0.0,0,0,0,0,1,0,1
SOLAR_PILAR_LOS_AMARILLOS,362,8,14,1,3.0,0,1,2000,2100,25,1,0,18,23,13,0.0,0.0,0.0,1.0,2,1,30,0.0,1,0.266667,0,0,0,0,1,0,1
SOLAR_PAMA,363,8,14,1,2.0,0,1,2000,2100,25,1,0,18,23,13,0.0,0.0,0.0,1.0,2,1,30,0.0,1,0.0,0,0,0,0,1,0,1
SOLAR_LOMAS_COLORADAS,364,8,14,1,2.0,0,1,2000,2100,25,1,0,18,23,13,0.0,0.0,0.0,1.0,2,1,30,0.0,1,0.0,0,0,0,0,1,0,1
SDGx01,365,8,14,1,1.26,0,1,2000,2100,25,1,0,18,23,13,0.0,0.0,0.0,1.0,2,1,30,0.0,1,0.032308,0,0,0,0,1,0,1
SOLAR_LUNA,366,8,14,1,2.96,0,1,2000,2100,25,1,0,18,23,13,0.0,0.0,0.0,1.0,2,1,30,0.0,1,0.013333,0,0,0,0,1,0,1
SOLAR_SOL,367,8,14,1,2.96,0,1,2000,2100,25,1,0,18,23,13,0.0,0.0,0.0,1.0,2,1,30,0.0,1,0.013333,0,0,0,0,1,0,1
SOLAR_LAGUNILLA,368,8,14,1,2.96,0,1,2000,2100,25,1,0,18,23,13,0.0,0.0,0.0,1.0,2,1,30,0.0,1,0.013333,0,0,0,0,1,0,1
SOLAR_EL_DIVISADERO,369,8,14,1,3.0,0,1,2000,2100,25,1,0,18,23,13,0.0,0.0,0.0,1.0,2,1,30,0.0,1,0.0,0,0,0,0,1,0,1
SOLAR_SANTA_JULIA,370,8,14,1,3.0,0,1,2000,2100,25,1,0,18,23,13,0.0,0.0,0.0,1.0,2,1,30,0.0,1,0.0,0,0,0,0,1,0,1
SOLAR_NILHUE,371,8,14,1,1.1,0,1,2000,2100,25,1,0,18,23,13,0.0,0.0,0.0,1.0,2,1,30,0.0,1,0.0,0,0,0,0,1,0,1
SOLAR_TIL_TIL,372,8,14,1,3.0,0,1,2000,2100,25,1,0,18,23,13,0.0,0.0,0.0,1.0,2,1,30,0.0,1,0.0,0,0,0,0,1,0,1
SOLAR_CABILSOL,373,8,14,1,3.0,0,1,2000,2100,25,1,0,18,23,13,0.0,0.0,0.0,1.0,2,1,30,0.0,1,0.0,0,0,0,0,1,0,1
SOLAR_PANQUEHUE_II,374,8,14,1,6.0,0,1,2000,2100,25,1,0,18,23,13,0.0,0.0,0.0,1.0,2,1,30,0.0,1,0.0,0,0,0,0,1,0,1
SOLAR_HORMIGA,375,8,14,1,2.54,0,1,2000,2100,25,1,0,18,23,13,0.0,0.0,0.0,1.0,2,1,30,0.0,1,0.015748,0,0,0,0,1,0,1
SOLAR_SAN_PEDRO,376,8,14,1,3.0,0,1,2000,2100,25,1,0,18,23,13,0.0,0.0,0.0,1.0,2,1,30,0.0,1,0.0,0,0,0,0,1,0,1
SOLAR_CINTAC,377,8,14,1,2.5,0,1,2000,2100,25,1,0,18,23,13,0.0,0.0,0.0,1.0,2,1,30,0.0,1,0.0,0,0,0,0,1,0,1
SOLAR_EL_BOCO,378,8,14,1,3.0,0,1,2000,2100,25,1,0,18,23,13,0.0,0.0,0.0,1.0,2,1,30,0.0,1,0.0,0,0,0,0,1,0,1
SOLAR_LA_CHAPEANA,379,8,14,1,2.8,0,1,2000,2100,25,1,0,18,23,13,0.0,0.0,0.0,1.0,2,1,30,0.0,1,0.0,0,0,0,0,1,0,1
SOLAR_LAS_MOLLACAS,380,8,14,1,2.8,0,1,2000,2100,25,1,0,18,23,13,0.0,0.0,0.0,1.0,2,1,30,0.0,1,0.0,0,0,0,0,1,0,1
SOLAR_BELLAVISTA,381,8,14,1,3.0,0,1,2000,2100,25,1,0,18,23,13,0.0,0.0,0.0,1.0,2,1,30,0.0,1,0.0,0,0,0,0,1,0,1
SOLAR_ESPERANZA_II,382,8,14,1,9.0,0,1,2000,2100,25,1,0,18,23,13,0.0,0.0,0.0,1.0,2,1,30,0.0,1,0.0,0,0,0,0,1,0,1
SOLAR_MARCHIGUE_II,383,8,14,1,9.0,0,1,2000,2100,25,1,0,18,23,13,0.0,0.0,0.0,1.0,2,1,30,0.0,1,0.0,0,0,0,0,1,0,1
SOLAR_LAS_TURCAS,384,8,14,1,3.0,0,1,2000,2100,25,1,0,18,23,13,0.0,0.0,0.0,1.0,2,1,30,0.0,1,0.0,0,0,0,0,1,0,1
SOLAR_PILOTO_CARDONES,385,8,14,1,0.4,0,1,2000,2100,25,1,0,18,23,13,0.0,0.0,0.0,1.0,2,1,30,0.0,1,0.0,0,0,0,0,1,0,1
SOLAR_VALLE_DE_LA_LUNA_2,386,8,14,1,3.0,0,1,2000,2100,25,1,0,18,23,13,0.0,0.0,0.0,1.0,2,1,30,0.0,1,0.0,0,0,0,0,1,0,1
SOLAR_DON_EUGENIO,387,8,14,1,3.0,0,1,2000,2100,25,1,0,18,23,13,0.0,0.0,0.0,1.0,2,1,30,0.0,1,0.0,0,0,0,0,1,0,1
SOLAR_LA_QUINTA_SOLAR,388,8,14,1,3.0,0,1,2000,2100,25,1,0,18,23,13,0.0,0.0,0.0,1.0,2,1,30,0.0,1,0.0,0,0,0,0,1,0,1
SOLAR_SAN_FRANCISCO,389,8,14,1,3.0,0,1,2000,2100,25,1,0,18,23,13,0.0,0.0,0.0,1.0,2,1,30,0.0,1,0.0,0,0,0,0,1,0,1
SOLAR_EL_QUELTEHUE,390,8,14,1,3.0,0,1,2000,2100,25,1,0,18,23,13,0.0,0.0,0.0,1.0,2,1,30,0.0,1,0.0,0,0,0,0,1,0,1
SOLAR_GENPAC,391,8,14,1,12.0,0,1,2000,2100,25,1,0,18,23,13,0.0,0.0,0.0,1.0,2,1,30,0.0,1,0.0,0,0,0,0,1,0,1
DIVISADERO,392,8,14,1,65.0,0,1,2000,2100,25,1,0,18,23,13,0.0,0.0,0.0,1.0,2,1,35,0.0,1,0.0,0,0,0,0,1,0,1
SOLAR_LAS_TERRAZAS,393,8,14,1,3.0,0,1,2000,2100,25,1,0,18,23,13,0.0,0.0,0.0,1.0,2,1,32,0.0,1,0.0,0,0,0,0,1,0,1
PELICANO,394,8,14,1,99.0,0,1,2000,2100,25,1,0,18,23,13,0.0,0.0,0.0,1.0,2,1,35,0.0,1,0.01,0,0,0,0,1,0,1
CHAKA,395,8,14,1,27.0,0,1,2000,2100,25,1,0,18,23,13,0.0,0.0,0.0,1.0,2,1,26,0.0,1,0.0,0,0,0,0,1,0,1
Chaka_2,396,8,14,1,23.0,0,1,2000,2100,25,1,0,18,23,13,0.0,0.0,0.0,1.0,2,1,26,0.0,1,0.0,0,0,0,0,1,0,1
SPV_P4,397,8,14,1,10.0,0,1,2000,2100,25,1,0,18,23,13,0.0,0.0,0.0,1.0,2,1,33,0.0,1,0.0,0,0,0,0,1,0,1
FV_DONA_CARMEN,398,8,14,1,40.0,0,1,2000,2100,25,1,0,18,23,13,0.0,0.0,0.0,1.0,2,1,33,0.0,1,0.0,0,0,0,0,1,0,1
SANTIAGO_SOLAR,399,8,14,1,94.0,0,1,2000,2100,25,1,0,18,23,13,0.0,0.0,0.0,1.0,2,1,33,0.0,1,0.040816,0,0,0,0,1,0,1
INCA_DE_VARAS,400,8,14,1,120.0,0,1,2021,2100,25,1,0,18,23,13,0.0,0.0,0.0,1.0,2,1,28,0.0,1,0.0,0,0,0,0,1,0,1
SOLAR_ALCONES,401,8,14,1,60.0,0,1,2021,2100,25,1,0,18,23,13,0.0,0.0,0.0,1.0,2,1,33,0.0,1,0.166667,0,0,0,0,1,0,1
SOL_DE_VALLENAR,402,8,14,1,250.0,0,1,2021,2100,25,1,0,18,23,13,0.0,0.0,0.0,1.0,2,1,35,0.0,1,0.190152,0,0,0,0,1,0,1
CTM3_SING,403,8,14,1,237.63,0,1,2000,2100,25,1,0,16,19,25,0.20752318423244498,0.0,0.007472800000000001,33.04198,1,0,0,32.8,1,0.154214,8,0,0,1,1,0,1
CHAP_SING,404,8,14,1,9.89,0,1,2000,2100,25,1,0,14,25,0,0.0,0.0,0.0,1.0,1,0,0,0.0,0,0.025,4,0,0,0,1,0,1
GMAR_SING,405,8,14,1,5.82,0,1,2000,2100,25,1,0,8,1,24,0.2506,0.0,0.0109,0.84,1,0,0,0.0,1,0.303976,2,0,0,1,1,0,1
M1AR,406,8,14,1,2.14,0,1,2000,2100,25,1,0,8,1,24,0.2564,0.0,0.0109,0.84,1,0,0,0.0,1,0.268499,2,0,0,1,1,0,1
M2AR,407,8,14,1,2.14,0,1,2000,2100,25,1,0,8,1,24,0.2556,0.0,0.0109,0.84,1,0,0,0.0,1,0.250533,2,0,0,1,1,0,1
TGIQ_SING,408,8,14,1,12.33,0,1,2000,2100,25,1,0,8,1,24,0.3236,0.0,0.0109,0.84,1,0,0,0.0,1,0.0,2,0,0,1,1,0,1
MAIQ,409,8,14,1,5.2,0,1,2000,2100,25,1,0,8,1,24,0.257,0.0,0.0109,0.84,1,0,0,0.0,1,0.077589,2,0,0,1,1,0,1
MIIQ,410,8,14,1,2.74,0,1,2000,2100,25,1,0,8,1,24,0.2563,0.0,0.0109,0.84,1,0,0,0.0,1,0.024484,2,0,0,1,1,0,1
MSIQ,411,8,14,1,5.44,0,1,2000,2100,25,1,0,8,1,24,0.2276,0.0,0.0109,0.84,1,0,0,0.0,1,0.078,2,0,0,1,1,0,1
SUIQ,412,8,14,1,3.98,0,1,2000,2100,25,1,0,8,1,24,0.2771,0.0,0.0109,0.84,1,0,0,0.0,1,0.020443,2,0,0,1,1,0,1
CTM1_SING,413,8,14,1,133.45,0,1,2000,2025,25,1,0,6,13,23,0.5077482264867188,0.0,0.007,1.0,1,0,0,49.0,1,0.102158,6,0,0,1,1,0,1
CTM2_SING,414,8,14,1,138.37,0,1,2000,2025,25,1,0,6,13,23,0.43342974122071043,0.0,0.007,1.0,1,0,0,49.0,1,0.101511,6,0,0,1,1,0,1
MIMB_SING,415,8,14,1,26.62,0,1,2000,2100,25,1,0,8,1,24,0.2541,0.0,0.0109,0.84,1,0,0,0.0,1,0.046608,2,0,0,1,1,0,1
U10_SING,416,8,14,1,33.84,0,1,2000,2100,25,1,0,8,1,24,0.000301,0.0,9.817500000000002e-06,1000.0,1,0,0,0.0,1,0.06,2,0,0,1,1,0,1
U11_SING,417,8,14,1,33.84,0,1,2000,2100,25,1,0,8,1,24,0.000301,0.0,9.817500000000002e-06,1000.0,1,0,0,0.0,1,0.06,2,0,0,1,1,0,1
U12_SING,418,8,14,1,68.59,0,1,2000,2019,25,1,0,6,13,23,0.48046048461392,0.0,0.007,1.0,1,0,0,44.28,1,0.155545,6,0,0,1,1,0,1
U13_SING,419,8,14,1,71.26,0,1,2000,2019,25,1,0,6,13,23,0.5013419493700391,0.0,0.007,1.0,1,0,0,44.28,1,0.108596,6,0,0,1,1,0,1
U14_SING,420,8,14,1,108.6,0,1,2000,2024,25,1,0,6,13,23,0.4212620368595199,0.0,0.007,1.0,1,0,0,66.27,1,0.14936,6,0,0,1,1,0,1
U15_SING,421,8,14,1,104.22,0,1,2000,2024,25,1,0,6,13,23,0.42711412999789117,0.0,0.007,1.0,1,0,0,66.66,1,0.159884,6,0,0,1,1,0,1
TG1_SING,422,8,14,1,11.08,0,1,2000,2100,25,1,0,8,1,24,0.32381971469820164,0.0,0.0109,0.84,1,0,0,0.0,1,0.0,2,0,0,1,1,0,1
TG2_SING,423,8,14,1,11.08,0,1,2000,2100,25,1,0,8,1,24,0.32381971469820164,0.0,0.0109,0.84,1,0,0,0.0,1,0.0,2,0,0,1,1,0,1
TG3_SING,424,8,14,1,18.17,0,1,2000,2100,25,1,0,8,1,24,0.267914759776512,0.0,0.0109,0.84,1,0,0,0.0,1,0.0,2,0,0,1,1,0,1
CUMMINS,425,8,14,1,0.69,0,1,2000,2100,25,1,0,8,1,24,0.3,0.0,0.0109,0.84,1,0,0,0.0,1,0.047361,2,0,0,1,1,0,1
DEUTZ,426,8,14,1,1.86,0,1,2000,2100,25,1,0,8,1,24,0.33,0.0,0.0109,0.84,1,0,0,0.0,1,0.050485,2,0,0,1,1,0,1
NTO1_SING,427,8,14,1,120.76,0,1,2000,2026,25,1,0,6,13,23,0.41816559731175,0.0,0.007,1.0,1,0,0,44.83,1,0.007788,6,0,0,1,1,0,1
NTO2_SING,428,8,14,1,117.73,0,1,2000,2032,25,1,0,6,13,23,0.403527544147792,0.0,0.007,1.0,1,0,0,45.83,1,0.06521,6,0,0,1,1,0,1
CTTAR_SING,429,8,14,1,127.65,0,1,2000,2020,25,1,0,6,13,23,0.4202574312000001,0.0,0.007,1.0,1,0,0,60.52,1,0.140506,6,0,0,1,1,0,1
TGTAR_SING,430,8,14,1,18.64,0,1,2000,2100,25,1,0,8,1,24,0.3999491959,0.0,0.0109,0.84,1,0,0,0.0,1,0.211833,2,0,0,1,1,0,1
ZOFRI_1,431,8,14,1,0.44,0,1,2000,2100,25,1,0,8,1,24,0.2234,0.0,0.0109,0.84,1,0,0,0.0,1,0.0,2,0,0,1,1,0,1
ZOFRI_2-5,432,8,14,1,4.88,0,1,2000,2100,25,1,0,8,1,24,0.2208,0.0,0.0109,0.84,1,0,0,0.0,1,0.055233,2,0,0,1,1,0,1
ZOFRI_6,433,8,14,1,0.44,0,1,2000,2100,25,1,0,8,1,24,0.1962,0.0,0.0109,0.84,1,0,0,0.0,1,0.025,2,0,0,1,1,0,1
ZOFRI_7-12,434,8,14,1,4.83,0,1,2000,2100,25,1,0,8,1,24,0.20912,0.0,0.0109,0.84,1,0,0,0.0,1,0.0,2,0,0,1,1,0,1
ZOFRI_13,435,8,14,1,1.54,0,1,2000,2100,25,1,0,8,1,24,0.2209,0.0,0.0109,0.84,1,0,0,0.0,1,0.0,2,0,0,1,1,0,1
U16_SING,436,8,14,1,331.73,0,1,2000,2100,25,1,0,16,19,25,0.1860744126557053,0.0,0.007472800000000001,33.04198,1,0,0,42.9,1,0.032871,8,0,0,1,1,0,1
CC1_SING,437,8,14,1,329.82,0,1,2000,2100,25,1,0,16,19,25,0.2033,0.0,0.007472800000000001,33.04198,1,0,0,27.0,1,0.012791,8,0,0,1,1,0,1
CC2_SING,438,8,14,1,332.37,0,1,2000,2100,25,1,0,16,19,25,0.2033,0.0,0.007472800000000001,33.04198,1,0,0,20.6,1,0.020365,8,0,0,1,1,0,1
CTA_SING,439,8,14,1,148.92,0,1,2000,2030,25,1,0,6,13,23,0.37073643985999993,0.0,0.007,1.0,1,0,0,53.8,1,0.073861,6,0,0,1,1,0,1
CTH_SING,440,8,14,1,150.68,0,1,2000,2036,25,1,0,6,13,23,0.3997703465961461,0.0,0.007,1.0,1,0,0,53.8,1,0.066045,6,0,0,1,1,0,1
ANG_I_SING,441,8,14,1,229.83,0,1,2000,2038,25,1,0,6,13,23,0.3939583443097211,0.0,0.007,1.0,1,0,0,51.68,1,0.075486,6,0,0,1,1,0,1
ANG_II_SING,442,8,14,1,233.52,0,1,2000,2037,25,1,0,6,13,23,0.39811917150308296,0.0,0.007,1.0,1,0,0,51.68,1,0.076979,6,0,0,1,1,0,1
IEM_I_SING,443,8,14,1,325.97,0,1,2000,2040,25,1,0,6,13,23,0.4,0.0,0.007,1.0,1,0,0,170.0,1,0.13075,6,0,0,1,1,0,1
PAM_SING,444,8,14,1,16.15,0,1,2000,2100,25,1,0,2,22,26,1.35,0.0,0.00035,1.0,1,1,0,0.0,1,0.0,0,0,0,0,1,0,1
COCHRANE_1_SING,445,8,14,1,224.14,0,1,2000,2039,25,1,0,6,13,23,0.4033893798960001,0.0,0.007,1.0,1,0,0,77.94,1,0.050233,6,0,0,1,1,0,1
COCHRANE_2_SING,446,8,14,1,224.14,0,1,2000,2039,25,1,0,6,13,23,0.4033893798960001,0.0,0.007,1.0,1,0,0,77.94,1,0.050233,6,0,0,1,1,0,1
KELAR_SING,447,8,14,1,506.16,0,1,2000,2100,25,1,0,16,19,25,0.18221186408717893,0.0,0.007472800000000001,33.04198,1,0,0,63.3,1,0.05304,8,0,0,1,1,0,1
CAVA,448,8,14,1,2.6,0,1,2000,2100,25,1,0,14,25,0,0.0,0.0,0.0,1.0,1,0,0,0.0,0,0.0,4,0,0,0,1,0,1
MHAH,449,8,14,1,1.1,0,1,2000,2100,25,1,0,14,25,0,0.0,0.0,0.0,1.0,1,0,0,0.0,0,0.0,4,0,0,0,1,0,1
MHT2,450,8,14,1,1.1,0,1,2000,2100,25,1,0,14,25,0,0.0,0.0,0.0,1.0,1,0,0,0.0,0,0.0,4,0,0,0,1,0,1
UG1,451,8,14,1,6.47,0,1,2000,2100,25,1,0,8,1,24,0.219,0.0,0.0109,0.84,1,0,0,0.0,1,0.00505,2,0,0,1,1,0,1
UG2,452,8,14,1,6.47,0,1,2000,2100,25,1,0,8,1,24,0.216,0.0,0.0109,0.84,1,0,0,0.0,1,0.00505,2,0,0,1,1,0,1
UG3,453,8,14,1,6.47,0,1,2000,2100,25,1,0,8,1,24,0.215,0.0,0.0109,0.84,1,0,0,0.0,1,0.00505,2,0,0,1,1,0,1
UG4,454,8,14,1,6.47,0,1,2000,2100,25,1,0,8,1,24,0.202,0.0,0.0109,0.84,1,0,0,0.0,1,0.00505,2,0,0,1,1,0,1
UG5,455,8,14,1,8.59,0,1,2000,2100,25,1,0,8,1,24,0.224,0.0,0.0109,0.84,1,0,0,0.0,1,0.001078,2,0,0,1,1,0,1
UG6,456,8,14,1,8.59,0,1,2000,2100,25,1,0,8,1,24,0.22,0.0,0.0109,0.84,1,0,0,0.0,1,0.001078,2,0,0,1,1,0,1
AGB,457,8,14,1,1.95,0,1,2000,2100,25,1,0,8,1,24,0.234,0.0,0.0109,0.84,1,0,0,0.0,1,0.0,2,0,0,1,1,0,1
INACAL,458,8,14,1,6.65,0,1,2000,2100,25,1,0,8,1,24,0.2613804754624,0.0,0.0109,0.84,1,0,0,0.0,1,0.004144,2,0,0,1,1,0,1
SUTA_SING,459,8,14,1,99.25,0,1,2000,2100,25,1,0,8,1,24,0.2249232,0.0,0.0109,0.84,1,0,0,0.0,1,0.0,2,0,0,1,1,0,1
TECNET,460,8,14,1,2.93,0,1,2000,2100,25,1,0,8,1,24,0.2164,0.0,0.0109,0.84,1,0,0,0.0,1,0.0,2,0,0,1,1,0,1
MHSR,461,8,14,1,0.5,0,1,2000,2100,25,1,0,14,25,0,0.0,0.0,0.0,1.0,1,0,0,0.0,0,0.0,4,0,0,0,1,0,1
CERRO_PABELLON_SING,462,8,14,1,50.0,0,1,2000,2100,25,1,0,11,0,0,0.0,0.0,0.0,1.0,1,1,0,0.0,1,0.0,0,0,0,0,1,0,1
VALLE_VIENTOS_SING,463,8,14,1,90.0,0,1,2000,2100,25,1,0,9,24,0,0.0,0.0,0.0,1.0,1,1,1,0.0,1,0.012222,0,0,0,0,1,0,1
SIERRA_GORDA_SING,464,8,14,1,112.0,0,1,2000,2100,25,1,0,9,24,0,0.0,0.0,0.0,1.0,1,1,2,0.0,1,0.0,0,0,0,0,1,0,1
CERRO_TIGRE_SING,465,8,14,1,142.2,0,1,2021,2100,25,1,0,9,24,0,0.0,0.0,0.0,1.0,1,1,1,0.0,1,0.033967,0,0,0,0,1,0,1
TCHAMMA_SING,466,8,14,1,195.0,0,1,2021,2100,25,1,0,9,24,0,0.0,0.0,0.0,1.0,1,1,2,0.0,1,0.228718,0,0,0,0,1,0,1
CKANI_SING,467,8,14,1,108.0,0,1,2021,2100,25,1,0,9,24,0,0.0,0.0,0.0,1.0,1,1,1,0.0,1,0.0,0,0,0,0,1,0,1
SOLAR_ARICA,468,8,14,1,40.0,0,1,2000,2100,25,1,0,18,23,13,0.0,0.0,0.0,1.0,1,1,30,0.0,1,0.0,0,0,0,0,1,0,1
MARIA_ELENA_SING,469,8,14,1,71.0,0,1,2000,2100,25,1,0,18,23,13,0.0,0.0,0.0,1.0,1,1,22,0.0,1,0.046338,0,0,0,0,1,0,1
SOLAR_LOS_PUQUIOS,470,8,14,1,2.47,0,1,2000,2100,25,1,0,18,23,13,0.0,0.0,0.0,1.0,1,1,30,0.0,1,0.0,0,0,0,0,1,0,1
SOLAR_PICA_I,471,8,14,1,0.63,0,1,2000,2100,25,1,0,18,23,13,0.0,0.0,0.0,1.0,1,1,30,0.0,1,0.0,0,0,0,0,1,0,1
JAMA_SING,472,8,14,1,30.0,0,1,2000,2100,25,1,0,18,23,13,0.0,0.0,0.0,1.0,1,1,23,0.0,1,0.0,0,0,0,0,1,0,1
JAMA_2_SING,473,8,14,1,24.0,0,1,2000,2100,25,1,0,18,23,13,0.0,0.0,0.0,1.0,1,1,23,0.0,1,0.066667,0,0,0,0,1,0,1
PAMPA_CAMARONES_SING,474,8,14,1,6.0,0,1,2000,2100,25,1,0,18,23,13,0.0,0.0,0.0,1.0,1,1,20,0.0,1,0.0,0,0,0,0,1,0,1
URIBE_SOLAR_SING,475,8,14,1,69.0,0,1,2000,2100,25,1,0,18,23,13,0.0,0.0,0.0,1.0,1,1,24,0.0,1,0.275362,0,0,0,0,1,0,1
CERRO_DOMINADOR_PV,476,8,14,1,100.0,0,1,2000,2100,25,1,0,18,23,13,0.0,0.0,0.0,1.0,1,1,21,0.0,1,0.0,0,0,0,0,1,0,1
CERRO_DOMINADOR_CSP,477,8,14,1,110.0,0,1,2000,2100,25,1,0,19,23,13,0.0,0.0,0.0,1.0,1,1,44,0.0,1,0.0,6,0,0,0,1,0,1
ANDES_SOLAR_SING,478,8,14,1,21.0,0,1,2000,2100,25,1,0,18,23,13,0.0,0.0,0.0,1.0,1,1,23,0.0,1,0.019608,0,0,0,0,1,0,1
BOLERO_SING,479,8,14,1,146.0,0,1,2000,2100,25,1,0,18,23,13,0.0,0.0,0.0,1.0,1,1,34,0.0,1,0.0,0,0,0,0,1,0,1
FINIS_TERRAE_SING,480,8,14,1,138.0,0,1,2000,2100,25,1,0,18,23,13,0.0,0.0,0.0,1.0,1,1,21,0.0,1,0.0,0,0,0,0,1,0,1
SOLAR_HUATACONDO,481,8,14,1,98.0,0,1,2000,2100,25,1,0,18,23,13,0.0,0.0,0.0,1.0,1,1,30,0.0,1,0.0,0,0,0,0,1,0,1
SOLAR_EL_AGUILA,482,8,14,1,2.0,0,1,2000,2100,25,1,0,18,23,13,0.0,0.0,0.0,1.0,1,1,30,0.0,1,0.009901,0,0,0,0,1,0,1
LA_HUAYCA_SING,483,8,14,1,25.1,0,1,2000,2100,25,1,0,18,23,13,0.0,0.0,0.0,1.0,1,1,20,0.0,1,0.0,0,0,0,0,1,0,1
SOLAR_CALAMA,484,8,14,1,9.0,0,1,2000,2100,25,1,0,18,23,13,0.0,0.0,0.0,1.0,1,1,30,0.0,1,0.0,0,0,0,0,1,0,1
SOLAR_PUERTO_SECO,485,8,14,1,9.0,0,1,2000,2100,25,1,0,18,23,13,0.0,0.0,0.0,1.0,1,1,30,0.0,1,0.0,0,0,0,0,1,0,1
FINIS_TERRAE_II_SING,486,8,14,1,69.0,0,1,2000,2100,25,1,0,18,23,13,0.0,0.0,0.0,1.0,1,1,21,0.0,1,0.0,0,0,0,0,1,0,1
GRANJA_SOLAR_SING,487,8,14,1,100.0,0,1,2021,2100,25,1,0,18,23,13,0.0,0.0,0.0,1.0,1,1,21,0.0,1,0.0,0,0,0,0,1,0,1
Carbon_SING,488,8,14,1,0.0,0,0,2020,2040,35,1,0,6,13,23,0.4,2.0879,0.007,1.0,1,0,0,0.0,1,0.13,6,0,0,1,1,0,1
Carbon_II-III,489,8,14,1,0.0,0,0,2020,2040,35,1,0,6,13,23,0.4,2.0879,0.007,1.0,2,0,0,0.0,1,0.13,6,0,0,1,1,0,1
GNL_CC_SING,490,8,14,1,0.0,0,0,2020,2100,30,1,0,16,19,25,0.25,3.5282,0.007472800000000001,33.04198,1,0,0,0.0,1,0.05,8,0,0,1,1,0,1
GNL_CC_II-III,491,8,14,1,0.0,0,0,2020,2100,30,1,0,16,19,25,0.25,3.5282,0.007472800000000001,33.04198,2,0,0,0.0,1,0.05,8,0,0,1,1,0,1
GNL_CC_VIII,492,8,14,1,0.0,0,0,2020,2100,30,1,0,16,19,25,0.25,3.5282,0.007472800000000001,33.04198,2,0,0,0.0,1,0.05,8,0,0,1,1,0,1
GNL_CA_SING,493,8,14,1,0.0,0,0,2020,2100,30,1,0,16,19,25,0.25,3.5282,0.007472800000000001,33.04198,1,0,0,0.0,1,0.05,8,0,0,1,1,0,1
GNL_CA_II-III,494,8,14,1,0.0,0,0,2020,2100,30,1,0,16,19,25,0.25,3.5282,0.007472800000000001,33.04198,2,0,0,0.0,1,0.05,8,0,0,1,1,0,1
GNL_CA_VIII,495,8,14,1,0.0,0,0,2020,2100,30,1,0,16,19,25,0.25,3.5282,0.007472800000000001,33.04198,2,0,0,0.0,1,0.05,8,0,0,1,1,0,1
Diesel_SING,496,8,14,1,0.0,0,0,2020,2100,30,1,0,8,1,24,0.25,3.5,0.0109,0.84,1,0,0,0.0,1,0.05,2,0,0,1,1,0,1
Diesel_IV,497,8,14,1,0.0,0,0,2020,2100,30,1,0,8,1,24,0.25,3.5,0.0109,0.84,2,0,0,0.0,1,0.05,2,0,0,1,1,0,1
Diesel_X-XIV,498,8,14,1,0.0,0,0,2020,2100,30,1,0,8,1,24,0.25,3.5,0.0109,0.84,2,0,0,0.0,1,0.05,2,0,0,1,1,0,1
Biomasa_VII,499,8,14,1,0.0,0,0,2020,2100,25,1,0,2,22,26,1.35,3.5,0.00035,1.0,2,1,0,0.0,1,0.05,0,0,0,0,1,0,1
Biomasa_VIII,500,8,14,1,0.0,0,0,2020,2100,25,1,0,2,22,26,1.35,3.5,0.00035,1.0,2,1,0,0.0,1,0.05,0,0,0,0,1,0,1
Biomasa_X-XIV,501,8,14,1,0.0,0,0,2020,2100,25,1,0,2,22,26,1.35,3.5,0.00035,1.0,2,1,0,0.0,1,0.05,0,0,0,0,1,0,1
Geotermica_SING,502,8,14,1,0.0,0,0,2020,2100,30,1,0,11,0,0,0.0,0.0,0.0,1.0,1,1,0,0.0,1,0.0,0,0,0,0,1,0,1
Geotermica_VI,503,8,14,1,0.0,0,0,2020,2100,30,1,0,11,0,0,0.0,0.0,0.0,1.0,2,1,0,0.0,1,0.0,0,0,0,0,1,0,1
Geotermica_VII,504,8,14,1,0.0,0,0,2020,2100,30,1,0,11,0,0,0.0,0.0,0.0,1.0,2,1,0,0.0,1,0.0,0,0,0,0,1,0,1
Geotermica_VIII,505,8,14,1,0.0,0,0,2020,2100,30,1,0,11,0,0,0.0,0.0,0.0,1.0,2,1,0,0.0,1,0.0,0,0,0,0,1,0,1
Solar_CSP_SING,506,8,14,1,0.0,0,0,2020,2100,25,1,0,19,23,13,0.0,4.0,0.0,1.0,1,1,44,0.0,1,0.0,6,0,0,0,1,0,1
Solar_CSP_II-III,507,8,14,1,0.0,0,0,2020,2100,25,1,0,19,23,13,0.0,4.0,0.0,1.0,2,1,44,0.0,1,0.0,6,0,0,0,1,0,1
Eolica_SING,508,8,14,1,0.0,0,0,2020,2100,25,1,0,9,24,0,0.0,0.0,0.0,1.0,1,1,1,0.0,1,0.0,0,0,0,0,1,0,1
Eolica_II-III,509,8,14,1,0.0,0,0,2020,2100,25,1,0,9,24,0,0.0,0.0,0.0,1.0,2,1,3,0.0,1,0.0,0,0,0,0,1,0,1
Eolica_IV,510,8,14,1,0.0,0,0,2020,2100,25,1,0,9,24,0,0.0,0.0,0.0,1.0,2,1,9,0.0,1,0.0,0,0,0,0,1,0,1
Eolica_V,511,8,14,1,0.0,0,0,2020,2100,25,1,0,9,24,0,0.0,0.0,0.0,1.0,2,1,15,0.0,1,0.0,0,0,0,0,1,0,1
Eolica_VI,512,8,14,1,0.0,0,0,2020,2100,25,1,0,9,24,0,0.0,0.0,0.0,1.0,2,1,15,0.0,1,0.0,0,0,0,0,1,0,1
Eolica_VIII,513,8,14,1,0.0,0,0,2020,2100,25,1,0,9,24,0,0.0,0.0,0.0,1.0,2,1,16,0.0,1,0.0,0,0,0,0,1,0,1
Eolica_X-XIV,514,8,14,1,0.0,0,0,2020,2100,25,1,0,9,24,0,0.0,0.0,0.0,1.0,2,1,18,0.0,1,0.0,0,0,0,0,1,0,1
Hidro_Pasada_XIII,515,8,14,1,0.0,0,0,2020,2100,45,1,0,14,25,0,0.0,0.0,0.0,1.0,2,0,0,0.0,1,0.05,4,0,0,0,1,0,1
Hidro_Pasada_VI,516,8,14,1,0.0,0,0,2020,2100,45,1,0,14,25,0,0.0,0.0,0.0,1.0,2,0,0,0.0,1,0.05,4,0,0,0,1,0,1
Hidro_Pasada_VII,517,8,14,1,0.0,0,0,2020,2100,45,1,0,14,25,0,0.0,0.0,0.0,1.0,2,0,0,0.0,1,0.05,4,0,0,0,1,0,1
Hidro_Pasada_VIII,518,8,14,1,0.0,0,0,2020,2100,45,1,0,14,25,0,0.0,0.0,0.0,1.0,2,0,0,0.0,1,0.05,4,0,0,0,1,0,1
Hidro_Pasada_X-XIV,519,8,14,1,0.0,0,0,2020,2100,45,1,0,14,25,0,0.0,0.0,0.0,1.0,2,0,0,0.0,1,0.05,4,0,0,0,1,0,1
Solar_FV_SING,520,8,14,1,0.0,0,0,2020,2100,25,1,0,18,23,13,0.0,0.0,0.0,1.0,1,1,20,0.0,1,0.0,0,0,0,0,1,0,1
Solar_FV_II-III,521,8,14,1,0.0,0,0,2020,2100,25,1,0,18,23,13,0.0,0.0,0.0,1.0,2,1,25,0.0,1,0.0,0,0,0,0,1,0,1
Solar_FV_IV,522,8,14,1,0.0,0,0,2020,2100,25,1,0,18,23,13,0.0,0.0,0.0,1.0,2,1,30,0.0,1,0.0,0,0,0,0,1,0,1
Solar_FV_V,523,8,14,1,0.0,0,0,2020,2100,25,1,0,18,23,13,0.0,0.0,0.0,1.0,2,1,30,0.0,1,0.0,0,0,0,0,1,0,1
Solar_FV_XIII,524,8,14,1,0.0,0,0,2020,2100,25,1,0,18,23,13,0.0,0.0,0.0,1.0,2,1,30,0.0,1,0.0,0,0,0,0,1,0,1
Solar_FV_VI,525,8,14,1,0.0,0,0,2020,2100,25,1,0,18,23,13,0.0,0.0,0.0,1.0,2,1,33,0.0,1,0.0,0,0,0,0,1,0,1
ALMACENAMIENTO_XIII,526,8,14,1,1.0,0,0,2020,2100,25,1,0,1,0,0,0.0,0.0,0.0,1.0,2,0,0,0.0,1,0.0,0,0,0,0,1,0,1
ALMACENAMIENTO_SING,527,8,14,1,1.0,0,0,2020,2100,25,1,0,1,0,0,0.0,0.0,0.0,1.0,1,0,0,0.0,1,0.0,0,0,0,0,1,0,1
ALMACENAMIENTO_II-III,528,8,14,1,1.0,0,0,2020,2100,25,1,0,1,0,0,0.0,0.0,0.0,1.0,2,0,0,0.0,1,0.0,0,0,0,0,1,0,1
ALMACENAMIENTO_IV,529,8,14,1,1.0,0,0,2020,2100,25,1,0,1,0,0,0.0,0.0,0.0,1.0,2,0,0,0.0,1,0.0,0,0,0,0,1,0,1
