ID_flujo,ID_Proceso,ID_Producto,Tipo,Intensidad,Factor_Unidad
1,1,322,2,3.764,1163
2,1,26,1,0.0,1163
3,1,27,1,0.0,1163
4,1,28,1,0.0,1163
5,1,40,1,0.0,1163
6,2,40,2,1.176,1163
7,2,40,1,0.0,1163
8,3,40,2,1.0,1163
9,3,40,1,0.0,1163
10,4,26,2,0.5,1163
11,4,15,1,0.0,1163
12,5,26,2,1.0,1163
13,5,21,1,0.0,1163
14,10,40,2,0.73,1163
15,10,40,2,0.73,1163
16,10,24,1,0.0,1163
17,11,40,2,0.87,1163
18,11,40,2,0.87,1163
19,11,3,1,0.0,1163
20,12,40,2,1.0,1163
21,12,40,2,1.0,1163
22,12,25,1,0.0,1163
23,6,26,2,0.82,1163
24,6,4,1,0.0,1163
25,7,26,2,0.5,1163
26,7,16,1,0.0,1163
27,8,26,2,0.77,1163
28,8,7,1,0.0,1163
29,9,26,2,0.77,1163
30,9,21,1,0.0,1163
31,13,40,2,0.77,1163
32,13,40,2,0.77,1163
33,13,21,1,0.0,1163
34,14,40,2,0.73,1163
35,14,40,2,0.73,1163
36,14,24,1,0.0,1163
37,17,27,2,0.3,1163
38,17,3,1,0.0,1163
39,15,27,2,0.879,1163
40,15,14,1,0.0,1163
41,16,27,2,0.896,1163
42,16,14,1,0.0,1163
43,18,28,2,1.0,1163
44,18,14,1,0.0,1163
45,19,332,2,3.764,1163
46,19,26,1,0.0,1163
47,19,27,1,0.0,1163
48,19,28,1,0.0,1163
49,19,40,1,0.0,1163
50,20,40,2,1.176,1163
51,20,40,1,0.0,1163
52,21,40,2,1.0,1163
53,21,40,1,0.0,1163
54,22,26,2,0.5,1163
55,22,15,1,0.0,1163
56,23,26,2,1.0,1163
57,23,21,1,0.0,1163
58,24,40,2,0.73,1163
59,24,40,2,0.73,1163
60,24,24,1,0.0,1163
61,25,40,2,0.87,1163
62,25,40,2,0.87,1163
63,25,3,1,0.0,1163
64,26,40,2,1.0,1163
65,26,40,2,1.0,1163
66,26,25,1,0.0,1163
67,27,27,2,0.879,1163
68,27,14,1,0.0,1163
69,28,27,2,0.896,1163
70,28,14,1,0.0,1163
71,29,28,2,1.0,1163
72,29,14,1,0.0,1163
73,30,323,2,0.285,1163
74,30,26,1,0.0,1163
75,30,27,1,0.0,1163
76,30,28,1,0.0,1163
77,30,40,1,0.0,1163
78,31,40,2,1.176,1163
79,31,40,1,0.0,1163
80,32,40,2,1.0,1163
81,32,40,1,0.0,1163
82,33,26,2,0.73,1163
83,33,24,1,0.0,1163
84,34,26,2,0.82,1163
85,34,4,1,0.0,1163
86,35,26,2,1.0,1163
87,35,21,1,0.0,1163
88,36,26,2,0.5,1163
89,36,15,1,0.0,1163
90,37,26,2,0.87,1163
91,37,3,1,0.0,1163
92,38,26,2,0.77,1163
93,38,7,1,0.0,1163
94,39,26,2,0.82,1163
95,39,14,1,0.0,1163
96,41,27,2,0.879,1163
97,41,14,1,0.0,1163
98,42,27,2,0.896,1163
99,42,14,1,0.0,1163
100,43,28,2,1.0,1163
101,43,14,1,0.0,1163
102,44,40,2,0.73,1163
103,44,40,2,0.73,1163
104,44,24,1,0.0,1163
105,45,40,2,0.87,1163
106,45,40,2,0.87,1163
107,45,3,1,0.0,1163
108,46,40,2,0.82,1163
109,46,40,2,0.82,1163
110,46,4,1,0.0,1163
111,47,40,2,0.73,1163
112,47,40,2,0.73,1163
113,47,24,1,0.0,1163
114,48,40,2,1.0,1163
115,48,40,2,1.0,1163
116,48,25,1,0.0,1163
117,40,26,2,0.77,1163
118,40,21,1,0.0,1163
119,49,40,2,0.77,1163
120,49,40,2,0.77,1163
121,49,21,1,0.0,1163
122,50,323,2,0.285,1163
123,50,26,1,0.0,1163
124,50,27,1,0.0,1163
125,50,28,1,0.0,1163
126,50,40,1,0.0,1163
127,51,40,2,1.176,1163
128,51,40,1,0.0,1163
129,52,40,2,1.0,1163
130,52,40,1,0.0,1163
131,53,26,2,0.73,1163
132,53,24,1,0.0,1163
133,54,26,2,0.82,1163
134,54,4,1,0.0,1163
135,55,26,2,1.0,1163
136,55,21,1,0.0,1163
137,56,26,2,0.5,1163
138,56,15,1,0.0,1163
139,57,26,2,0.87,1163
140,57,3,1,0.0,1163
141,58,26,2,0.77,1163
142,58,7,1,0.0,1163
143,59,26,2,0.82,1163
144,59,14,1,0.0,1163
145,60,27,2,0.879,1163
146,60,14,1,0.0,1163
147,61,27,2,0.896,1163
148,61,14,1,0.0,1163
149,62,28,2,1.0,1163
150,62,14,1,0.0,1163
151,63,40,2,0.73,1163
152,63,40,2,0.73,1163
153,63,24,1,0.0,1163
154,65,40,2,0.82,1163
155,65,40,2,0.82,1163
156,65,4,1,0.0,1163
157,64,40,2,1.0,1163
158,64,40,2,1.0,1163
159,64,21,1,0.0,1163
160,66,40,2,0.73,1163
161,66,40,2,0.73,1163
162,66,24,1,0.0,1163
163,67,40,2,1.0,1163
164,67,40,2,1.0,1163
165,67,25,1,0.0,1163
166,68,26,2,0.77,1163
167,68,21,1,0.0,1163
168,69,40,2,0.77,1163
169,69,40,2,0.77,1163
170,69,21,1,0.0,1163
171,70,333,2,0.285,1163
172,70,26,1,0.0,1163
173,70,27,1,0.0,1163
174,70,28,1,0.0,1163
175,70,40,1,0.0,1163
176,71,40,2,1.176,1163
177,71,40,1,0.0,1163
178,72,40,2,1.0,1163
179,72,40,1,0.0,1163
180,73,26,2,0.73,1163
181,73,24,1,0.0,1163
182,74,26,2,1.0,1163
183,74,21,1,0.0,1163
184,75,26,2,0.82,1163
185,75,14,1,0.0,1163
186,76,27,2,0.879,1163
187,76,14,1,0.0,1163
188,77,27,2,0.896,1163
189,77,14,1,0.0,1163
190,78,28,2,1.0,1163
191,78,14,1,0.0,1163
192,79,40,2,0.73,1163
193,79,40,2,0.73,1163
194,79,24,1,0.0,1163
195,80,40,2,1.0,1163
196,80,40,2,1.0,1163
197,80,21,1,0.0,1163
198,81,40,2,1.0,1163
199,81,40,2,1.0,1163
200,81,25,1,0.0,1163
201,82,40,2,0.82,1163
202,82,40,2,0.82,1163
203,82,4,1,0.0,1163
204,83,324,2,2.64,1163
205,83,26,1,0.0,1163
206,83,27,1,0.0,1163
207,83,28,1,0.0,1163
208,84,26,2,0.5,1163
209,84,12,1,0.0,1163
210,85,26,2,1.0,1163
211,85,21,1,0.0,1163
212,86,26,2,0.5,1163
213,86,15,1,0.0,1163
214,87,26,2,0.87,1163
215,87,3,1,0.0,1163
216,88,26,2,0.82,1163
217,88,4,1,0.0,1163
218,89,26,2,0.77,1163
219,89,7,1,0.0,1163
220,90,26,2,0.82,1163
221,90,14,1,0.0,1163
222,91,26,2,0.77,1163
223,91,21,1,0.0,1163
224,92,28,2,1.0,1163
225,92,14,1,0.0,1163
226,93,27,2,0.879,1163
227,93,14,1,0.0,1163
228,94,27,2,0.896,1163
229,94,14,1,0.0,1163
230,95,27,2,0.3,1163
231,95,3,1,0.0,1163
232,96,334,2,2.64,1163
233,96,26,1,0.0,1163
234,96,27,1,0.0,1163
235,96,28,1,0.0,1163
236,97,26,2,0.5,1163
237,97,12,1,0.0,1163
238,98,26,2,1.0,1163
239,98,21,1,0.0,1163
240,99,28,2,1.0,1163
241,99,14,1,0.0,1163
242,100,27,2,0.879,1163
243,100,14,1,0.0,1163
244,101,27,2,0.896,1163
245,101,14,1,0.0,1163
246,102,325,2,0.008,1163
247,102,26,1,0.0,1163
248,102,27,1,0.0,1163
249,102,28,1,0.0,1163
250,103,26,2,0.5,1163
251,103,15,1,0.0,1163
252,104,26,2,0.77,1163
253,104,21,1,0.0,1163
254,105,28,2,1.0,1163
255,105,14,1,0.0,1163
256,106,27,2,0.879,1163
257,106,14,1,0.0,1163
258,107,27,2,0.896,1163
259,107,14,1,0.0,1163
260,108,27,2,0.3,1163
261,108,3,1,0.0,1163
262,109,335,2,0.008,1163
263,109,26,1,0.0,1163
264,109,27,1,0.0,1163
265,109,28,1,0.0,1163
266,110,26,2,0.5,1163
267,110,15,1,0.0,1163
268,111,28,2,1.0,1163
269,111,14,1,0.0,1163
270,112,27,2,0.879,1163
271,112,14,1,0.0,1163
272,113,27,2,0.896,1163
273,113,14,1,0.0,1163
274,114,27,2,0.3,1163
275,114,3,1,0.0,1163
276,115,326,2,2.845,1163
277,115,26,1,0.0,1163
278,115,27,1,0.0,1163
279,115,28,1,0.0,1163
280,115,40,1,0.0,1163
281,116,40,2,1.176,1163
282,116,40,1,0.0,1163
283,117,40,2,1.0,1163
284,117,40,1,0.0,1163
285,118,26,2,1.0,1163
286,118,21,1,0.0,1163
287,124,40,2,0.5,1163
288,124,40,2,0.5,1163
289,124,15,1,0.0,1163
290,125,40,2,1.0,1163
291,125,40,2,1.0,1163
292,125,25,1,0.0,1163
293,126,40,2,0.77,1163
294,126,40,2,0.77,1163
295,126,21,1,0.0,1163
296,119,26,2,0.77,1163
297,119,21,1,0.0,1163
298,127,40,2,0.73,1163
299,127,40,2,0.73,1163
300,127,24,1,0.0,1163
301,120,26,2,0.87,1163
302,120,3,1,0.0,1163
303,121,26,2,0.82,1163
304,121,4,1,0.0,1163
305,123,26,2,0.77,1163
306,123,7,1,0.0,1163
307,122,26,2,0.82,1163
308,122,14,1,0.0,1163
309,128,28,2,1.0,1163
310,128,14,1,0.0,1163
311,131,27,2,0.3,1163
312,131,3,1,0.0,1163
313,129,27,2,0.879,1163
314,129,14,1,0.0,1163
315,130,27,2,0.896,1163
316,130,14,1,0.0,1163
317,132,326,2,2.845,1163
318,132,26,1,0.0,1163
319,132,27,1,0.0,1163
320,132,28,1,0.0,1163
321,132,40,1,0.0,1163
322,133,40,2,1.176,1163
323,133,40,1,0.0,1163
324,134,40,2,1.0,1163
325,134,40,1,0.0,1163
326,135,26,2,1.0,1163
327,135,21,1,0.0,1163
328,136,26,2,0.87,1163
329,136,3,1,0.0,1163
330,137,26,2,0.82,1163
331,137,4,1,0.0,1163
332,138,26,2,0.77,1163
333,138,7,1,0.0,1163
334,139,26,2,0.82,1163
335,139,14,1,0.0,1163
336,142,40,2,0.77,1163
337,142,40,2,0.77,1163
338,142,21,1,0.0,1163
339,143,40,2,0.73,1163
340,143,40,2,0.73,1163
341,143,24,1,0.0,1163
342,140,26,2,0.77,1163
343,140,21,1,0.0,1163
344,145,28,2,1.0,1163
345,145,14,1,0.0,1163
346,148,27,2,0.3,1163
347,148,3,1,0.0,1163
348,146,27,2,0.879,1163
349,146,14,1,0.0,1163
350,147,27,2,0.896,1163
351,147,14,1,0.0,1163
352,141,40,2,0.82,1163
353,141,40,2,0.82,1163
354,141,4,1,0.0,1163
355,144,40,2,1.0,1163
356,144,40,2,1.0,1163
357,144,25,1,0.0,1163
358,149,336,2,2.845,1163
359,149,26,1,0.0,1163
360,149,27,1,0.0,1163
361,149,28,1,0.0,1163
362,149,40,1,0.0,1163
363,150,40,2,1.176,1163
364,150,40,1,0.0,1163
365,151,40,2,1.0,1163
366,151,40,1,0.0,1163
367,152,26,2,0.87,1163
368,152,3,1,0.0,1163
369,153,26,2,0.82,1163
370,153,4,1,0.0,1163
371,154,26,2,0.82,1163
372,154,14,1,0.0,1163
373,155,28,2,1.0,1163
374,155,14,1,0.0,1163
375,156,27,2,0.3,1163
376,156,3,1,0.0,1163
377,157,27,2,0.879,1163
378,157,14,1,0.0,1163
379,158,27,2,0.896,1163
380,158,14,1,0.0,1163
381,159,40,2,0.82,1163
382,159,40,2,0.82,1163
383,159,4,1,0.0,1163
384,160,40,2,1.0,1163
385,160,40,2,1.0,1163
386,160,25,1,0.0,1163
387,161,327,2,1.234,1163
388,161,26,1,0.0,1163
389,161,27,1,0.0,1163
390,161,28,1,0.0,1163
391,161,40,1,0.0,1163
392,162,40,2,1.176,1163
393,162,40,1,0.0,1163
394,163,40,2,1.0,1163
395,163,40,1,0.0,1163
396,165,26,2,0.77,1163
397,165,7,1,0.0,1163
398,164,26,2,0.87,1163
399,164,3,1,0.0,1163
400,166,26,2,0.5,1163
401,166,19,1,0.0,1163
402,167,26,2,1.0,1163
403,167,21,1,0.0,1163
404,168,26,2,0.77,1163
405,168,21,1,0.0,1163
406,169,28,2,1.0,1163
407,169,14,1,0.0,1163
408,170,27,2,0.879,1163
409,170,14,1,0.0,1163
410,171,27,2,0.896,1163
411,171,14,1,0.0,1163
412,172,27,2,0.3,1163
413,172,3,1,0.0,1163
414,173,40,2,0.5,1163
415,173,40,2,0.5,1163
416,173,20,1,0.0,1163
417,174,337,2,1.234,1163
418,174,26,1,0.0,1163
419,174,27,1,0.0,1163
420,174,28,1,0.0,1163
421,174,40,1,0.0,1163
422,175,40,2,1.176,1163
423,175,40,1,0.0,1163
424,176,40,2,1.0,1163
425,176,40,1,0.0,1163
426,177,26,2,0.5,1163
427,177,19,1,0.0,1163
428,178,26,2,1.0,1163
429,178,21,1,0.0,1163
430,179,28,2,1.0,1163
431,179,14,1,0.0,1163
432,180,27,2,0.879,1163
433,180,14,1,0.0,1163
434,181,27,2,0.896,1163
435,181,14,1,0.0,1163
436,182,27,2,0.3,1163
437,182,3,1,0.0,1163
438,183,40,2,0.5,1163
439,183,40,2,0.5,1163
440,183,20,1,0.0,1163
441,184,328,2,9.002,1163
442,184,26,1,0.0,1163
443,184,27,1,0.0,1163
444,184,28,1,0.0,1163
445,184,40,1,0.0,1163
446,185,40,2,1.176,1163
447,185,40,1,0.0,1163
448,186,40,2,1.0,1163
449,186,40,1,0.0,1163
450,187,40,2,1.0,1163
451,187,40,2,1.0,1163
452,187,21,1,0.0,1163
453,188,26,2,0.82,1163
454,188,14,1,0.0,1163
455,189,40,2,0.77,1163
456,189,40,2,0.77,1163
457,189,21,1,0.0,1163
458,190,40,2,0.73,1163
459,190,40,2,0.73,1163
460,190,24,1,0.0,1163
461,191,26,2,0.77,1163
462,191,21,1,0.0,1163
463,192,28,2,1.0,1163
464,192,14,1,0.0,1163
465,193,27,2,0.879,1163
466,193,14,1,0.0,1163
467,194,27,2,0.896,1163
468,194,14,1,0.0,1163
469,195,338,2,9.002,1163
470,195,26,1,0.0,1163
471,195,27,1,0.0,1163
472,195,28,1,0.0,1163
473,195,40,1,0.0,1163
474,196,40,2,1.176,1163
475,196,40,1,0.0,1163
476,197,40,2,1.0,1163
477,197,40,1,0.0,1163
478,198,40,2,1.0,1163
479,198,40,2,1.0,1163
480,198,21,1,0.0,1163
481,199,26,2,0.82,1163
482,199,14,1,0.0,1163
483,200,28,2,1.0,1163
484,200,14,1,0.0,1163
485,201,27,2,0.879,1163
486,201,14,1,0.0,1163
487,202,27,2,0.896,1163
488,202,14,1,0.0,1163
489,203,329,2,3.622,1163
490,203,26,1,0.0,1163
491,203,27,1,0.0,1163
492,203,28,1,0.0,1163
493,203,40,1,0.0,1163
494,204,40,2,1.176,1163
495,204,40,1,0.0,1163
496,205,40,2,1.0,1163
497,205,40,1,0.0,1163
498,206,26,2,0.82,1163
499,206,4,1,0.0,1163
500,207,26,2,0.87,1163
501,207,3,1,0.0,1163
502,208,26,2,0.82,1163
503,208,14,1,0.0,1163
504,209,26,2,1.0,1163
505,209,21,1,0.0,1163
506,210,26,2,0.5,1163
507,210,15,1,0.0,1163
508,211,28,2,1.0,1163
509,211,14,1,0.0,1163
510,212,27,2,0.879,1163
511,212,14,1,0.0,1163
512,213,27,2,0.896,1163
513,213,14,1,0.0,1163
514,214,27,2,0.3,1163
515,214,3,1,0.0,1163
516,215,27,2,0.3,1163
517,215,9,1,0.0,1163
518,216,40,2,0.73,1163
519,216,40,2,0.73,1163
520,216,24,1,0.0,1163
521,217,40,2,0.77,1163
522,217,40,2,0.77,1163
523,217,7,1,0.0,1163
524,218,40,2,1.0,1163
525,218,40,2,1.0,1163
526,218,21,1,0.0,1163
527,219,40,2,0.87,1163
528,219,40,2,0.87,1163
529,219,3,1,0.0,1163
530,220,40,2,0.82,1163
531,220,40,2,0.82,1163
532,220,4,1,0.0,1163
533,221,40,2,0.5,1163
534,221,40,2,0.5,1163
535,221,15,1,0.0,1163
536,222,40,2,1.0,1163
537,222,40,2,1.0,1163
538,222,25,1,0.0,1163
539,223,26,2,0.77,1163
540,223,21,1,0.0,1163
541,224,40,2,0.77,1163
542,224,40,2,0.77,1163
543,224,21,1,0.0,1163
544,225,339,2,3.622,1163
545,225,26,1,0.0,1163
546,225,27,1,0.0,1163
547,225,28,1,0.0,1163
548,225,40,1,0.0,1163
549,226,40,2,1.176,1163
550,226,40,1,0.0,1163
551,227,40,2,1.0,1163
552,227,40,1,0.0,1163
553,228,26,2,0.82,1163
554,228,4,1,0.0,1163
555,229,26,2,0.87,1163
556,229,3,1,0.0,1163
557,230,26,2,0.82,1163
558,230,14,1,0.0,1163
559,231,26,2,1.0,1163
560,231,21,1,0.0,1163
561,232,28,2,1.0,1163
562,232,14,1,0.0,1163
563,233,27,2,0.879,1163
564,233,14,1,0.0,1163
565,234,27,2,0.896,1163
566,234,14,1,0.0,1163
567,235,27,2,0.3,1163
568,235,3,1,0.0,1163
569,236,27,2,0.3,1163
570,236,9,1,0.0,1163
571,237,40,2,0.73,1163
572,237,40,2,0.73,1163
573,237,24,1,0.0,1163
574,238,40,2,1.0,1163
575,238,40,2,1.0,1163
576,238,21,1,0.0,1163
577,239,40,2,0.87,1163
578,239,40,2,0.87,1163
579,239,3,1,0.0,1163
580,240,40,2,0.82,1163
581,240,40,2,0.82,1163
582,240,4,1,0.0,1163
583,241,40,2,1.0,1163
584,241,40,2,1.0,1163
585,241,25,1,0.0,1163
586,242,330,2,1.162,1163
587,242,26,1,0.0,1163
588,242,27,1,0.0,1163
589,242,28,1,0.0,1163
590,242,40,1,0.0,1163
591,243,40,2,1.176,1163
592,243,40,1,0.0,1163
593,244,40,2,1.0,1163
594,244,40,1,0.0,1163
595,245,26,2,0.87,1163
596,245,3,1,0.0,1163
597,246,26,2,0.82,1163
598,246,14,1,0.0,1163
599,247,26,2,0.77,1163
600,247,7,1,0.0,1163
601,248,26,2,0.73,1163
602,248,24,1,0.0,1163
603,249,26,2,0.78,1163
604,249,6,1,0.0,1163
605,250,26,2,0.5,1163
606,250,16,1,0.0,1163
607,251,28,2,1.0,1163
608,251,14,1,0.0,1163
609,252,27,2,0.879,1163
610,252,14,1,0.0,1163
611,253,27,2,0.896,1163
612,253,14,1,0.0,1163
613,254,27,2,0.3,1163
614,254,3,1,0.0,1163
615,255,27,2,0.3,1163
616,255,8,1,0.0,1163
617,256,27,2,0.3,1163
618,256,9,1,0.0,1163
619,257,40,2,0.73,1163
620,257,40,2,0.73,1163
621,257,24,1,0.0,1163
622,258,40,2,1.0,1163
623,258,40,2,1.0,1163
624,258,21,1,0.0,1163
625,259,40,2,0.87,1163
626,259,40,2,0.87,1163
627,259,3,1,0.0,1163
628,260,40,2,1.0,1163
629,260,40,2,1.0,1163
630,260,25,1,0.0,1163
631,261,26,2,0.77,1163
632,261,21,1,0.0,1163
633,262,40,2,0.77,1163
634,262,40,2,0.77,1163
635,262,21,1,0.0,1163
636,263,40,2,0.73,1163
637,263,40,2,0.73,1163
638,263,24,1,0.0,1163
639,264,330,2,1.162,1163
640,264,26,1,0.0,1163
641,264,27,1,0.0,1163
642,264,28,1,0.0,1163
643,264,40,1,0.0,1163
644,265,40,2,1.176,1163
645,265,40,1,0.0,1163
646,266,40,2,1.0,1163
647,266,40,1,0.0,1163
648,267,26,2,0.87,1163
649,267,3,1,0.0,1163
650,268,26,2,0.82,1163
651,268,14,1,0.0,1163
652,269,26,2,0.77,1163
653,269,7,1,0.0,1163
654,270,26,2,0.73,1163
655,270,24,1,0.0,1163
656,271,26,2,0.78,1163
657,271,6,1,0.0,1163
658,272,26,2,0.5,1163
659,272,16,1,0.0,1163
660,273,28,2,1.0,1163
661,273,14,1,0.0,1163
662,274,27,2,0.879,1163
663,274,14,1,0.0,1163
664,275,27,2,0.896,1163
665,275,14,1,0.0,1163
666,276,27,2,0.3,1163
667,276,3,1,0.0,1163
668,277,27,2,0.3,1163
669,277,8,1,0.0,1163
670,278,27,2,0.3,1163
671,278,9,1,0.0,1163
672,279,40,2,0.73,1163
673,279,40,2,0.73,1163
674,279,24,1,0.0,1163
675,280,40,2,0.77,1163
676,280,40,2,0.77,1163
677,280,7,1,0.0,1163
678,281,40,2,1.0,1163
679,281,40,2,1.0,1163
680,281,21,1,0.0,1163
681,282,40,2,0.87,1163
682,282,40,2,0.87,1163
683,282,3,1,0.0,1163
684,283,40,2,0.82,1163
685,283,40,2,0.82,1163
686,283,4,1,0.0,1163
687,284,40,2,0.5,1163
688,284,40,2,0.5,1163
689,284,15,1,0.0,1163
690,288,40,2,1.0,1163
691,288,40,2,1.0,1163
692,288,25,1,0.0,1163
693,285,26,2,0.77,1163
694,285,21,1,0.0,1163
695,286,40,2,0.77,1163
696,286,40,2,0.77,1163
697,286,21,1,0.0,1163
698,287,40,2,0.73,1163
699,287,40,2,0.73,1163
700,287,24,1,0.0,1163
701,289,340,2,1.162,1163
702,289,26,1,0.0,1163
703,289,27,1,0.0,1163
704,289,28,1,0.0,1163
705,289,40,1,0.0,1163
706,290,40,2,1.176,1163
707,290,40,1,0.0,1163
708,291,40,2,1.0,1163
709,291,40,1,0.0,1163
710,292,26,2,0.87,1163
711,292,3,1,0.0,1163
712,293,26,2,0.82,1163
713,293,14,1,0.0,1163
714,294,26,2,0.77,1163
715,294,7,1,0.0,1163
716,295,26,2,0.73,1163
717,295,24,1,0.0,1163
718,296,28,2,1.0,1163
719,296,14,1,0.0,1163
720,297,27,2,0.879,1163
721,297,14,1,0.0,1163
722,298,27,2,0.896,1163
723,298,14,1,0.0,1163
724,299,27,2,0.3,1163
725,299,3,1,0.0,1163
726,300,40,2,0.73,1163
727,300,40,2,0.73,1163
728,300,24,1,0.0,1163
729,301,40,2,0.77,1163
730,301,40,2,0.77,1163
731,301,7,1,0.0,1163
732,302,40,2,1.0,1163
733,302,40,2,1.0,1163
734,302,21,1,0.0,1163
735,303,40,2,0.82,1163
736,303,40,2,0.82,1163
737,303,4,1,0.0,1163
738,304,40,2,1.0,1163
739,304,40,2,1.0,1163
740,304,25,1,0.0,1163
741,305,40,2,0.5,1163
742,305,40,2,0.5,1163
743,305,15,1,0.0,1163
744,306,331,2,0.212,1163
745,306,26,1,0.0,1163
746,306,27,1,0.0,1163
747,306,28,1,0.0,1163
748,306,32,1,0.0,1163
749,306,40,1,0.0,1163
750,307,40,2,1.176,1163
751,307,40,1,0.0,1163
752,308,40,2,1.0,1163
753,308,40,1,0.0,1163
754,309,26,2,1.0,1163
755,309,21,1,0.0,1163
756,310,26,2,0.87,1163
757,310,3,1,0.0,1163
758,311,26,2,0.82,1163
759,311,14,1,0.0,1163
760,312,26,2,0.73,1163
761,312,24,1,0.0,1163
762,313,26,2,0.82,1163
763,313,4,1,0.0,1163
764,314,26,2,0.78,1163
765,314,6,1,0.0,1163
766,315,26,2,0.5,1163
767,315,16,1,0.0,1163
768,316,26,2,0.77,1163
769,316,21,1,0.0,1163
770,317,28,2,1.0,1163
771,317,14,1,0.0,1163
772,318,27,2,0.879,1163
773,318,14,1,0.0,1163
774,319,27,2,0.896,1163
775,319,14,1,0.0,1163
776,320,32,2,0.3,1163
777,320,3,1,0.0,1163
778,321,32,2,0.3,1163
779,321,41,1,0.0,1163
780,322,40,2,0.5,1163
781,322,40,2,0.5,1163
782,322,15,1,0.0,1163
783,323,40,2,0.77,1163
784,323,40,2,0.77,1163
785,323,7,1,0.0,1163
786,324,40,2,1.0,1163
787,324,40,2,1.0,1163
788,324,21,1,0.0,1163
789,325,40,2,0.87,1163
790,325,40,2,0.87,1163
791,325,3,1,0.0,1163
792,326,40,2,0.82,1163
793,326,40,2,0.82,1163
794,326,4,1,0.0,1163
795,327,40,2,0.6,1163
796,327,40,2,0.6,1163
797,327,3,1,0.0,1163
798,328,40,2,0.77,1163
799,328,40,2,0.77,1163
800,328,21,1,0.0,1163
801,329,40,2,1.0,1163
802,329,40,2,1.0,1163
803,329,25,1,0.0,1163
804,330,331,2,0.212,1163
805,330,26,1,0.0,1163
806,330,27,1,0.0,1163
807,330,28,1,0.0,1163
808,330,32,1,0.0,1163
809,330,40,1,0.0,1163
810,331,40,2,1.176,1163
811,331,40,1,0.0,1163
812,332,40,2,1.0,1163
813,332,40,1,0.0,1163
814,333,26,2,1.0,1163
815,333,21,1,0.0,1163
816,334,26,2,0.87,1163
817,334,3,1,0.0,1163
818,335,26,2,0.82,1163
819,335,14,1,0.0,1163
820,336,26,2,0.73,1163
821,336,24,1,0.0,1163
822,337,26,2,0.82,1163
823,337,4,1,0.0,1163
824,338,26,2,0.78,1163
825,338,6,1,0.0,1163
826,339,26,2,0.5,1163
827,339,16,1,0.0,1163
828,340,26,2,0.77,1163
829,340,21,1,0.0,1163
830,341,28,2,1.0,1163
831,341,14,1,0.0,1163
832,342,27,2,0.879,1163
833,342,14,1,0.0,1163
834,343,27,2,0.896,1163
835,343,14,1,0.0,1163
836,344,32,2,0.3,1163
837,344,3,1,0.0,1163
838,345,32,2,0.3,1163
839,345,41,1,0.0,1163
840,346,40,2,0.87,1163
841,346,40,2,0.87,1163
842,346,3,1,0.0,1163
843,347,40,2,0.77,1163
844,347,40,2,0.77,1163
845,347,21,1,0.0,1163
846,348,40,2,0.6,1163
847,348,40,2,0.6,1163
848,348,41,1,0.0,1163
849,349,40,2,1.0,1163
850,349,40,2,1.0,1163
851,349,25,1,0.0,1163
852,350,341,2,0.212,1163
853,350,26,1,0.0,1163
854,350,27,1,0.0,1163
855,350,28,1,0.0,1163
856,350,32,1,0.0,1163
857,350,40,1,0.0,1163
858,351,40,2,1.176,1163
859,351,40,1,0.0,1163
860,352,40,2,1.0,1163
861,352,40,1,0.0,1163
862,353,26,2,1.0,1163
863,353,21,1,0.0,1163
864,354,26,2,0.5,1163
865,354,15,1,0.0,1163
866,355,26,2,0.87,1163
867,355,3,1,0.0,1163
868,356,26,2,0.82,1163
869,356,14,1,0.0,1163
870,357,26,2,0.73,1163
871,357,24,1,0.0,1163
872,358,26,2,0.82,1163
873,358,4,1,0.0,1163
874,359,26,2,0.78,1163
875,359,6,1,0.0,1163
876,360,26,2,0.5,1163
877,360,16,1,0.0,1163
878,361,26,2,0.77,1163
879,361,7,1,0.0,1163
880,362,28,2,1.0,1163
881,362,14,1,0.0,1163
882,363,27,2,0.896,1163
883,363,14,1,0.0,1163
884,364,27,2,0.879,1163
885,364,14,1,0.0,1163
886,365,32,2,0.3,1163
887,365,3,1,0.0,1163
888,366,32,2,0.3,1163
889,366,41,1,0.0,1163
890,367,40,2,0.5,1163
891,367,40,2,0.5,1163
892,367,15,1,0.0,1163
893,368,40,2,0.77,1163
894,368,40,2,0.77,1163
895,368,7,1,0.0,1163
896,369,40,2,1.0,1163
897,369,40,2,1.0,1163
898,369,21,1,0.0,1163
899,370,40,2,0.87,1163
900,370,40,2,0.87,1163
901,370,3,1,0.0,1163
902,371,40,2,1.0,1163
903,371,40,2,1.0,1163
904,371,25,1,0.0,1163
905,372,40,2,0.82,1163
906,372,40,2,0.82,1163
907,372,4,1,0.0,1163
908,373,311,2,1.0,1163
909,373,312,1,1.0,1163
910,373,313,1,1.0,1163
911,373,314,1,1.0,1163
912,373,315,1,1.0,1163
913,373,316,1,1.0,1163
914,373,317,1,1.0,1163
915,373,318,1,1.0,1163
916,373,319,1,1.0,1163
917,373,320,1,1.0,1163
918,374,312,2,1.0,1163
919,374,21,1,1.0,1163
920,375,313,2,1.0,1163
921,375,3,1,1.0,1163
922,376,314,2,1.0,1163
923,376,4,1,1.0,1163
924,377,315,2,1.0,1163
925,377,7,1,1.0,1163
926,378,316,2,1.0,1163
927,378,13,1,1.0,1163
928,379,317,2,1.0,1163
929,379,14,1,1.0,1163
930,380,318,2,1.0,1163
931,380,19,1,1.0,1163
932,381,319,2,1.0,1163
933,381,17,1,1.0,1163
934,382,320,2,1.0,1163
935,382,20,1,1.0,1163
936,383,42,2,0.6,1163
937,383,24,1,1.0,1
938,384,44,2,0.95,1163
939,384,7,1,1.0,1
940,385,45,2,0.95,1163
941,385,21,1,1.0,1
942,386,46,2,0.95,1163
943,386,6,1,1.0,1
944,387,43,2,0.95,1163
945,387,14,1,1.0,1
946,388,52,2,0.7,1163
947,388,24,1,1.0,1
948,389,50,2,0.4,1163
949,389,7,1,1.0,1
950,390,51,2,0.4,1163
951,390,21,1,1.0,1
952,391,53,2,0.95,1163
953,391,14,1,1.0,1
954,392,47,2,0.95,1163
955,392,7,1,1.0,1
956,393,48,2,0.95,1163
957,393,21,1,1.0,1
958,394,54,2,0.95,1163
959,394,14,1,1.0,1
960,395,57,2,0.95,1163
961,395,14,1,1.0,1
962,396,55,2,0.95,1163
963,396,14,1,1.0,1
964,397,53,2,1.0,1163
965,397,54,2,1.0,1163
966,397,57,2,1.0,1163
967,397,25,1,1.0,1
968,398,58,2,0.6,1163
969,398,24,1,1.0,1
970,399,60,2,0.95,1163
971,399,7,1,1.0,1
972,400,61,2,0.95,1163
973,400,21,1,1.0,1
974,401,62,2,0.95,1163
975,401,6,1,1.0,1
976,402,65,2,0.7,1163
977,402,14,1,1.0,1
978,403,66,2,0.4,1163
979,403,7,1,1.0,1
980,404,67,2,0.4,1163
981,404,21,1,1.0,1
982,405,68,2,0.95,1163
983,405,14,1,1.0,1
984,406,63,2,0.95,1163
985,406,7,1,1.0,1
986,407,64,2,0.95,1163
987,407,21,1,1.0,1
988,408,69,2,0.95,1163
989,408,14,1,1.0,1
990,409,72,2,0.95,1163
991,409,14,1,1.0,1
992,410,70,2,0.95,1163
993,410,14,1,1.0,1
994,411,68,2,1.0,1163
995,411,69,2,1.0,1163
996,411,72,2,1.0,1163
997,411,25,1,1.0,1
998,412,73,2,0.6,1163
999,412,24,1,1.0,1
1000,413,75,2,0.95,1163
1001,413,7,1,1.0,1
1002,414,76,2,0.95,1163
1003,414,21,1,1.0,1
1004,415,77,2,0.95,1163
1005,415,6,1,1.0,1
1006,416,80,2,0.7,1163
1007,416,14,1,1.0,1
1008,417,81,2,0.4,1163
1009,417,7,1,1.0,1
1010,418,82,2,0.4,1163
1011,418,21,1,1.0,1
1012,419,83,2,0.95,1163
1013,419,14,1,1.0,1
1014,420,78,2,0.95,1163
1015,420,7,1,1.0,1
1016,421,79,2,0.95,1163
1017,421,21,1,1.0,1
1018,422,84,2,0.95,1163
1019,422,14,1,1.0,1
1020,423,87,2,0.95,1163
1021,423,14,1,1.0,1
1022,424,85,2,0.95,1163
1023,424,14,1,1.0,1
1024,425,83,2,1.0,1163
1025,425,84,2,1.0,1163
1026,425,87,2,1.0,1163
1027,425,25,1,1.0,1
1028,426,88,2,0.6,1163
1029,426,24,1,1.0,1
1030,427,90,2,0.95,1163
1031,427,7,1,1.0,1
1032,428,91,2,0.95,1163
1033,428,21,1,1.0,1
1034,429,92,2,0.95,1163
1035,429,6,1,1.0,1
1036,430,95,2,0.7,1163
1037,430,14,1,1.0,1
1038,431,96,2,0.4,1163
1039,431,7,1,1.0,1
1040,432,97,2,0.4,1163
1041,432,21,1,1.0,1
1042,433,98,2,0.95,1163
1043,433,14,1,1.0,1
1044,434,93,2,0.95,1163
1045,434,7,1,1.0,1
1046,435,94,2,0.95,1163
1047,435,21,1,1.0,1
1048,436,99,2,0.95,1163
1049,436,14,1,1.0,1
1050,437,101,2,0.95,1163
1051,437,14,1,1.0,1
1052,438,100,2,0.95,1163
1053,438,14,1,1.0,1
1054,439,98,2,1.0,1163
1055,439,99,2,1.0,1163
1056,439,101,2,1.0,1163
1057,439,25,1,1.0,1
1058,440,103,2,0.6,1163
1059,440,24,1,1.0,1
1060,441,105,2,0.95,1163
1061,441,7,1,1.0,1
1062,442,106,2,0.95,1163
1063,442,21,1,1.0,1
1064,443,107,2,0.95,1163
1065,443,6,1,1.0,1
1066,444,110,2,0.7,1163
1067,444,14,1,1.0,1
1068,445,111,2,0.4,1163
1069,445,7,1,1.0,1
1070,446,112,2,0.4,1163
1071,446,21,1,1.0,1
1072,447,113,2,0.95,1163
1073,447,14,1,1.0,1
1074,448,108,2,0.95,1163
1075,448,7,1,1.0,1
1076,449,109,2,0.95,1163
1077,449,21,1,1.0,1
1078,450,114,2,0.95,1163
1079,450,14,1,1.0,1
1080,451,116,2,0.95,1163
1081,451,14,1,1.0,1
1082,452,115,2,0.95,1163
1083,452,14,1,1.0,1
1084,453,113,2,1.0,1163
1085,453,114,2,1.0,1163
1086,453,116,2,1.0,1163
1087,453,25,1,1.0,1
1088,454,118,2,0.6,1163
1089,454,24,1,1.0,1
1090,455,120,2,0.95,1163
1091,455,7,1,1.0,1
1092,456,121,2,0.95,1163
1093,456,21,1,1.0,1
1094,457,122,2,0.95,1163
1095,457,6,1,1.0,1
1096,458,119,2,0.95,1163
1097,458,14,1,1.0,1
1098,459,125,2,0.7,1163
1099,459,14,1,1.0,1
1100,460,126,2,0.4,1163
1101,460,7,1,1.0,1
1102,461,127,2,0.4,1163
1103,461,21,1,1.0,1
1104,462,128,2,0.95,1163
1105,462,14,1,1.0,1
1106,463,123,2,0.95,1163
1107,463,7,1,1.0,1
1108,464,124,2,0.95,1163
1109,464,21,1,1.0,1
1110,465,129,2,0.95,1163
1111,465,14,1,1.0,1
1112,466,132,2,0.95,1163
1113,466,14,1,1.0,1
1114,467,130,2,0.95,1163
1115,467,14,1,1.0,1
1116,468,128,2,1.0,1163
1117,468,129,2,1.0,1163
1118,468,132,2,1.0,1163
1119,468,25,1,1.0,1
1120,469,133,2,0.6,1163
1121,469,24,1,1.0,1
1122,470,133,2,0.99,1163
1123,470,14,1,1.0,1
1124,471,133,2,0.95,1163
1125,471,7,1,1.0,1
1126,472,134,2,0.95,1163
1127,472,14,1,1.0,1
1128,473,135,2,0.95,1163
1129,473,136,2,0.95,1163
1130,473,7,1,1.0,1
1131,474,135,2,1.1,1
1132,474,136,1,1.0,1
1133,475,137,2,0.95,1163
1134,475,21,1,1.0,1
1135,476,138,2,0.95,1163
1136,476,6,1,1.0,1
1137,477,141,2,0.7,1163
1138,477,14,1,1.0,1
1139,478,142,2,0.4,1163
1140,478,7,1,1.0,1
1141,479,142,2,0.4,1163
1142,479,14,1,1.0,1
1143,480,143,2,0.4,1163
1144,480,21,1,1.0,1
1145,481,144,2,0.95,1163
1146,481,14,1,1.0,1
1147,482,139,2,0.95,1163
1148,482,7,1,1.0,1
1149,483,140,2,0.95,1163
1150,483,21,1,1.0,1
1151,484,145,2,0.95,1163
1152,484,14,1,1.0,1
1153,485,148,2,0.95,1163
1154,485,14,1,1.0,1
1155,486,146,2,0.95,1163
1156,486,14,1,1.0,1
1157,487,144,2,1.0,1163
1158,487,145,2,1.0,1163
1159,487,148,2,1.0,1163
1160,487,25,1,1.0,1
1161,488,149,2,0.6,1163
1162,488,24,1,1.0,1
1163,489,151,2,0.95,1163
1164,489,7,1,1.0,1
1165,490,152,2,0.95,1163
1166,490,21,1,1.0,1
1167,491,153,2,0.95,1163
1168,491,6,1,1.0,1
1169,492,150,2,0.95,1163
1170,492,14,1,1.0,1
1171,493,159,2,0.7,1163
1172,493,24,1,1.0,1
1173,494,157,2,0.4,1163
1174,494,7,1,1.0,1
1175,495,158,2,0.4,1163
1176,495,21,1,1.0,1
1177,496,160,2,0.95,1163
1178,496,14,1,1.0,1
1179,497,154,2,0.95,1163
1180,497,7,1,1.0,1
1181,498,155,2,0.95,1163
1182,498,21,1,1.0,1
1183,499,161,2,0.95,1163
1184,499,14,1,1.0,1
1185,500,164,2,0.95,1163
1186,500,14,1,1.0,1
1187,501,162,2,0.95,1163
1188,501,14,1,1.0,1
1189,502,160,2,1.0,1163
1190,502,161,2,1.0,1163
1191,502,164,2,1.0,1163
1192,502,25,1,1.0,1
1193,503,165,2,0.6,1163
1194,503,24,1,1.0,1
1195,504,167,2,0.95,1163
1196,504,7,1,1.0,1
1197,505,168,2,0.95,1163
1198,505,21,1,1.0,1
1199,506,169,2,0.95,1163
1200,506,6,1,1.0,1
1201,507,166,2,0.95,1163
1202,507,14,1,1.0,1
1203,508,175,2,0.7,1163
1204,508,24,1,1.0,1
1205,509,173,2,0.4,1163
1206,509,7,1,1.0,1
1207,510,174,2,0.4,1163
1208,510,21,1,1.0,1
1209,511,176,2,0.95,1163
1210,511,14,1,1.0,1
1211,512,170,2,0.95,1163
1212,512,7,1,1.0,1
1213,513,171,2,0.95,1163
1214,513,21,1,1.0,1
1215,514,177,2,0.95,1163
1216,514,14,1,1.0,1
1217,515,179,2,0.95,1163
1218,515,14,1,1.0,1
1219,516,178,2,0.95,1163
1220,516,14,1,1.0,1
1221,517,180,2,0.6,1163
1222,517,24,1,1.0,1
1223,518,182,2,0.95,1163
1224,518,7,1,1.0,1
1225,519,183,2,0.95,1163
1226,519,21,1,1.0,1
1227,520,184,2,0.95,1163
1228,520,6,1,1.0,1
1229,521,181,2,0.95,1163
1230,521,14,1,1.0,1
1231,522,190,2,0.7,1163
1232,522,24,1,1.0,1
1233,523,188,2,0.4,1163
1234,523,7,1,1.0,1
1235,524,189,2,0.4,1163
1236,524,21,1,1.0,1
1237,525,191,2,0.95,1163
1238,525,14,1,1.0,1
1239,526,185,2,0.95,1163
1240,526,7,1,1.0,1
1241,527,186,2,0.95,1163
1242,527,21,1,1.0,1
1243,528,192,2,0.95,1163
1244,528,14,1,1.0,1
1245,529,194,2,0.95,1163
1246,529,14,1,1.0,1
1247,530,193,2,0.95,1163
1248,530,14,1,1.0,1
1249,531,195,2,0.6,1163
1250,531,24,1,1.0,1
1251,532,197,2,0.95,1163
1252,532,7,1,1.0,1
1253,533,198,2,0.95,1163
1254,533,21,1,1.0,1
1255,534,199,2,0.95,1163
1256,534,6,1,1.0,1
1257,535,202,2,0.7,1163
1258,535,14,1,1.0,1
1259,536,203,2,0.4,1163
1260,536,7,1,1.0,1
1261,537,204,2,0.4,1163
1262,537,21,1,1.0,1
1263,538,205,2,0.95,1163
1264,538,14,1,1.0,1
1265,539,200,2,0.95,1163
1266,539,7,1,1.0,1
1267,540,201,2,0.95,1163
1268,540,21,1,1.0,1
1269,541,206,2,0.95,1163
1270,541,14,1,1.0,1
1271,542,208,2,0.95,1163
1272,542,14,1,1.0,1
1273,543,209,2,0.6,1163
1274,543,24,1,1.0,1
1275,544,211,2,0.95,1163
1276,544,7,1,1.0,1
1277,545,212,2,0.95,1163
1278,545,21,1,1.0,1
1279,546,213,2,0.95,1163
1280,546,6,1,1.0,1
1281,547,210,2,0.95,1163
1282,547,14,1,1.0,1
1283,548,219,2,0.7,1163
1284,548,24,1,1.0,1
1285,549,217,2,0.4,1163
1286,549,7,1,1.0,1
1287,550,218,2,0.4,1163
1288,550,21,1,1.0,1
1289,551,220,2,0.95,1163
1290,551,14,1,1.0,1
1291,552,214,2,0.95,1163
1292,552,7,1,1.0,1
1293,553,215,2,0.95,1163
1294,553,21,1,1.0,1
1295,554,221,2,0.95,1163
1296,554,14,1,1.0,1
1297,555,223,2,0.95,1163
1298,555,14,1,1.0,1
1299,556,222,2,0.95,1163
1300,556,14,1,1.0,1
1301,557,224,2,0.6,1163
1302,557,24,1,1.0,1
1303,558,226,2,0.95,1163
1304,558,7,1,1.0,1
1305,559,227,2,0.95,1163
1306,559,21,1,1.0,1
1307,560,228,2,0.95,1163
1308,560,6,1,1.0,1
1309,561,225,2,0.95,1163
1310,561,14,1,1.0,1
1311,562,234,2,0.7,1163
1312,562,24,1,1.0,1
1313,563,232,2,0.4,1163
1314,563,7,1,1.0,1
1315,564,233,2,0.4,1163
1316,564,21,1,1.0,1
1317,565,235,2,0.95,1163
1318,565,14,1,1.0,1
1319,566,229,2,0.95,1163
1320,566,7,1,1.0,1
1321,567,230,2,0.95,1163
1322,567,21,1,1.0,1
1323,568,236,2,0.95,1163
1324,568,14,1,1.0,1
1325,569,238,2,0.95,1163
1326,569,14,1,1.0,1
1327,570,237,2,0.95,1163
1328,570,14,1,1.0,1
1329,571,239,2,0.6,1163
1330,571,24,1,1.0,1
1331,572,241,2,0.95,1163
1332,572,7,1,1.0,1
1333,573,242,2,0.95,1163
1334,573,21,1,1.0,1
1335,574,243,2,0.95,1163
1336,574,6,1,1.0,1
1337,575,240,2,0.95,1163
1338,575,14,1,1.0,1
1339,576,249,2,0.7,1163
1340,576,24,1,1.0,1
1341,577,247,2,0.4,1163
1342,577,7,1,1.0,1
1343,578,248,2,0.4,1163
1344,578,21,1,1.0,1
1345,579,250,2,0.95,1163
1346,579,14,1,1.0,1
1347,580,244,2,0.95,1163
1348,580,7,1,1.0,1
1349,581,245,2,0.95,1163
1350,581,21,1,1.0,1
1351,582,251,2,0.95,1163
1352,582,14,1,1.0,1
1353,583,253,2,0.95,1163
1354,583,14,1,1.0,1
1355,584,252,2,0.95,1163
1356,584,14,1,1.0,1
1357,585,254,2,0.6,1163
1358,585,24,1,1.0,1
1359,586,256,2,0.95,1163
1360,586,7,1,1.0,1
1361,587,257,2,0.95,1163
1362,587,21,1,1.0,1
1363,588,258,2,0.95,1163
1364,588,6,1,1.0,1
1365,589,255,2,0.95,1163
1366,589,14,1,1.0,1
1367,590,264,2,0.7,1163
1368,590,24,1,1.0,1
1369,591,262,2,0.4,1163
1370,591,7,1,1.0,1
1371,592,263,2,0.4,1163
1372,592,21,1,1.0,1
1373,593,265,2,0.95,1163
1374,593,14,1,1.0,1
1375,594,259,2,0.95,1163
1376,594,7,1,1.0,1
1377,595,260,2,0.95,1163
1378,595,21,1,1.0,1
1379,596,266,2,0.95,1163
1380,596,14,1,1.0,1
1381,597,268,2,0.95,1163
1382,597,14,1,1.0,1
1383,598,267,2,0.95,1163
1384,598,14,1,1.0,1
1385,599,269,2,1.0,1
1386,599,270,1,1.0,1
1387,599,271,1,1.0,1
1388,599,272,1,1.0,1
1389,599,273,1,1.0,1
1390,599,274,1,1.0,1
1391,599,275,1,1.0,1
1392,600,270,2,1.0,1
1393,600,14,1,1.0,1
1394,601,271,2,1.0,1
1395,601,7,1,1.0,1
1396,602,272,2,1.0,1
1397,602,21,1,1.0,1
1398,603,273,2,1.0,1
1399,603,3,1,1.0,1
1400,604,274,2,1.0,1
1401,604,6,1,1.0,1
1402,605,275,2,1.0,1
1403,605,24,1,1.0,1
1404,606,276,2,1.0,1
1405,606,277,1,1.0,1
1406,606,278,1,1.0,1
1407,606,279,1,1.0,1
1408,606,280,1,1.0,1
1409,606,281,1,1.0,1
1410,606,282,1,1.0,1
1411,607,277,2,1.0,1
1412,607,14,1,1.0,1
1413,608,278,2,1.0,1
1414,608,7,1,1.0,1
1415,609,279,2,1.0,1
1416,609,21,1,1.0,1
1417,610,280,2,1.0,1
1418,610,3,1,1.0,1
1419,611,281,2,1.0,1
1420,611,6,1,1.0,1
1421,612,282,2,1.0,1
1422,612,24,1,1.0,1
1423,613,284,2,1245.355,1
1424,613,5,1,1.0,1
1425,614,284,2,1517.22,1
1426,614,3,1,1.0,1
1427,615,284,2,1269.817,1
1428,615,5,1,1.0,1
1429,616,284,2,1541.682,1
1430,616,3,1,1.0,1
1431,617,284,2,1294.279,1
1432,617,5,1,1.0,1
1433,618,284,2,1566.144,1
1434,618,3,1,1.0,1
1435,619,284,2,1318.74,1
1436,619,5,1,1.0,1
1437,620,284,2,1590.606,1
1438,620,3,1,1.0,1
1439,621,284,2,1343.202,1
1440,621,5,1,1.0,1
1441,622,284,2,1615.067,1
1442,622,3,1,1.0,1
1443,623,284,2,1367.664,1
1444,623,5,1,1.0,1
1445,624,284,2,1639.529,1
1446,624,3,1,1.0,1
1447,625,284,2,1392.126,1
1448,625,5,1,1.0,1
1449,626,284,2,1663.991,1
1450,626,3,1,1.0,1
1451,627,284,2,1416.588,1
1452,627,5,1,1.0,1
1453,628,284,2,1688.453,1
1454,628,3,1,1.0,1
1455,629,284,2,1441.05,1
1456,629,5,1,1.0,1
1457,630,284,2,1712.915,1
1458,630,3,1,1.0,1
1459,631,284,2,1465.511,1
1460,631,5,1,1.0,1
1461,632,284,2,1737.377,1
1462,632,3,1,1.0,1
1463,633,284,2,1489.973,1
1464,633,5,1,1.0,1
1465,634,284,2,1761.839,1
1466,634,3,1,1.0,1
1467,635,284,2,1514.435,1
1468,635,5,1,1.0,1
1469,636,284,2,1786.3,1
1470,636,3,1,1.0,1
1471,637,284,2,1538.897,1
1472,637,5,1,1.0,1
1473,638,284,2,1810.762,1
1474,638,3,1,1.0,1
1475,639,284,2,1563.359,1
1476,639,5,1,1.0,1
1477,640,284,2,1835.224,1
1478,640,3,1,1.0,1
1479,641,284,2,1587.821,1
1480,641,5,1,1.0,1
1481,642,284,2,1859.686,1
1482,642,3,1,1.0,1
1483,643,284,2,1612.282,1
1484,643,5,1,1.0,1
1485,644,284,2,1884.148,1
1486,644,3,1,1.0,1
1487,645,284,2,1636.744,1
1488,645,5,1,1.0,1
1489,646,284,2,1908.61,1
1490,646,3,1,1.0,1
1491,647,284,2,1661.206,1
1492,647,5,1,1.0,1
1493,648,284,2,1933.071,1
1494,648,3,1,1.0,1
1495,649,284,2,1685.668,1
1496,649,5,1,1.0,1
1497,650,284,2,1957.533,1
1498,650,3,1,1.0,1
1499,651,284,2,1710.13,1
1500,651,5,1,1.0,1
1501,652,284,2,1981.995,1
1502,652,3,1,1.0,1
1503,653,284,2,1734.592,1
1504,653,5,1,1.0,1
1505,654,284,2,2006.457,1
1506,654,3,1,1.0,1
1507,655,284,2,1759.054,1
1508,655,5,1,1.0,1
1509,656,284,2,2030.919,1
1510,656,3,1,1.0,1
1511,657,284,2,2722.487,1
1512,657,3,1,1.0,1
1513,658,284,2,1783.515,1
1514,658,5,1,1.0,1
1515,659,284,2,2055.381,1
1516,659,3,1,1.0,1
1517,660,284,2,2722.487,1
1518,660,3,1,1.0,1
1519,661,284,2,7623.508,1
1520,661,14,1,1.0,1
1521,662,284,2,1807.977,1
1522,662,5,1,1.0,1
1523,663,284,2,2079.842,1
1524,663,3,1,1.0,1
1525,664,284,2,2722.487,1
1526,664,3,1,1.0,1
1527,665,284,2,7623.508,1
1528,665,14,1,1.0,1
1529,666,284,2,1835.926,1
1530,666,5,1,1.0,1
1531,667,284,2,2164.29,1
1532,667,3,1,1.0,1
1533,668,284,2,2570.727,1
1534,668,3,1,1.0,1
1535,669,284,2,9045.122,1
1536,669,14,1,1.0,1
1537,670,284,2,1823.401,1
1538,670,5,1,1.0,1
1539,671,284,2,2161.156,1
1540,671,3,1,1.0,1
1541,672,284,2,2610.622,1
1542,672,3,1,1.0,1
1543,673,284,2,9068.133,1
1544,673,14,1,1.0,1
1545,674,284,2,1828.051,1
1546,674,5,1,1.0,1
1547,675,284,2,2292.168,1
1548,675,3,1,1.0,1
1549,676,284,2,2632.524,1
1550,676,3,1,1.0,1
1551,677,284,2,10078.578,1
1552,677,14,1,1.0,1
1553,678,284,2,1828.051,1
1554,678,5,1,1.0,1
1555,679,284,2,2292.168,1
1556,679,3,1,1.0,1
1557,680,284,2,2193.662,1
1558,680,5,1,1.0,1
1559,681,284,2,2750.602,1
1560,681,3,1,1.0,1
1561,682,284,2,2376.467,1
1562,682,5,1,1.0,1
1563,683,284,2,2979.819,1
1564,683,3,1,1.0,1
1565,684,284,2,2559.272,1
1566,684,5,1,1.0,1
1567,685,284,2,3209.036,1
1568,685,3,1,1.0,1
1569,686,289,2,1071.066,1
1570,686,5,1,1.0,1
1571,687,289,2,1440.683,1
1572,687,3,1,1.0,1
1573,688,289,2,1071.066,1
1574,688,5,1,1.0,1
1575,689,289,2,1440.683,1
1576,689,3,1,1.0,1
1577,690,289,2,1071.066,1
1578,690,5,1,1.0,1
1579,691,289,2,1440.683,1
1580,691,3,1,1.0,1
1581,692,289,2,1071.066,1
1582,692,5,1,1.0,1
1583,693,289,2,1440.683,1
1584,693,3,1,1.0,1
1585,694,289,2,1071.066,1
1586,694,5,1,1.0,1
1587,695,289,2,1440.683,1
1588,695,3,1,1.0,1
1589,696,289,2,1071.066,1
1590,696,5,1,1.0,1
1591,697,289,2,1440.683,1
1592,697,3,1,1.0,1
1593,698,289,2,1071.066,1
1594,698,5,1,1.0,1
1595,699,289,2,1440.683,1
1596,699,3,1,1.0,1
1597,700,289,2,1071.066,1
1598,700,5,1,1.0,1
1599,701,289,2,1440.683,1
1600,701,3,1,1.0,1
1601,702,289,2,1071.066,1
1602,702,5,1,1.0,1
1603,703,289,2,1440.683,1
1604,703,3,1,1.0,1
1605,704,289,2,1071.066,1
1606,704,5,1,1.0,1
1607,705,289,2,1440.683,1
1608,705,3,1,1.0,1
1609,706,289,2,1071.066,1
1610,706,5,1,1.0,1
1611,707,289,2,1440.683,1
1612,707,3,1,1.0,1
1613,708,289,2,1071.066,1
1614,708,5,1,1.0,1
1615,709,289,2,1440.683,1
1616,709,3,1,1.0,1
1617,710,289,2,1071.066,1
1618,710,5,1,1.0,1
1619,711,289,2,1440.683,1
1620,711,3,1,1.0,1
1621,712,289,2,1071.066,1
1622,712,5,1,1.0,1
1623,713,289,2,1440.683,1
1624,713,3,1,1.0,1
1625,714,289,2,1071.066,1
1626,714,5,1,1.0,1
1627,715,289,2,1440.683,1
1628,715,3,1,1.0,1
1629,716,289,2,1071.066,1
1630,716,5,1,1.0,1
1631,717,289,2,1440.683,1
1632,717,3,1,1.0,1
1633,718,289,2,1071.066,1
1634,718,5,1,1.0,1
1635,719,289,2,1440.683,1
1636,719,3,1,1.0,1
1637,720,289,2,1071.066,1
1638,720,5,1,1.0,1
1639,721,289,2,1440.683,1
1640,721,3,1,1.0,1
1641,722,289,2,1071.066,1
1642,722,5,1,1.0,1
1643,723,289,2,1440.683,1
1644,723,3,1,1.0,1
1645,724,289,2,1071.066,1
1646,724,5,1,1.0,1
1647,725,289,2,1440.683,1
1648,725,3,1,1.0,1
1649,726,289,2,1071.066,1
1650,726,5,1,1.0,1
1651,727,289,2,1440.683,1
1652,727,3,1,1.0,1
1653,728,289,2,1071.066,1
1654,728,5,1,1.0,1
1655,729,289,2,1440.683,1
1656,729,3,1,1.0,1
1657,730,289,2,1071.066,1
1658,730,5,1,1.0,1
1659,731,289,2,1440.683,1
1660,731,3,1,1.0,1
1661,732,289,2,1071.066,1
1662,732,5,1,1.0,1
1663,733,289,2,1440.683,1
1664,733,3,1,1.0,1
1665,734,289,2,3595.89,1
1666,734,3,1,1.0,1
1667,735,289,2,1071.066,1
1668,735,5,1,1.0,1
1669,736,289,2,1440.683,1
1670,736,3,1,1.0,1
1671,737,289,2,3595.89,1
1672,737,3,1,1.0,1
1673,738,289,2,1071.066,1
1674,738,5,1,1.0,1
1675,739,289,2,1440.683,1
1676,739,3,1,1.0,1
1677,740,289,2,3045.499,1
1678,740,3,1,1.0,1
1679,741,289,2,1081.212,1
1680,741,5,1,1.0,1
1681,742,289,2,1547.272,1
1682,742,3,1,1.0,1
1683,743,289,2,2192.491,1
1684,743,3,1,1.0,1
1685,744,289,2,6517.857,1
1686,744,14,1,1.0,1
1687,745,289,2,1081.212,1
1688,745,5,1,1.0,1
1689,746,289,2,1547.272,1
1690,746,3,1,1.0,1
1691,747,289,2,1297.455,1
1692,747,5,1,1.0,1
1693,748,289,2,1856.727,1
1694,748,3,1,1.0,1
1695,749,289,2,1405.576,1
1696,749,5,1,1.0,1
1697,750,289,2,2011.454,1
1698,750,3,1,1.0,1
1699,751,289,2,1513.697,1
1700,751,5,1,1.0,1
1701,752,289,2,2166.181,1
1702,752,3,1,1.0,1
1703,753,285,2,1712.329,1
1704,753,5,1,1.0,1
1705,754,285,2,1834.862,1
1706,754,3,1,1.0,1
1707,755,285,2,2632.524,1
1708,755,3,1,1.0,1
1709,756,285,2,10078.578,1
1710,756,14,1,1.0,1
1711,757,285,2,1712.0,1
1712,757,7,1,1.0,1
1713,758,285,2,1712.329,1
1714,758,5,1,1.0,1
1715,759,285,2,1834.862,1
1716,759,3,1,1.0,1
1717,760,285,2,2632.524,1
1718,760,3,1,1.0,1
1719,761,285,2,10078.578,1
1720,761,14,1,1.0,1
1721,762,285,2,1712.0,1
1722,762,7,1,1.0,1
1723,763,286,2,144.325,1
1724,763,3,1,1.0,1
1725,764,286,2,144.325,1
1726,764,3,1,1.0,1
1727,765,286,2,611.546,1
1728,765,14,1,1.0,1
1729,766,286,2,611.546,1
1730,766,14,1,0.0,1
1731,767,286,2,100.0,1
1732,767,7,1,1.0,1
1733,768,286,2,100.0,1
1734,768,7,1,1.0,1
1735,769,286,2,100.0,1
1736,769,5,1,1.0,1
1737,770,286,2,100.0,1
1738,770,5,1,1.0,1
1739,771,286,2,330.0,1
1740,771,3,1,1.0,1
1741,772,286,2,330.0,1
1742,772,3,1,1.0,1
1743,773,288,2,300.0,1
1744,773,5,1,1.0,1
1745,774,288,2,500.0,1
1746,774,3,1,1.0,1
1747,775,288,2,700.0,1
1748,775,3,1,1.0,1
1749,776,288,2,1161.0,1
1750,776,14,1,1.0,1
1751,777,288,2,300.0,1
1752,777,7,1,1.0,1
1753,778,288,2,300.0,1
1754,778,5,1,1.0,1
1755,779,288,2,500.0,1
1756,779,3,1,1.0,1
1757,780,288,2,700.0,1
1758,780,3,1,1.0,1
1759,781,288,2,1161.0,1
1760,781,14,1,1.0,1
1761,782,288,2,300.0,1
1762,782,7,1,1.0,1
1763,783,287,2,500.0,1
1764,783,5,1,1.0,1
1765,784,287,2,732.0,1
1766,784,3,1,1.0,1
1767,785,287,2,850.0,1
1768,785,3,1,1.0,1
1769,786,287,2,1000.0,1
1770,786,14,1,1.0,1
1771,787,287,2,300.0,1
1772,787,7,1,1.0,1
1773,788,287,2,500.0,1
1774,788,5,1,1.0,1
1775,789,287,2,732.0,1
1776,789,3,1,1.0,1
1777,790,287,2,850.0,1
1778,790,3,1,1.0,1
1779,791,287,2,1000.0,1
1780,791,14,1,1.0,1
1781,792,287,2,300.0,1
1782,792,7,1,1.0,1
1783,793,293,2,3000.0,1
1784,793,5,1,1.0,1
1785,794,293,2,3200.0,1
1786,794,3,1,1.0,1
1787,795,293,2,4000.0,1
1788,795,5,1,1.0,1
1789,796,293,2,12000.0,1
1790,796,14,1,1.0,1
1791,797,293,2,3000.0,1
1792,797,5,1,1.0,1
1793,798,293,2,3200.0,1
1794,798,3,1,1.0,1
1795,799,293,2,4000.0,1
1796,799,5,1,1.0,1
1797,800,293,2,12000.0,1
1798,800,14,1,1.0,1
1799,801,290,2,700.0,1
1800,801,5,1,1.0,1
1801,802,290,2,852.0,1
1802,802,3,1,1.0,1
1803,803,290,2,1200.0,1
1804,803,3,1,1.0,1
1805,804,290,2,1500.0,1
1806,804,14,1,1.0,1
1807,805,290,2,700.0,1
1808,805,7,1,1.0,1
1809,806,290,2,700.0,1
1810,806,5,1,1.0,1
1811,807,290,2,852.0,1
1812,807,3,1,1.0,1
1813,808,290,2,1200.0,1
1814,808,3,1,1.0,1
1815,809,290,2,1500.0,1
1816,809,14,1,1.0,1
1817,810,290,2,700.0,1
1818,810,7,1,1.0,1
1819,811,291,2,600.0,1
1820,811,5,1,1.0,1
1821,812,291,2,1065.0,1
1822,812,3,1,1.0,1
1823,813,291,2,1250.0,1
1824,813,3,1,1.0,1
1825,814,291,2,1528.865,1
1826,814,14,1,1.0,1
1827,815,291,2,700.0,1
1828,815,7,1,1.0,1
1829,816,291,2,600.0,1
1830,816,5,1,1.0,1
1831,817,291,2,1065.0,1
1832,817,3,1,1.0,1
1833,818,291,2,1250.0,1
1834,818,3,1,1.0,1
1835,819,291,2,1528.865,1
1836,819,14,1,1.0,1
1837,820,291,2,700.0,1
1838,820,7,1,1.0,1
1839,821,292,2,300.0,1
1840,821,5,1,1.0,1
1841,822,292,2,426.0,1
1842,822,3,1,1.0,1
1843,823,292,2,500.0,1
1844,823,3,1,1.0,1
1845,824,292,2,611.546,1
1846,824,14,1,1.0,1
1847,825,292,2,300.0,1
1848,825,7,1,1.0,1
1849,826,292,2,300.0,1
1850,826,5,1,1.0,1
1851,827,292,2,426.0,1
1852,827,3,1,1.0,1
1853,828,292,2,500.0,1
1854,828,3,1,1.0,1
1855,829,292,2,611.546,1
1856,829,14,1,1.0,1
1857,830,292,2,300.0,1
1858,830,7,1,1.0,1
1859,831,295,2,5626.0,1
1860,831,4,1,1.0,1
1861,832,294,2,2344.0,1
1862,832,9,1,1.0,1
1863,833,297,2,1488.0,1
1864,833,14,1,1.0,1
1865,834,296,2,20.0,1
1866,834,14,1,1.0,1
1867,835,298,2,49.0,1
1868,835,3,1,1.0,1
1869,836,292,2,511.0,1
1870,836,3,1,1.0,1
