Proceso,Agno,Cinversion
Biomasa_VII,2017,3100.0
Biomasa_VII,2018,3100.0
Biomasa_VII,2019,3100.0
Biomasa_VII,2020,3076.7332733946782
Biomasa_VII,2021,3035.322110012194
Biomasa_VII,2022,3021.33715165081
Biomasa_VII,2023,3012.933662326452
Biomasa_VII,2024,2999.2431851208844
Biomasa_VII,2025,2987.754116402056
Biomasa_VII,2026,2971.927869929246
Biomasa_VII,2027,2962.5555032729562
Biomasa_VII,2028,2954.181103772674
Biomasa_VII,2029,2942.698222793446
Biomasa_VII,2030,2930.3866396479825
Biomasa_VII,2031,2920.6875820847044
Biomasa_VII,2032,2908.849285304088
Biomasa_VII,2033,2897.997330565551
Biomasa_VII,2034,2885.3687580479823
Biomasa_VII,2035,2873.460193588468
Biomasa_VII,2036,2864.2739883700156
Biomasa_VII,2037,2850.0337074712083
Biomasa_VII,2038,2838.320193604969
Biomasa_VII,2039,2826.0344690673783
Biomasa_VII,2040,2814.0081397049958
Biomasa_VII,2041,2803.6263345338907
Biomasa_VII,2042,2791.546360364188
Biomasa_VII,2043,2781.6490480992034
Biomasa_VII,2044,2770.031256581754
Biomasa_VII,2045,2758.2766599008364
Biomasa_VII,2046,2745.6544682801673
Biomasa_VII,2047,2734.8988462900047
Biomasa_VII,2048,2723.8406779627344
Biomasa_VII,2049,2711.1808150849097
Biomasa_VII,2050,2676.2445862855034
Biomasa_VIII,2017,3100.0
Biomasa_VIII,2018,3100.0
Biomasa_VIII,2019,3100.0
Biomasa_VIII,2020,3076.7332733946782
Biomasa_VIII,2021,3035.322110012194
Biomasa_VIII,2022,3021.33715165081
Biomasa_VIII,2023,3012.933662326452
Biomasa_VIII,2024,2999.2431851208844
Biomasa_VIII,2025,2987.754116402056
Biomasa_VIII,2026,2971.927869929246
Biomasa_VIII,2027,2962.5555032729562
Biomasa_VIII,2028,2954.181103772674
Biomasa_VIII,2029,2942.698222793446
Biomasa_VIII,2030,2930.3866396479825
Biomasa_VIII,2031,2920.6875820847044
Biomasa_VIII,2032,2908.849285304088
Biomasa_VIII,2033,2897.997330565551
Biomasa_VIII,2034,2885.3687580479823
Biomasa_VIII,2035,2873.460193588468
Biomasa_VIII,2036,2864.2739883700156
Biomasa_VIII,2037,2850.0337074712083
Biomasa_VIII,2038,2838.320193604969
Biomasa_VIII,2039,2826.0344690673783
Biomasa_VIII,2040,2814.0081397049958
Biomasa_VIII,2041,2803.6263345338907
Biomasa_VIII,2042,2791.546360364188
Biomasa_VIII,2043,2781.6490480992034
Biomasa_VIII,2044,2770.031256581754
Biomasa_VIII,2045,2758.2766599008364
Biomasa_VIII,2046,2745.6544682801673
Biomasa_VIII,2047,2734.8988462900047
Biomasa_VIII,2048,2723.8406779627344
Biomasa_VIII,2049,2711.1808150849097
Biomasa_VIII,2050,2676.2445862855034
Biomasa_X-XIV,2017,3100.0
Biomasa_X-XIV,2018,3100.0
Biomasa_X-XIV,2019,3100.0
Biomasa_X-XIV,2020,3076.7332733946782
Biomasa_X-XIV,2021,3035.322110012194
Biomasa_X-XIV,2022,3021.33715165081
Biomasa_X-XIV,2023,3012.933662326452
Biomasa_X-XIV,2024,2999.2431851208844
Biomasa_X-XIV,2025,2987.754116402056
Biomasa_X-XIV,2026,2971.927869929246
Biomasa_X-XIV,2027,2962.5555032729562
Biomasa_X-XIV,2028,2954.181103772674
Biomasa_X-XIV,2029,2942.698222793446
Biomasa_X-XIV,2030,2930.3866396479825
Biomasa_X-XIV,2031,2920.6875820847044
Biomasa_X-XIV,2032,2908.849285304088
Biomasa_X-XIV,2033,2897.997330565551
Biomasa_X-XIV,2034,2885.3687580479823
Biomasa_X-XIV,2035,2873.460193588468
Biomasa_X-XIV,2036,2864.2739883700156
Biomasa_X-XIV,2037,2850.0337074712083
Biomasa_X-XIV,2038,2838.320193604969
Biomasa_X-XIV,2039,2826.0344690673783
Biomasa_X-XIV,2040,2814.0081397049958
Biomasa_X-XIV,2041,2803.6263345338907
Biomasa_X-XIV,2042,2791.546360364188
Biomasa_X-XIV,2043,2781.6490480992034
Biomasa_X-XIV,2044,2770.031256581754
Biomasa_X-XIV,2045,2758.2766599008364
Biomasa_X-XIV,2046,2745.6544682801673
Biomasa_X-XIV,2047,2734.8988462900047
Biomasa_X-XIV,2048,2723.8406779627344
Biomasa_X-XIV,2049,2711.1808150849097
Biomasa_X-XIV,2050,2676.2445862855034
Carbon_SING,2017,4153.988706
Carbon_SING,2018,4144.632875
Carbon_SING,2019,4135.277045
Carbon_SING,2020,4125.921215
Carbon_SING,2021,4116.565384
Carbon_SING,2022,4107.209554
Carbon_SING,2023,4097.853723
Carbon_SING,2024,4088.497893
Carbon_SING,2025,4079.142062
Carbon_SING,2026,4069.786232
Carbon_SING,2027,4060.430402
Carbon_SING,2028,4051.074571
Carbon_SING,2029,4041.718741
Carbon_SING,2030,4032.36291
Carbon_SING,2031,4023.00708
Carbon_SING,2032,4013.65125
Carbon_SING,2033,4004.295419
Carbon_SING,2034,3994.939589
Carbon_SING,2035,3985.583758
Carbon_SING,2036,3976.85165
Carbon_SING,2037,3968.119541
Carbon_SING,2038,3959.387433
Carbon_SING,2039,3950.655325
Carbon_SING,2040,3941.923216
Carbon_SING,2041,3933.191108
Carbon_SING,2042,3924.459
Carbon_SING,2043,3915.726891
Carbon_SING,2044,3906.994783
Carbon_SING,2045,3898.262674
Carbon_SING,2046,3889.530566
Carbon_SING,2047,3880.798458
Carbon_SING,2048,3872.066349
Carbon_SING,2049,3863.334241
Carbon_SING,2050,3854.602132
Diesel_IV,2017,685.0
Diesel_IV,2018,685.0
Diesel_IV,2019,685.0
Diesel_IV,2020,685.0
Diesel_IV,2021,685.0
Diesel_IV,2022,685.0
Diesel_IV,2023,685.0
Diesel_IV,2024,685.0
Diesel_IV,2025,685.0
Diesel_IV,2026,685.0
Diesel_IV,2027,685.0
Diesel_IV,2028,685.0
Diesel_IV,2029,685.0
Diesel_IV,2030,685.0
Diesel_IV,2031,685.0
Diesel_IV,2032,685.0
Diesel_IV,2033,685.0
Diesel_IV,2034,685.0
Diesel_IV,2035,685.0
Diesel_IV,2036,685.0
Diesel_IV,2037,685.0
Diesel_IV,2038,685.0
Diesel_IV,2039,685.0
Diesel_IV,2040,685.0
Diesel_IV,2041,685.0
Diesel_IV,2042,685.0
Diesel_IV,2043,685.0
Diesel_IV,2044,685.0
Diesel_IV,2045,685.0
Diesel_IV,2046,685.0
Diesel_IV,2047,685.0
Diesel_IV,2048,685.0
Diesel_IV,2049,685.0
Diesel_IV,2050,685.0
Diesel_SING,2017,685.0
Diesel_SING,2018,685.0
Diesel_SING,2019,685.0
Diesel_SING,2020,685.0
Diesel_SING,2021,685.0
Diesel_SING,2022,685.0
Diesel_SING,2023,685.0
Diesel_SING,2024,685.0
Diesel_SING,2025,685.0
Diesel_SING,2026,685.0
Diesel_SING,2027,685.0
Diesel_SING,2028,685.0
Diesel_SING,2029,685.0
Diesel_SING,2030,685.0
Diesel_SING,2031,685.0
Diesel_SING,2032,685.0
Diesel_SING,2033,685.0
Diesel_SING,2034,685.0
Diesel_SING,2035,685.0
Diesel_SING,2036,685.0
Diesel_SING,2037,685.0
Diesel_SING,2038,685.0
Diesel_SING,2039,685.0
Diesel_SING,2040,685.0
Diesel_SING,2041,685.0
Diesel_SING,2042,685.0
Diesel_SING,2043,685.0
Diesel_SING,2044,685.0
Diesel_SING,2045,685.0
Diesel_SING,2046,685.0
Diesel_SING,2047,685.0
Diesel_SING,2048,685.0
Diesel_SING,2049,685.0
Diesel_SING,2050,685.0
Diesel_X-XIV,2017,685.0
Diesel_X-XIV,2018,685.0
Diesel_X-XIV,2019,685.0
Diesel_X-XIV,2020,685.0
Diesel_X-XIV,2021,685.0
Diesel_X-XIV,2022,685.0
Diesel_X-XIV,2023,685.0
Diesel_X-XIV,2024,685.0
Diesel_X-XIV,2025,685.0
Diesel_X-XIV,2026,685.0
Diesel_X-XIV,2027,685.0
Diesel_X-XIV,2028,685.0
Diesel_X-XIV,2029,685.0
Diesel_X-XIV,2030,685.0
Diesel_X-XIV,2031,685.0
Diesel_X-XIV,2032,685.0
Diesel_X-XIV,2033,685.0
Diesel_X-XIV,2034,685.0
Diesel_X-XIV,2035,685.0
Diesel_X-XIV,2036,685.0
Diesel_X-XIV,2037,685.0
Diesel_X-XIV,2038,685.0
Diesel_X-XIV,2039,685.0
Diesel_X-XIV,2040,685.0
Diesel_X-XIV,2041,685.0
Diesel_X-XIV,2042,685.0
Diesel_X-XIV,2043,685.0
Diesel_X-XIV,2044,685.0
Diesel_X-XIV,2045,685.0
Diesel_X-XIV,2046,685.0
Diesel_X-XIV,2047,685.0
Diesel_X-XIV,2048,685.0
Diesel_X-XIV,2049,685.0
Diesel_X-XIV,2050,685.0
Eolica_II-III,2017,1365.0
Eolica_II-III,2018,1365.0
Eolica_II-III,2019,1365.0
Eolica_II-III,2020,1351.8511606909792
Eolica_II-III,2021,1321.5782173090897
Eolica_II-III,2022,1284.7156924893197
Eolica_II-III,2023,1251.300143128064
Eolica_II-III,2024,1216.445648160382
Eolica_II-III,2025,1180.2662865223274
Eolica_II-III,2026,1142.8761371483095
Eolica_II-III,2027,1104.3892789746394
Eolica_II-III,2028,1064.9197909356194
Eolica_II-III,2029,1013.2963784044259
Eolica_II-III,2030,994.7714485878676
Eolica_II-III,2031,974.0052145585568
Eolica_II-III,2032,966.306140978543
Eolica_II-III,2033,958.6070673985291
Eolica_II-III,2034,950.9079938185153
Eolica_II-III,2035,943.2089202385014
Eolica_II-III,2036,935.5098466584876
Eolica_II-III,2037,932.8107730784739
Eolica_II-III,2038,930.11169949846
Eolica_II-III,2039,927.4126259184461
Eolica_II-III,2040,919.7135523384324
Eolica_II-III,2041,917.0144787584185
Eolica_II-III,2042,914.3154051784047
Eolica_II-III,2043,906.6163315983908
Eolica_II-III,2044,903.9172580183771
Eolica_II-III,2045,901.2181844383633
Eolica_II-III,2046,893.5191108583494
Eolica_II-III,2047,890.8200372783356
Eolica_II-III,2048,888.1209636983218
Eolica_II-III,2049,885.421890118308
Eolica_II-III,2050,877.7228165382942
Eolica_IV,2017,1365.0
Eolica_IV,2018,1365.0
Eolica_IV,2019,1365.0
Eolica_IV,2020,1351.8511606909792
Eolica_IV,2021,1321.5782173090897
Eolica_IV,2022,1284.7156924893197
Eolica_IV,2023,1251.300143128064
Eolica_IV,2024,1216.445648160382
Eolica_IV,2025,1180.2662865223274
Eolica_IV,2026,1142.8761371483095
Eolica_IV,2027,1104.3892789746394
Eolica_IV,2028,1064.9197909356194
Eolica_IV,2029,1013.2963784044259
Eolica_IV,2030,994.7714485878676
Eolica_IV,2031,974.0052145585568
Eolica_IV,2032,966.306140978543
Eolica_IV,2033,958.6070673985291
Eolica_IV,2034,950.9079938185153
Eolica_IV,2035,943.2089202385014
Eolica_IV,2036,935.5098466584876
Eolica_IV,2037,932.8107730784739
Eolica_IV,2038,930.11169949846
Eolica_IV,2039,927.4126259184461
Eolica_IV,2040,919.7135523384324
Eolica_IV,2041,917.0144787584185
Eolica_IV,2042,914.3154051784047
Eolica_IV,2043,906.6163315983908
Eolica_IV,2044,903.9172580183771
Eolica_IV,2045,901.2181844383633
Eolica_IV,2046,893.5191108583494
Eolica_IV,2047,890.8200372783356
Eolica_IV,2048,888.1209636983218
Eolica_IV,2049,885.421890118308
Eolica_IV,2050,877.7228165382942
Eolica_SING,2017,1365.0
Eolica_SING,2018,1365.0
Eolica_SING,2019,1365.0
Eolica_SING,2020,1351.8511606909792
Eolica_SING,2021,1321.5782173090897
Eolica_SING,2022,1284.7156924893197
Eolica_SING,2023,1251.300143128064
Eolica_SING,2024,1216.445648160382
Eolica_SING,2025,1180.2662865223274
Eolica_SING,2026,1142.8761371483095
Eolica_SING,2027,1104.3892789746394
Eolica_SING,2028,1064.9197909356194
Eolica_SING,2029,1013.2963784044259
Eolica_SING,2030,994.7714485878676
Eolica_SING,2031,974.0052145585568
Eolica_SING,2032,966.306140978543
Eolica_SING,2033,958.6070673985291
Eolica_SING,2034,950.9079938185153
Eolica_SING,2035,943.2089202385014
Eolica_SING,2036,935.5098466584876
Eolica_SING,2037,932.8107730784739
Eolica_SING,2038,930.11169949846
Eolica_SING,2039,927.4126259184461
Eolica_SING,2040,919.7135523384324
Eolica_SING,2041,917.0144787584185
Eolica_SING,2042,914.3154051784047
Eolica_SING,2043,906.6163315983908
Eolica_SING,2044,903.9172580183771
Eolica_SING,2045,901.2181844383633
Eolica_SING,2046,893.5191108583494
Eolica_SING,2047,890.8200372783356
Eolica_SING,2048,888.1209636983218
Eolica_SING,2049,885.421890118308
Eolica_SING,2050,877.7228165382942
Eolica_V,2017,1365.0
Eolica_V,2018,1365.0
Eolica_V,2019,1365.0
Eolica_V,2020,1351.8511606909792
Eolica_V,2021,1321.5782173090897
Eolica_V,2022,1284.7156924893197
Eolica_V,2023,1251.300143128064
Eolica_V,2024,1216.445648160382
Eolica_V,2025,1180.2662865223274
Eolica_V,2026,1142.8761371483095
Eolica_V,2027,1104.3892789746394
Eolica_V,2028,1064.9197909356194
Eolica_V,2029,1013.2963784044259
Eolica_V,2030,994.7714485878676
Eolica_V,2031,974.0052145585568
Eolica_V,2032,966.306140978543
Eolica_V,2033,958.6070673985291
Eolica_V,2034,950.9079938185153
Eolica_V,2035,943.2089202385014
Eolica_V,2036,935.5098466584876
Eolica_V,2037,932.8107730784739
Eolica_V,2038,930.11169949846
Eolica_V,2039,927.4126259184461
Eolica_V,2040,919.7135523384324
Eolica_V,2041,917.0144787584185
Eolica_V,2042,914.3154051784047
Eolica_V,2043,906.6163315983908
Eolica_V,2044,903.9172580183771
Eolica_V,2045,901.2181844383633
Eolica_V,2046,893.5191108583494
Eolica_V,2047,890.8200372783356
Eolica_V,2048,888.1209636983218
Eolica_V,2049,885.421890118308
Eolica_V,2050,877.7228165382942
Eolica_VI,2017,1365.0
Eolica_VI,2018,1365.0
Eolica_VI,2019,1365.0
Eolica_VI,2020,1351.8511606909792
Eolica_VI,2021,1321.5782173090897
Eolica_VI,2022,1284.7156924893197
Eolica_VI,2023,1251.300143128064
Eolica_VI,2024,1216.445648160382
Eolica_VI,2025,1180.2662865223274
Eolica_VI,2026,1142.8761371483095
Eolica_VI,2027,1104.3892789746394
Eolica_VI,2028,1064.9197909356194
Eolica_VI,2029,1013.2963784044259
Eolica_VI,2030,994.7714485878676
Eolica_VI,2031,974.0052145585568
Eolica_VI,2032,966.306140978543
Eolica_VI,2033,958.6070673985291
Eolica_VI,2034,950.9079938185153
Eolica_VI,2035,943.2089202385014
Eolica_VI,2036,935.5098466584876
Eolica_VI,2037,932.8107730784739
Eolica_VI,2038,930.11169949846
Eolica_VI,2039,927.4126259184461
Eolica_VI,2040,919.7135523384324
Eolica_VI,2041,917.0144787584185
Eolica_VI,2042,914.3154051784047
Eolica_VI,2043,906.6163315983908
Eolica_VI,2044,903.9172580183771
Eolica_VI,2045,901.2181844383633
Eolica_VI,2046,893.5191108583494
Eolica_VI,2047,890.8200372783356
Eolica_VI,2048,888.1209636983218
Eolica_VI,2049,885.421890118308
Eolica_VI,2050,877.7228165382942
Eolica_VIII,2017,1365.0
Eolica_VIII,2018,1365.0
Eolica_VIII,2019,1365.0
Eolica_VIII,2020,1351.8511606909792
Eolica_VIII,2021,1321.5782173090897
Eolica_VIII,2022,1284.7156924893197
Eolica_VIII,2023,1251.300143128064
Eolica_VIII,2024,1216.445648160382
Eolica_VIII,2025,1180.2662865223274
Eolica_VIII,2026,1142.8761371483095
Eolica_VIII,2027,1104.3892789746394
Eolica_VIII,2028,1064.9197909356194
Eolica_VIII,2029,1013.2963784044259
Eolica_VIII,2030,994.7714485878676
Eolica_VIII,2031,974.0052145585568
Eolica_VIII,2032,966.306140978543
Eolica_VIII,2033,958.6070673985291
Eolica_VIII,2034,950.9079938185153
Eolica_VIII,2035,943.2089202385014
Eolica_VIII,2036,935.5098466584876
Eolica_VIII,2037,932.8107730784739
Eolica_VIII,2038,930.11169949846
Eolica_VIII,2039,927.4126259184461
Eolica_VIII,2040,919.7135523384324
Eolica_VIII,2041,917.0144787584185
Eolica_VIII,2042,914.3154051784047
Eolica_VIII,2043,906.6163315983908
Eolica_VIII,2044,903.9172580183771
Eolica_VIII,2045,901.2181844383633
Eolica_VIII,2046,893.5191108583494
Eolica_VIII,2047,890.8200372783356
Eolica_VIII,2048,888.1209636983218
Eolica_VIII,2049,885.421890118308
Eolica_VIII,2050,877.7228165382942
Eolica_X-XIV,2017,1365.0
Eolica_X-XIV,2018,1365.0
Eolica_X-XIV,2019,1365.0
Eolica_X-XIV,2020,1351.8511606909792
Eolica_X-XIV,2021,1321.5782173090897
Eolica_X-XIV,2022,1284.7156924893197
Eolica_X-XIV,2023,1251.300143128064
Eolica_X-XIV,2024,1216.445648160382
Eolica_X-XIV,2025,1180.2662865223274
Eolica_X-XIV,2026,1142.8761371483095
Eolica_X-XIV,2027,1104.3892789746394
Eolica_X-XIV,2028,1064.9197909356194
Eolica_X-XIV,2029,1013.2963784044259
Eolica_X-XIV,2030,994.7714485878676
Eolica_X-XIV,2031,974.0052145585568
Eolica_X-XIV,2032,966.306140978543
Eolica_X-XIV,2033,958.6070673985291
Eolica_X-XIV,2034,950.9079938185153
Eolica_X-XIV,2035,943.2089202385014
Eolica_X-XIV,2036,935.5098466584876
Eolica_X-XIV,2037,932.8107730784739
Eolica_X-XIV,2038,930.11169949846
Eolica_X-XIV,2039,927.4126259184461
Eolica_X-XIV,2040,919.7135523384324
Eolica_X-XIV,2041,917.0144787584185
Eolica_X-XIV,2042,914.3154051784047
Eolica_X-XIV,2043,906.6163315983908
Eolica_X-XIV,2044,903.9172580183771
Eolica_X-XIV,2045,901.2181844383633
Eolica_X-XIV,2046,893.5191108583494
Eolica_X-XIV,2047,890.8200372783356
Eolica_X-XIV,2048,888.1209636983218
Eolica_X-XIV,2049,885.421890118308
Eolica_X-XIV,2050,877.7228165382942
Geotermica_SING,2017,6461.030719459175
Geotermica_SING,2018,6445.384297660744
Geotermica_SING,2019,6429.841142246184
Geotermica_SING,2020,6414.40057165736
Geotermica_SING,2021,6399.061908834421
Geotermica_SING,2022,6383.824481186115
Geotermica_SING,2023,6368.687620560286
Geotermica_SING,2024,6317.02553643396
Geotermica_SING,2025,6265.462696226117
Geotermica_SING,2026,6213.998444926894
Geotermica_SING,2027,6199.257258630121
Geotermica_SING,2028,6184.613364162905
Geotermica_SING,2029,6170.066119399175
Geotermica_SING,2030,6155.614886450882
Geotermica_SING,2031,6141.259031640051
Geotermica_SING,2032,6126.997925470971
Geotermica_SING,2033,6112.830942602605
Geotermica_SING,2034,6098.75746182117
Geotermica_SING,2035,6084.776866012895
Geotermica_SING,2036,6070.888542136954
Geotermica_SING,2037,6057.091881198594
Geotermica_SING,2038,6043.386278222425
Geotermica_SING,2039,6029.771132225901
Geotermica_SING,2040,6016.245846192954
Geotermica_SING,2041,6002.809827047823
Geotermica_SING,2042,5989.462485629051
Geotermica_SING,2043,5976.203236663644
Geotermica_SING,2044,5963.031498741407
Geotermica_SING,2045,5949.946694289458
Geotermica_SING,2046,5936.948249546891
Geotermica_SING,2047,5924.035594539625
Geotermica_SING,2048,5911.208163055407
Geotermica_SING,2049,4828.889524
Geotermica_SING,2050,4828.889524
Geotermica_VI,2017,6461.030719459175
Geotermica_VI,2018,6445.384297660744
Geotermica_VI,2019,6429.841142246184
Geotermica_VI,2020,6414.40057165736
Geotermica_VI,2021,6399.061908834421
Geotermica_VI,2022,6383.824481186115
Geotermica_VI,2023,6368.687620560286
Geotermica_VI,2024,6317.02553643396
Geotermica_VI,2025,6265.462696226117
Geotermica_VI,2026,6213.998444926894
Geotermica_VI,2027,6199.257258630121
Geotermica_VI,2028,6184.613364162905
Geotermica_VI,2029,6170.066119399175
Geotermica_VI,2030,6155.614886450882
Geotermica_VI,2031,6141.259031640051
Geotermica_VI,2032,6126.997925470971
Geotermica_VI,2033,6112.830942602605
Geotermica_VI,2034,6098.75746182117
Geotermica_VI,2035,6084.776866012895
Geotermica_VI,2036,6070.888542136954
Geotermica_VI,2037,6057.091881198594
Geotermica_VI,2038,6043.386278222425
Geotermica_VI,2039,6029.771132225901
Geotermica_VI,2040,6016.245846192954
Geotermica_VI,2041,6002.809827047823
Geotermica_VI,2042,5989.462485629051
Geotermica_VI,2043,5976.203236663644
Geotermica_VI,2044,5963.031498741407
Geotermica_VI,2045,5949.946694289458
Geotermica_VI,2046,5936.948249546891
Geotermica_VI,2047,5924.035594539625
Geotermica_VI,2048,5911.208163055407
Geotermica_VI,2049,4828.889524
Geotermica_VI,2050,4828.889524
Geotermica_VII,2017,6461.030719459175
Geotermica_VII,2018,6445.384297660744
Geotermica_VII,2019,6429.841142246184
Geotermica_VII,2020,6414.40057165736
Geotermica_VII,2021,6399.061908834421
Geotermica_VII,2022,6383.824481186115
Geotermica_VII,2023,6368.687620560286
Geotermica_VII,2024,6317.02553643396
Geotermica_VII,2025,6265.462696226117
Geotermica_VII,2026,6213.998444926894
Geotermica_VII,2027,6199.257258630121
Geotermica_VII,2028,6184.613364162905
Geotermica_VII,2029,6170.066119399175
Geotermica_VII,2030,6155.614886450882
Geotermica_VII,2031,6141.259031640051
Geotermica_VII,2032,6126.997925470971
Geotermica_VII,2033,6112.830942602605
Geotermica_VII,2034,6098.75746182117
Geotermica_VII,2035,6084.776866012895
Geotermica_VII,2036,6070.888542136954
Geotermica_VII,2037,6057.091881198594
Geotermica_VII,2038,6043.386278222425
Geotermica_VII,2039,6029.771132225901
Geotermica_VII,2040,6016.245846192954
Geotermica_VII,2041,6002.809827047823
Geotermica_VII,2042,5989.462485629051
Geotermica_VII,2043,5976.203236663644
Geotermica_VII,2044,5963.031498741407
Geotermica_VII,2045,5949.946694289458
Geotermica_VII,2046,5936.948249546891
Geotermica_VII,2047,5924.035594539625
Geotermica_VII,2048,5911.208163055407
Geotermica_VII,2049,4828.889524
Geotermica_VII,2050,4828.889524
Geotermica_VIII,2017,6461.030719459175
Geotermica_VIII,2018,6445.384297660744
Geotermica_VIII,2019,6429.841142246184
Geotermica_VIII,2020,6414.40057165736
Geotermica_VIII,2021,6399.061908834421
Geotermica_VIII,2022,6383.824481186115
Geotermica_VIII,2023,6368.687620560286
Geotermica_VIII,2024,6317.02553643396
Geotermica_VIII,2025,6265.462696226117
Geotermica_VIII,2026,6213.998444926894
Geotermica_VIII,2027,6199.257258630121
Geotermica_VIII,2028,6184.613364162905
Geotermica_VIII,2029,6170.066119399175
Geotermica_VIII,2030,6155.614886450882
Geotermica_VIII,2031,6141.259031640051
Geotermica_VIII,2032,6126.997925470971
Geotermica_VIII,2033,6112.830942602605
Geotermica_VIII,2034,6098.75746182117
Geotermica_VIII,2035,6084.776866012895
Geotermica_VIII,2036,6070.888542136954
Geotermica_VIII,2037,6057.091881198594
Geotermica_VIII,2038,6043.386278222425
Geotermica_VIII,2039,6029.771132225901
Geotermica_VIII,2040,6016.245846192954
Geotermica_VIII,2041,6002.809827047823
Geotermica_VIII,2042,5989.462485629051
Geotermica_VIII,2043,5976.203236663644
Geotermica_VIII,2044,5963.031498741407
Geotermica_VIII,2045,5949.946694289458
Geotermica_VIII,2046,5936.948249546891
Geotermica_VIII,2047,5924.035594539625
Geotermica_VIII,2048,5911.208163055407
Geotermica_VIII,2049,4828.889524
Geotermica_VIII,2050,4828.889524
GNL_CA_II-III,2017,800.0
GNL_CA_II-III,2018,800.0
GNL_CA_II-III,2019,800.0
GNL_CA_II-III,2020,803.2506210322422
GNL_CA_II-III,2021,800.5483355112095
GNL_CA_II-III,2022,797.142105014289
GNL_CA_II-III,2023,794.4165327740733
GNL_CA_II-III,2024,789.5385975896522
GNL_CA_II-III,2025,783.5534306953052
GNL_CA_II-III,2026,776.8289543972918
GNL_CA_II-III,2027,773.5926192994629
GNL_CA_II-III,2028,770.0357209845392
GNL_CA_II-III,2029,767.0293406947574
GNL_CA_II-III,2030,763.8294985195215
GNL_CA_II-III,2031,761.250722654047
GNL_CA_II-III,2032,757.9592711561122
GNL_CA_II-III,2033,754.8923316586908
GNL_CA_II-III,2034,752.0377740703367
GNL_CA_II-III,2035,749.4966603494248
GNL_CA_II-III,2036,747.629934872647
GNL_CA_II-III,2037,744.5217309423872
GNL_CA_II-III,2038,741.7406607847004
GNL_CA_II-III,2039,738.8681416251496
GNL_CA_II-III,2040,736.011526602066
GNL_CA_II-III,2041,733.6449413557652
GNL_CA_II-III,2042,730.942240025207
GNL_CA_II-III,2043,728.6770051475123
GNL_CA_II-III,2044,725.6376869706902
GNL_CA_II-III,2045,722.8534132627009
GNL_CA_II-III,2046,719.4990143305363
GNL_CA_II-III,2047,716.57829306453
GNL_CA_II-III,2048,714.7022316012915
GNL_CA_II-III,2049,712.8072907767545
GNL_CA_II-III,2050,705.0429467929018
GNL_CA_SING,2017,800.0
GNL_CA_SING,2018,800.0
GNL_CA_SING,2019,800.0
GNL_CA_SING,2020,803.2506210322422
GNL_CA_SING,2021,800.5483355112095
GNL_CA_SING,2022,797.142105014289
GNL_CA_SING,2023,794.4165327740733
GNL_CA_SING,2024,789.5385975896522
GNL_CA_SING,2025,783.5534306953052
GNL_CA_SING,2026,776.8289543972918
GNL_CA_SING,2027,773.5926192994629
GNL_CA_SING,2028,770.0357209845392
GNL_CA_SING,2029,767.0293406947574
GNL_CA_SING,2030,763.8294985195215
GNL_CA_SING,2031,761.250722654047
GNL_CA_SING,2032,757.9592711561122
GNL_CA_SING,2033,754.8923316586908
GNL_CA_SING,2034,752.0377740703367
GNL_CA_SING,2035,749.4966603494248
GNL_CA_SING,2036,747.629934872647
GNL_CA_SING,2037,744.5217309423872
GNL_CA_SING,2038,741.7406607847004
GNL_CA_SING,2039,738.8681416251496
GNL_CA_SING,2040,736.011526602066
GNL_CA_SING,2041,733.6449413557652
GNL_CA_SING,2042,730.942240025207
GNL_CA_SING,2043,728.6770051475123
GNL_CA_SING,2044,725.6376869706902
GNL_CA_SING,2045,722.8534132627009
GNL_CA_SING,2046,719.4990143305363
GNL_CA_SING,2047,716.57829306453
GNL_CA_SING,2048,714.7022316012915
GNL_CA_SING,2049,712.8072907767545
GNL_CA_SING,2050,705.0429467929018
GNL_CA_VIII,2017,800.0
GNL_CA_VIII,2018,800.0
GNL_CA_VIII,2019,800.0
GNL_CA_VIII,2020,803.2506210322422
GNL_CA_VIII,2021,800.5483355112095
GNL_CA_VIII,2022,797.142105014289
GNL_CA_VIII,2023,794.4165327740733
GNL_CA_VIII,2024,789.5385975896522
GNL_CA_VIII,2025,783.5534306953052
GNL_CA_VIII,2026,776.8289543972918
GNL_CA_VIII,2027,773.5926192994629
GNL_CA_VIII,2028,770.0357209845392
GNL_CA_VIII,2029,767.0293406947574
GNL_CA_VIII,2030,763.8294985195215
GNL_CA_VIII,2031,761.250722654047
GNL_CA_VIII,2032,757.9592711561122
GNL_CA_VIII,2033,754.8923316586908
GNL_CA_VIII,2034,752.0377740703367
GNL_CA_VIII,2035,749.4966603494248
GNL_CA_VIII,2036,747.629934872647
GNL_CA_VIII,2037,744.5217309423872
GNL_CA_VIII,2038,741.7406607847004
GNL_CA_VIII,2039,738.8681416251496
GNL_CA_VIII,2040,736.011526602066
GNL_CA_VIII,2041,733.6449413557652
GNL_CA_VIII,2042,730.942240025207
GNL_CA_VIII,2043,728.6770051475123
GNL_CA_VIII,2044,725.6376869706902
GNL_CA_VIII,2045,722.8534132627009
GNL_CA_VIII,2046,719.4990143305363
GNL_CA_VIII,2047,716.57829306453
GNL_CA_VIII,2048,714.7022316012915
GNL_CA_VIII,2049,712.8072907767545
GNL_CA_VIII,2050,705.0429467929018
GNL_CC_II-III,2017,800.0
GNL_CC_II-III,2018,800.0
GNL_CC_II-III,2019,800.0
GNL_CC_II-III,2020,803.2506210322422
GNL_CC_II-III,2021,800.5483355112095
GNL_CC_II-III,2022,797.142105014289
GNL_CC_II-III,2023,794.4165327740733
GNL_CC_II-III,2024,789.5385975896522
GNL_CC_II-III,2025,783.5534306953052
GNL_CC_II-III,2026,776.8289543972918
GNL_CC_II-III,2027,773.5926192994629
GNL_CC_II-III,2028,770.0357209845392
GNL_CC_II-III,2029,767.0293406947574
GNL_CC_II-III,2030,763.8294985195215
GNL_CC_II-III,2031,761.250722654047
GNL_CC_II-III,2032,757.9592711561122
GNL_CC_II-III,2033,754.8923316586908
GNL_CC_II-III,2034,752.0377740703367
GNL_CC_II-III,2035,749.4966603494248
GNL_CC_II-III,2036,747.629934872647
GNL_CC_II-III,2037,744.5217309423872
GNL_CC_II-III,2038,741.7406607847004
GNL_CC_II-III,2039,738.8681416251496
GNL_CC_II-III,2040,736.011526602066
GNL_CC_II-III,2041,733.6449413557652
GNL_CC_II-III,2042,730.942240025207
GNL_CC_II-III,2043,728.6770051475123
GNL_CC_II-III,2044,725.6376869706902
GNL_CC_II-III,2045,722.8534132627009
GNL_CC_II-III,2046,719.4990143305363
GNL_CC_II-III,2047,716.57829306453
GNL_CC_II-III,2048,714.7022316012915
GNL_CC_II-III,2049,712.8072907767545
GNL_CC_II-III,2050,705.0429467929018
GNL_CC_SING,2017,800.0
GNL_CC_SING,2018,800.0
GNL_CC_SING,2019,800.0
GNL_CC_SING,2020,803.2506210322422
GNL_CC_SING,2021,800.5483355112095
GNL_CC_SING,2022,797.142105014289
GNL_CC_SING,2023,794.4165327740733
GNL_CC_SING,2024,789.5385975896522
GNL_CC_SING,2025,783.5534306953052
GNL_CC_SING,2026,776.8289543972918
GNL_CC_SING,2027,773.5926192994629
GNL_CC_SING,2028,770.0357209845392
GNL_CC_SING,2029,767.0293406947574
GNL_CC_SING,2030,763.8294985195215
GNL_CC_SING,2031,761.250722654047
GNL_CC_SING,2032,757.9592711561122
GNL_CC_SING,2033,754.8923316586908
GNL_CC_SING,2034,752.0377740703367
GNL_CC_SING,2035,749.4966603494248
GNL_CC_SING,2036,747.629934872647
GNL_CC_SING,2037,744.5217309423872
GNL_CC_SING,2038,741.7406607847004
GNL_CC_SING,2039,738.8681416251496
GNL_CC_SING,2040,736.011526602066
GNL_CC_SING,2041,733.6449413557652
GNL_CC_SING,2042,730.942240025207
GNL_CC_SING,2043,728.6770051475123
GNL_CC_SING,2044,725.6376869706902
GNL_CC_SING,2045,722.8534132627009
GNL_CC_SING,2046,719.4990143305363
GNL_CC_SING,2047,716.57829306453
GNL_CC_SING,2048,714.7022316012915
GNL_CC_SING,2049,712.8072907767545
GNL_CC_SING,2050,705.0429467929018
GNL_CC_VIII,2017,800.0
GNL_CC_VIII,2018,800.0
GNL_CC_VIII,2019,800.0
GNL_CC_VIII,2020,803.2506210322422
GNL_CC_VIII,2021,800.5483355112095
GNL_CC_VIII,2022,797.142105014289
GNL_CC_VIII,2023,794.4165327740733
GNL_CC_VIII,2024,789.5385975896522
GNL_CC_VIII,2025,783.5534306953052
GNL_CC_VIII,2026,776.8289543972918
GNL_CC_VIII,2027,773.5926192994629
GNL_CC_VIII,2028,770.0357209845392
GNL_CC_VIII,2029,767.0293406947574
GNL_CC_VIII,2030,763.8294985195215
GNL_CC_VIII,2031,761.250722654047
GNL_CC_VIII,2032,757.9592711561122
GNL_CC_VIII,2033,754.8923316586908
GNL_CC_VIII,2034,752.0377740703367
GNL_CC_VIII,2035,749.4966603494248
GNL_CC_VIII,2036,747.629934872647
GNL_CC_VIII,2037,744.5217309423872
GNL_CC_VIII,2038,741.7406607847004
GNL_CC_VIII,2039,738.8681416251496
GNL_CC_VIII,2040,736.011526602066
GNL_CC_VIII,2041,733.6449413557652
GNL_CC_VIII,2042,730.942240025207
GNL_CC_VIII,2043,728.6770051475123
GNL_CC_VIII,2044,725.6376869706902
GNL_CC_VIII,2045,722.8534132627009
GNL_CC_VIII,2046,719.4990143305363
GNL_CC_VIII,2047,716.57829306453
GNL_CC_VIII,2048,714.7022316012915
GNL_CC_VIII,2049,712.8072907767545
GNL_CC_VIII,2050,705.0429467929018
Hidro_Pasada_VI,2017,4050.0
Hidro_Pasada_VI,2018,4050.0
Hidro_Pasada_VI,2019,4050.0
Hidro_Pasada_VI,2020,4050.0
Hidro_Pasada_VI,2021,4050.0
Hidro_Pasada_VI,2022,4050.0
Hidro_Pasada_VI,2023,4050.0
Hidro_Pasada_VI,2024,4050.0
Hidro_Pasada_VI,2025,4050.0
Hidro_Pasada_VI,2026,4050.0
Hidro_Pasada_VI,2027,4050.0
Hidro_Pasada_VI,2028,4050.0
Hidro_Pasada_VI,2029,4050.0
Hidro_Pasada_VI,2030,4050.0
Hidro_Pasada_VI,2031,4050.0
Hidro_Pasada_VI,2032,4050.0
Hidro_Pasada_VI,2033,4050.0
Hidro_Pasada_VI,2034,4050.0
Hidro_Pasada_VI,2035,4050.0
Hidro_Pasada_VI,2036,4050.0
Hidro_Pasada_VI,2037,4050.0
Hidro_Pasada_VI,2038,4050.0
Hidro_Pasada_VI,2039,4050.0
Hidro_Pasada_VI,2040,4050.0
Hidro_Pasada_VI,2041,4050.0
Hidro_Pasada_VI,2042,4050.0
Hidro_Pasada_VI,2043,4050.0
Hidro_Pasada_VI,2044,4050.0
Hidro_Pasada_VI,2045,4050.0
Hidro_Pasada_VI,2046,4050.0
Hidro_Pasada_VI,2047,4050.0
Hidro_Pasada_VI,2048,4050.0
Hidro_Pasada_VI,2049,4050.0
Hidro_Pasada_VI,2050,4050.0
Hidro_Pasada_VII,2017,4050.0
Hidro_Pasada_VII,2018,4050.0
Hidro_Pasada_VII,2019,4050.0
Hidro_Pasada_VII,2020,4050.0
Hidro_Pasada_VII,2021,4050.0
Hidro_Pasada_VII,2022,4050.0
Hidro_Pasada_VII,2023,4050.0
Hidro_Pasada_VII,2024,4050.0
Hidro_Pasada_VII,2025,4050.0
Hidro_Pasada_VII,2026,4050.0
Hidro_Pasada_VII,2027,4050.0
Hidro_Pasada_VII,2028,4050.0
Hidro_Pasada_VII,2029,4050.0
Hidro_Pasada_VII,2030,4050.0
Hidro_Pasada_VII,2031,4050.0
Hidro_Pasada_VII,2032,4050.0
Hidro_Pasada_VII,2033,4050.0
Hidro_Pasada_VII,2034,4050.0
Hidro_Pasada_VII,2035,4050.0
Hidro_Pasada_VII,2036,4050.0
Hidro_Pasada_VII,2037,4050.0
Hidro_Pasada_VII,2038,4050.0
Hidro_Pasada_VII,2039,4050.0
Hidro_Pasada_VII,2040,4050.0
Hidro_Pasada_VII,2041,4050.0
Hidro_Pasada_VII,2042,4050.0
Hidro_Pasada_VII,2043,4050.0
Hidro_Pasada_VII,2044,4050.0
Hidro_Pasada_VII,2045,4050.0
Hidro_Pasada_VII,2046,4050.0
Hidro_Pasada_VII,2047,4050.0
Hidro_Pasada_VII,2048,4050.0
Hidro_Pasada_VII,2049,4050.0
Hidro_Pasada_VII,2050,4050.0
Hidro_Pasada_VIII,2017,4050.0
Hidro_Pasada_VIII,2018,4050.0
Hidro_Pasada_VIII,2019,4050.0
Hidro_Pasada_VIII,2020,4050.0
Hidro_Pasada_VIII,2021,4050.0
Hidro_Pasada_VIII,2022,4050.0
Hidro_Pasada_VIII,2023,4050.0
Hidro_Pasada_VIII,2024,4050.0
Hidro_Pasada_VIII,2025,4050.0
Hidro_Pasada_VIII,2026,4050.0
Hidro_Pasada_VIII,2027,4050.0
Hidro_Pasada_VIII,2028,4050.0
Hidro_Pasada_VIII,2029,4050.0
Hidro_Pasada_VIII,2030,4050.0
Hidro_Pasada_VIII,2031,4050.0
Hidro_Pasada_VIII,2032,4050.0
Hidro_Pasada_VIII,2033,4050.0
Hidro_Pasada_VIII,2034,4050.0
Hidro_Pasada_VIII,2035,4050.0
Hidro_Pasada_VIII,2036,4050.0
Hidro_Pasada_VIII,2037,4050.0
Hidro_Pasada_VIII,2038,4050.0
Hidro_Pasada_VIII,2039,4050.0
Hidro_Pasada_VIII,2040,4050.0
Hidro_Pasada_VIII,2041,4050.0
Hidro_Pasada_VIII,2042,4050.0
Hidro_Pasada_VIII,2043,4050.0
Hidro_Pasada_VIII,2044,4050.0
Hidro_Pasada_VIII,2045,4050.0
Hidro_Pasada_VIII,2046,4050.0
Hidro_Pasada_VIII,2047,4050.0
Hidro_Pasada_VIII,2048,4050.0
Hidro_Pasada_VIII,2049,4050.0
Hidro_Pasada_VIII,2050,4050.0
Hidro_Pasada_XIII,2017,4050.0
Hidro_Pasada_XIII,2018,4050.0
Hidro_Pasada_XIII,2019,4050.0
Hidro_Pasada_XIII,2020,4050.0
Hidro_Pasada_XIII,2021,4050.0
Hidro_Pasada_XIII,2022,4050.0
Hidro_Pasada_XIII,2023,4050.0
Hidro_Pasada_XIII,2024,4050.0
Hidro_Pasada_XIII,2025,4050.0
Hidro_Pasada_XIII,2026,4050.0
Hidro_Pasada_XIII,2027,4050.0
Hidro_Pasada_XIII,2028,4050.0
Hidro_Pasada_XIII,2029,4050.0
Hidro_Pasada_XIII,2030,4050.0
Hidro_Pasada_XIII,2031,4050.0
Hidro_Pasada_XIII,2032,4050.0
Hidro_Pasada_XIII,2033,4050.0
Hidro_Pasada_XIII,2034,4050.0
Hidro_Pasada_XIII,2035,4050.0
Hidro_Pasada_XIII,2036,4050.0
Hidro_Pasada_XIII,2037,4050.0
Hidro_Pasada_XIII,2038,4050.0
Hidro_Pasada_XIII,2039,4050.0
Hidro_Pasada_XIII,2040,4050.0
Hidro_Pasada_XIII,2041,4050.0
Hidro_Pasada_XIII,2042,4050.0
Hidro_Pasada_XIII,2043,4050.0
Hidro_Pasada_XIII,2044,4050.0
Hidro_Pasada_XIII,2045,4050.0
Hidro_Pasada_XIII,2046,4050.0
Hidro_Pasada_XIII,2047,4050.0
Hidro_Pasada_XIII,2048,4050.0
Hidro_Pasada_XIII,2049,4050.0
Hidro_Pasada_XIII,2050,4050.0
Hidro_Pasada_X-XIV,2017,4050.0
Hidro_Pasada_X-XIV,2018,4050.0
Hidro_Pasada_X-XIV,2019,4050.0
Hidro_Pasada_X-XIV,2020,4050.0
Hidro_Pasada_X-XIV,2021,4050.0
Hidro_Pasada_X-XIV,2022,4050.0
Hidro_Pasada_X-XIV,2023,4050.0
Hidro_Pasada_X-XIV,2024,4050.0
Hidro_Pasada_X-XIV,2025,4050.0
Hidro_Pasada_X-XIV,2026,4050.0
Hidro_Pasada_X-XIV,2027,4050.0
Hidro_Pasada_X-XIV,2028,4050.0
Hidro_Pasada_X-XIV,2029,4050.0
Hidro_Pasada_X-XIV,2030,4050.0
Hidro_Pasada_X-XIV,2031,4050.0
Hidro_Pasada_X-XIV,2032,4050.0
Hidro_Pasada_X-XIV,2033,4050.0
Hidro_Pasada_X-XIV,2034,4050.0
Hidro_Pasada_X-XIV,2035,4050.0
Hidro_Pasada_X-XIV,2036,4050.0
Hidro_Pasada_X-XIV,2037,4050.0
Hidro_Pasada_X-XIV,2038,4050.0
Hidro_Pasada_X-XIV,2039,4050.0
Hidro_Pasada_X-XIV,2040,4050.0
Hidro_Pasada_X-XIV,2041,4050.0
Hidro_Pasada_X-XIV,2042,4050.0
Hidro_Pasada_X-XIV,2043,4050.0
Hidro_Pasada_X-XIV,2044,4050.0
Hidro_Pasada_X-XIV,2045,4050.0
Hidro_Pasada_X-XIV,2046,4050.0
Hidro_Pasada_X-XIV,2047,4050.0
Hidro_Pasada_X-XIV,2048,4050.0
Hidro_Pasada_X-XIV,2049,4050.0
Hidro_Pasada_X-XIV,2050,4050.0
Solar_CSP_II-III,2017,7331.531866821293
Solar_CSP_II-III,2018,7331.531866821293
Solar_CSP_II-III,2019,7331.531866821293
Solar_CSP_II-III,2020,7121.425887829485
Solar_CSP_II-III,2021,6794.887508452944
Solar_CSP_II-III,2022,6468.349129076398
Solar_CSP_II-III,2023,6141.810749699856
Solar_CSP_II-III,2024,5815.272370323312
Solar_CSP_II-III,2025,5488.733990946769
Solar_CSP_II-III,2026,5162.195611570226
Solar_CSP_II-III,2027,4835.657232193683
Solar_CSP_II-III,2028,4509.118852817141
Solar_CSP_II-III,2029,4182.5804734405965
Solar_CSP_II-III,2030,3856.0420940640565
Solar_CSP_II-III,2031,3815.7080227551937
Solar_CSP_II-III,2032,3775.373951446331
Solar_CSP_II-III,2033,3735.039880137468
Solar_CSP_II-III,2034,3694.7058088286053
Solar_CSP_II-III,2035,3654.3717375197434
Solar_CSP_II-III,2036,3614.037666210881
Solar_CSP_II-III,2037,3573.7035949020187
Solar_CSP_II-III,2038,3533.3695235931555
Solar_CSP_II-III,2039,3493.035452284293
Solar_CSP_II-III,2040,3452.70138097543
Solar_CSP_II-III,2041,3412.3673096665675
Solar_CSP_II-III,2042,3372.033238357705
Solar_CSP_II-III,2043,3331.699167048843
Solar_CSP_II-III,2044,3291.3650957399805
Solar_CSP_II-III,2045,3251.031024431117
Solar_CSP_II-III,2046,3210.6969531222553
Solar_CSP_II-III,2047,3170.362881813392
Solar_CSP_II-III,2048,3130.028810504529
Solar_CSP_II-III,2049,3089.694739195667
Solar_CSP_II-III,2050,3049.3606678868055
Solar_CSP_SING,2017,7331.531866821293
Solar_CSP_SING,2018,7331.531866821293
Solar_CSP_SING,2019,7331.531866821293
Solar_CSP_SING,2020,7121.425887829485
Solar_CSP_SING,2021,6794.887508452944
Solar_CSP_SING,2022,6468.349129076398
Solar_CSP_SING,2023,6141.810749699856
Solar_CSP_SING,2024,5815.272370323312
Solar_CSP_SING,2025,5488.733990946769
Solar_CSP_SING,2026,5162.195611570226
Solar_CSP_SING,2027,4835.657232193683
Solar_CSP_SING,2028,4509.118852817141
Solar_CSP_SING,2029,4182.5804734405965
Solar_CSP_SING,2030,3856.0420940640565
Solar_CSP_SING,2031,3815.7080227551937
Solar_CSP_SING,2032,3775.373951446331
Solar_CSP_SING,2033,3735.039880137468
Solar_CSP_SING,2034,3694.7058088286053
Solar_CSP_SING,2035,3654.3717375197434
Solar_CSP_SING,2036,3614.037666210881
Solar_CSP_SING,2037,3573.7035949020187
Solar_CSP_SING,2038,3533.3695235931555
Solar_CSP_SING,2039,3493.035452284293
Solar_CSP_SING,2040,3452.70138097543
Solar_CSP_SING,2041,3412.3673096665675
Solar_CSP_SING,2042,3372.033238357705
Solar_CSP_SING,2043,3331.699167048843
Solar_CSP_SING,2044,3291.3650957399805
Solar_CSP_SING,2045,3251.031024431117
Solar_CSP_SING,2046,3210.6969531222553
Solar_CSP_SING,2047,3170.362881813392
Solar_CSP_SING,2048,3130.028810504529
Solar_CSP_SING,2049,3089.694739195667
Solar_CSP_SING,2050,3049.3606678868055
Solar_FV_II-III,2017,970.0
Solar_FV_II-III,2018,970.0
Solar_FV_II-III,2019,970.0
Solar_FV_II-III,2020,747.7300828334344
Solar_FV_II-III,2021,714.379828865792
Solar_FV_II-III,2022,678.1666837949316
Solar_FV_II-III,2023,645.3885157627952
Solar_FV_II-III,2024,615.39814827277
Solar_FV_II-III,2025,587.7334502445032
Solar_FV_II-III,2026,567.6926237415871
Solar_FV_II-III,2027,548.9987241429118
Solar_FV_II-III,2028,531.4653114361029
Solar_FV_II-III,2029,514.9455196083574
Solar_FV_II-III,2030,499.32150610598154
Solar_FV_II-III,2031,484.49717590012347
Solar_FV_II-III,2032,470.3930387452033
Solar_FV_II-III,2033,456.94249498972243
Solar_FV_II-III,2034,444.08910153552347
Solar_FV_II-III,2035,431.784524877364
Solar_FV_II-III,2036,419.98698508699226
Solar_FV_II-III,2037,408.66005666971876
Solar_FV_II-III,2038,397.7717328855167
Solar_FV_II-III,2039,387.2936873281227
Solar_FV_II-III,2040,377.2006850965232
Solar_FV_II-III,2041,367.95208816778216
Solar_FV_II-III,2042,359.09882051407925
Solar_FV_II-III,2043,350.6239838710716
Solar_FV_II-III,2044,342.51140228707015
Solar_FV_II-III,2045,334.7455912479418
Solar_FV_II-III,2046,327.31172812176015
Solar_FV_II-III,2047,320.1956238667943
Solar_FV_II-III,2048,313.38369594883244
Solar_FV_II-III,2049,306.86294241614956
Solar_FV_II-III,2050,300.6209170826346
Solar_FV_IV,2017,970.0
Solar_FV_IV,2018,970.0
Solar_FV_IV,2019,970.0
Solar_FV_IV,2020,747.7300828334344
Solar_FV_IV,2021,714.379828865792
Solar_FV_IV,2022,678.1666837949316
Solar_FV_IV,2023,645.3885157627952
Solar_FV_IV,2024,615.39814827277
Solar_FV_IV,2025,587.7334502445032
Solar_FV_IV,2026,567.6926237415871
Solar_FV_IV,2027,548.9987241429118
Solar_FV_IV,2028,531.4653114361029
Solar_FV_IV,2029,514.9455196083574
Solar_FV_IV,2030,499.32150610598154
Solar_FV_IV,2031,484.49717590012347
Solar_FV_IV,2032,470.3930387452033
Solar_FV_IV,2033,456.94249498972243
Solar_FV_IV,2034,444.08910153552347
Solar_FV_IV,2035,431.784524877364
Solar_FV_IV,2036,419.98698508699226
Solar_FV_IV,2037,408.66005666971876
Solar_FV_IV,2038,397.7717328855167
Solar_FV_IV,2039,387.2936873281227
Solar_FV_IV,2040,377.2006850965232
Solar_FV_IV,2041,367.95208816778216
Solar_FV_IV,2042,359.09882051407925
Solar_FV_IV,2043,350.6239838710716
Solar_FV_IV,2044,342.51140228707015
Solar_FV_IV,2045,334.7455912479418
Solar_FV_IV,2046,327.31172812176015
Solar_FV_IV,2047,320.1956238667943
Solar_FV_IV,2048,313.38369594883244
Solar_FV_IV,2049,306.86294241614956
Solar_FV_IV,2050,300.6209170826346
Solar_FV_SING,2017,970.0
Solar_FV_SING,2018,970.0
Solar_FV_SING,2019,970.0
Solar_FV_SING,2020,747.7300828334344
Solar_FV_SING,2021,714.379828865792
Solar_FV_SING,2022,678.1666837949316
Solar_FV_SING,2023,645.3885157627952
Solar_FV_SING,2024,615.39814827277
Solar_FV_SING,2025,587.7334502445032
Solar_FV_SING,2026,567.6926237415871
Solar_FV_SING,2027,548.9987241429118
Solar_FV_SING,2028,531.4653114361029
Solar_FV_SING,2029,514.9455196083574
Solar_FV_SING,2030,499.32150610598154
Solar_FV_SING,2031,484.49717590012347
Solar_FV_SING,2032,470.3930387452033
Solar_FV_SING,2033,456.94249498972243
Solar_FV_SING,2034,444.08910153552347
Solar_FV_SING,2035,431.784524877364
Solar_FV_SING,2036,419.98698508699226
Solar_FV_SING,2037,408.66005666971876
Solar_FV_SING,2038,397.7717328855167
Solar_FV_SING,2039,387.2936873281227
Solar_FV_SING,2040,377.2006850965232
Solar_FV_SING,2041,367.95208816778216
Solar_FV_SING,2042,359.09882051407925
Solar_FV_SING,2043,350.6239838710716
Solar_FV_SING,2044,342.51140228707015
Solar_FV_SING,2045,334.7455912479418
Solar_FV_SING,2046,327.31172812176015
Solar_FV_SING,2047,320.1956238667943
Solar_FV_SING,2048,313.38369594883244
Solar_FV_SING,2049,306.86294241614956
Solar_FV_SING,2050,300.6209170826346
Solar_FV_V,2017,970.0
Solar_FV_V,2018,970.0
Solar_FV_V,2019,970.0
Solar_FV_V,2020,747.7300828334344
Solar_FV_V,2021,714.379828865792
Solar_FV_V,2022,678.1666837949316
Solar_FV_V,2023,645.3885157627952
Solar_FV_V,2024,615.39814827277
Solar_FV_V,2025,587.7334502445032
Solar_FV_V,2026,567.6926237415871
Solar_FV_V,2027,548.9987241429118
Solar_FV_V,2028,531.4653114361029
Solar_FV_V,2029,514.9455196083574
Solar_FV_V,2030,499.32150610598154
Solar_FV_V,2031,484.49717590012347
Solar_FV_V,2032,470.3930387452033
Solar_FV_V,2033,456.94249498972243
Solar_FV_V,2034,444.08910153552347
Solar_FV_V,2035,431.784524877364
Solar_FV_V,2036,419.98698508699226
Solar_FV_V,2037,408.66005666971876
Solar_FV_V,2038,397.7717328855167
Solar_FV_V,2039,387.2936873281227
Solar_FV_V,2040,377.2006850965232
Solar_FV_V,2041,367.95208816778216
Solar_FV_V,2042,359.09882051407925
Solar_FV_V,2043,350.6239838710716
Solar_FV_V,2044,342.51140228707015
Solar_FV_V,2045,334.7455912479418
Solar_FV_V,2046,327.31172812176015
Solar_FV_V,2047,320.1956238667943
Solar_FV_V,2048,313.38369594883244
Solar_FV_V,2049,306.86294241614956
Solar_FV_V,2050,300.6209170826346
Solar_FV_VI,2017,970.0
Solar_FV_VI,2018,970.0
Solar_FV_VI,2019,970.0
Solar_FV_VI,2020,747.7300828334344
Solar_FV_VI,2021,714.379828865792
Solar_FV_VI,2022,678.1666837949316
Solar_FV_VI,2023,645.3885157627952
Solar_FV_VI,2024,615.39814827277
Solar_FV_VI,2025,587.7334502445032
Solar_FV_VI,2026,567.6926237415871
Solar_FV_VI,2027,548.9987241429118
Solar_FV_VI,2028,531.4653114361029
Solar_FV_VI,2029,514.9455196083574
Solar_FV_VI,2030,499.32150610598154
Solar_FV_VI,2031,484.49717590012347
Solar_FV_VI,2032,470.3930387452033
Solar_FV_VI,2033,456.94249498972243
Solar_FV_VI,2034,444.08910153552347
Solar_FV_VI,2035,431.784524877364
Solar_FV_VI,2036,419.98698508699226
Solar_FV_VI,2037,408.66005666971876
Solar_FV_VI,2038,397.7717328855167
Solar_FV_VI,2039,387.2936873281227
Solar_FV_VI,2040,377.2006850965232
Solar_FV_VI,2041,367.95208816778216
Solar_FV_VI,2042,359.09882051407925
Solar_FV_VI,2043,350.6239838710716
Solar_FV_VI,2044,342.51140228707015
Solar_FV_VI,2045,334.7455912479418
Solar_FV_VI,2046,327.31172812176015
Solar_FV_VI,2047,320.1956238667943
Solar_FV_VI,2048,313.38369594883244
Solar_FV_VI,2049,306.86294241614956
Solar_FV_VI,2050,300.6209170826346
Solar_FV_XIII,2017,970.0
Solar_FV_XIII,2018,970.0
Solar_FV_XIII,2019,970.0
Solar_FV_XIII,2020,747.7300828334344
Solar_FV_XIII,2021,714.379828865792
Solar_FV_XIII,2022,678.1666837949316
Solar_FV_XIII,2023,645.3885157627952
Solar_FV_XIII,2024,615.39814827277
Solar_FV_XIII,2025,587.7334502445032
Solar_FV_XIII,2026,567.6926237415871
Solar_FV_XIII,2027,548.9987241429118
Solar_FV_XIII,2028,531.4653114361029
Solar_FV_XIII,2029,514.9455196083574
Solar_FV_XIII,2030,499.32150610598154
Solar_FV_XIII,2031,484.49717590012347
Solar_FV_XIII,2032,470.3930387452033
Solar_FV_XIII,2033,456.94249498972243
Solar_FV_XIII,2034,444.08910153552347
Solar_FV_XIII,2035,431.784524877364
Solar_FV_XIII,2036,419.98698508699226
Solar_FV_XIII,2037,408.66005666971876
Solar_FV_XIII,2038,397.7717328855167
Solar_FV_XIII,2039,387.2936873281227
Solar_FV_XIII,2040,377.2006850965232
Solar_FV_XIII,2041,367.95208816778216
Solar_FV_XIII,2042,359.09882051407925
Solar_FV_XIII,2043,350.6239838710716
Solar_FV_XIII,2044,342.51140228707015
Solar_FV_XIII,2045,334.7455912479418
Solar_FV_XIII,2046,327.31172812176015
Solar_FV_XIII,2047,320.1956238667943
Solar_FV_XIII,2048,313.38369594883244
Solar_FV_XIII,2049,306.86294241614956
Solar_FV_XIII,2050,300.6209170826346
ANG_I_SING,2017,4153.988706
ANG_I_SING,2018,4144.632875
ANG_I_SING,2019,4135.277045
ANG_I_SING,2020,4125.921215
ANG_I_SING,2021,4116.565384
ANG_I_SING,2022,4107.209554
ANG_I_SING,2023,4097.853723
ANG_I_SING,2024,4088.497893
ANG_I_SING,2025,4079.142062
ANG_I_SING,2026,4069.786232
ANG_I_SING,2027,4060.430402
ANG_I_SING,2028,4051.074571
ANG_I_SING,2029,4041.718741
ANG_I_SING,2030,4032.36291
ANG_I_SING,2031,4023.00708
ANG_I_SING,2032,4013.65125
ANG_I_SING,2033,4004.295419
ANG_I_SING,2034,3994.939589
ANG_I_SING,2035,3985.583758
ANG_I_SING,2036,3976.85165
ANG_I_SING,2037,3968.119541
ANG_I_SING,2038,3959.387433
ANG_I_SING,2039,3950.655325
ANG_I_SING,2040,3941.923216
ANG_I_SING,2041,3933.191108
ANG_I_SING,2042,3924.459
ANG_I_SING,2043,3915.726891
ANG_I_SING,2044,3906.994783
ANG_I_SING,2045,3898.262674
ANG_I_SING,2046,3889.530566
ANG_I_SING,2047,3880.798458
ANG_I_SING,2048,3872.066349
ANG_I_SING,2049,3863.334241
ANG_I_SING,2050,3854.602132
ANG_II_SING,2017,4153.988706
ANG_II_SING,2018,4144.632875
ANG_II_SING,2019,4135.277045
ANG_II_SING,2020,4125.921215
ANG_II_SING,2021,4116.565384
ANG_II_SING,2022,4107.209554
ANG_II_SING,2023,4097.853723
ANG_II_SING,2024,4088.497893
ANG_II_SING,2025,4079.142062
ANG_II_SING,2026,4069.786232
ANG_II_SING,2027,4060.430402
ANG_II_SING,2028,4051.074571
ANG_II_SING,2029,4041.718741
ANG_II_SING,2030,4032.36291
ANG_II_SING,2031,4023.00708
ANG_II_SING,2032,4013.65125
ANG_II_SING,2033,4004.295419
ANG_II_SING,2034,3994.939589
ANG_II_SING,2035,3985.583758
ANG_II_SING,2036,3976.85165
ANG_II_SING,2037,3968.119541
ANG_II_SING,2038,3959.387433
ANG_II_SING,2039,3950.655325
ANG_II_SING,2040,3941.923216
ANG_II_SING,2041,3933.191108
ANG_II_SING,2042,3924.459
ANG_II_SING,2043,3915.726891
ANG_II_SING,2044,3906.994783
ANG_II_SING,2045,3898.262674
ANG_II_SING,2046,3889.530566
ANG_II_SING,2047,3880.798458
ANG_II_SING,2048,3872.066349
ANG_II_SING,2049,3863.334241
ANG_II_SING,2050,3854.602132
BOCAMINA,2017,4153.988706
BOCAMINA,2018,4144.632875
BOCAMINA,2019,4135.277045
BOCAMINA,2020,4125.921215
BOCAMINA,2021,4116.565384
BOCAMINA,2022,4107.209554
BOCAMINA,2023,4097.853723
BOCAMINA,2024,4088.497893
BOCAMINA,2025,4079.142062
BOCAMINA,2026,4069.786232
BOCAMINA,2027,4060.430402
BOCAMINA,2028,4051.074571
BOCAMINA,2029,4041.718741
BOCAMINA,2030,4032.36291
BOCAMINA,2031,4023.00708
BOCAMINA,2032,4013.65125
BOCAMINA,2033,4004.295419
BOCAMINA,2034,3994.939589
BOCAMINA,2035,3985.583758
BOCAMINA,2036,3976.85165
BOCAMINA,2037,3968.119541
BOCAMINA,2038,3959.387433
BOCAMINA,2039,3950.655325
BOCAMINA,2040,3941.923216
BOCAMINA,2041,3933.191108
BOCAMINA,2042,3924.459
BOCAMINA,2043,3915.726891
BOCAMINA,2044,3906.994783
BOCAMINA,2045,3898.262674
BOCAMINA,2046,3889.530566
BOCAMINA,2047,3880.798458
BOCAMINA,2048,3872.066349
BOCAMINA,2049,3863.334241
BOCAMINA,2050,3854.602132
BOCAMINA_2,2017,4153.988706
BOCAMINA_2,2018,4144.632875
BOCAMINA_2,2019,4135.277045
BOCAMINA_2,2020,4125.921215
BOCAMINA_2,2021,4116.565384
BOCAMINA_2,2022,4107.209554
BOCAMINA_2,2023,4097.853723
BOCAMINA_2,2024,4088.497893
BOCAMINA_2,2025,4079.142062
BOCAMINA_2,2026,4069.786232
BOCAMINA_2,2027,4060.430402
BOCAMINA_2,2028,4051.074571
BOCAMINA_2,2029,4041.718741
BOCAMINA_2,2030,4032.36291
BOCAMINA_2,2031,4023.00708
BOCAMINA_2,2032,4013.65125
BOCAMINA_2,2033,4004.295419
BOCAMINA_2,2034,3994.939589
BOCAMINA_2,2035,3985.583758
BOCAMINA_2,2036,3976.85165
BOCAMINA_2,2037,3968.119541
BOCAMINA_2,2038,3959.387433
BOCAMINA_2,2039,3950.655325
BOCAMINA_2,2040,3941.923216
BOCAMINA_2,2041,3933.191108
BOCAMINA_2,2042,3924.459
BOCAMINA_2,2043,3915.726891
BOCAMINA_2,2044,3906.994783
BOCAMINA_2,2045,3898.262674
BOCAMINA_2,2046,3889.530566
BOCAMINA_2,2047,3880.798458
BOCAMINA_2,2048,3872.066349
BOCAMINA_2,2049,3863.334241
BOCAMINA_2,2050,3854.602132
CAMPICHE,2017,4153.988706
CAMPICHE,2018,4144.632875
CAMPICHE,2019,4135.277045
CAMPICHE,2020,4125.921215
CAMPICHE,2021,4116.565384
CAMPICHE,2022,4107.209554
CAMPICHE,2023,4097.853723
CAMPICHE,2024,4088.497893
CAMPICHE,2025,4079.142062
CAMPICHE,2026,4069.786232
CAMPICHE,2027,4060.430402
CAMPICHE,2028,4051.074571
CAMPICHE,2029,4041.718741
CAMPICHE,2030,4032.36291
CAMPICHE,2031,4023.00708
CAMPICHE,2032,4013.65125
CAMPICHE,2033,4004.295419
CAMPICHE,2034,3994.939589
CAMPICHE,2035,3985.583758
CAMPICHE,2036,3976.85165
CAMPICHE,2037,3968.119541
CAMPICHE,2038,3959.387433
CAMPICHE,2039,3950.655325
CAMPICHE,2040,3941.923216
CAMPICHE,2041,3933.191108
CAMPICHE,2042,3924.459
CAMPICHE,2043,3915.726891
CAMPICHE,2044,3906.994783
CAMPICHE,2045,3898.262674
CAMPICHE,2046,3889.530566
CAMPICHE,2047,3880.798458
CAMPICHE,2048,3872.066349
CAMPICHE,2049,3863.334241
CAMPICHE,2050,3854.602132
Carbon_II-III,2017,4153.988706
Carbon_II-III,2018,4144.632875
Carbon_II-III,2019,4135.277045
Carbon_II-III,2020,4125.921215
Carbon_II-III,2021,4116.565384
Carbon_II-III,2022,4107.209554
Carbon_II-III,2023,4097.853723
Carbon_II-III,2024,4088.497893
Carbon_II-III,2025,4079.142062
Carbon_II-III,2026,4069.786232
Carbon_II-III,2027,4060.430402
Carbon_II-III,2028,4051.074571
Carbon_II-III,2029,4041.718741
Carbon_II-III,2030,4032.36291
Carbon_II-III,2031,4023.00708
Carbon_II-III,2032,4013.65125
Carbon_II-III,2033,4004.295419
Carbon_II-III,2034,3994.939589
Carbon_II-III,2035,3985.583758
Carbon_II-III,2036,3976.85165
Carbon_II-III,2037,3968.119541
Carbon_II-III,2038,3959.387433
Carbon_II-III,2039,3950.655325
Carbon_II-III,2040,3941.923216
Carbon_II-III,2041,3933.191108
Carbon_II-III,2042,3924.459
Carbon_II-III,2043,3915.726891
Carbon_II-III,2044,3906.994783
Carbon_II-III,2045,3898.262674
Carbon_II-III,2046,3889.530566
Carbon_II-III,2047,3880.798458
Carbon_II-III,2048,3872.066349
Carbon_II-III,2049,3863.334241
Carbon_II-III,2050,3854.602132
COCHRANE_1_SING,2017,4153.988706
COCHRANE_1_SING,2018,4144.632875
COCHRANE_1_SING,2019,4135.277045
COCHRANE_1_SING,2020,4125.921215
COCHRANE_1_SING,2021,4116.565384
COCHRANE_1_SING,2022,4107.209554
COCHRANE_1_SING,2023,4097.853723
COCHRANE_1_SING,2024,4088.497893
COCHRANE_1_SING,2025,4079.142062
COCHRANE_1_SING,2026,4069.786232
COCHRANE_1_SING,2027,4060.430402
COCHRANE_1_SING,2028,4051.074571
COCHRANE_1_SING,2029,4041.718741
COCHRANE_1_SING,2030,4032.36291
COCHRANE_1_SING,2031,4023.00708
COCHRANE_1_SING,2032,4013.65125
COCHRANE_1_SING,2033,4004.295419
COCHRANE_1_SING,2034,3994.939589
COCHRANE_1_SING,2035,3985.583758
COCHRANE_1_SING,2036,3976.85165
COCHRANE_1_SING,2037,3968.119541
COCHRANE_1_SING,2038,3959.387433
COCHRANE_1_SING,2039,3950.655325
COCHRANE_1_SING,2040,3941.923216
COCHRANE_1_SING,2041,3933.191108
COCHRANE_1_SING,2042,3924.459
COCHRANE_1_SING,2043,3915.726891
COCHRANE_1_SING,2044,3906.994783
COCHRANE_1_SING,2045,3898.262674
COCHRANE_1_SING,2046,3889.530566
COCHRANE_1_SING,2047,3880.798458
COCHRANE_1_SING,2048,3872.066349
COCHRANE_1_SING,2049,3863.334241
COCHRANE_1_SING,2050,3854.602132
COCHRANE_2_SING,2017,4153.988706
COCHRANE_2_SING,2018,4144.632875
COCHRANE_2_SING,2019,4135.277045
COCHRANE_2_SING,2020,4125.921215
COCHRANE_2_SING,2021,4116.565384
COCHRANE_2_SING,2022,4107.209554
COCHRANE_2_SING,2023,4097.853723
COCHRANE_2_SING,2024,4088.497893
COCHRANE_2_SING,2025,4079.142062
COCHRANE_2_SING,2026,4069.786232
COCHRANE_2_SING,2027,4060.430402
COCHRANE_2_SING,2028,4051.074571
COCHRANE_2_SING,2029,4041.718741
COCHRANE_2_SING,2030,4032.36291
COCHRANE_2_SING,2031,4023.00708
COCHRANE_2_SING,2032,4013.65125
COCHRANE_2_SING,2033,4004.295419
COCHRANE_2_SING,2034,3994.939589
COCHRANE_2_SING,2035,3985.583758
COCHRANE_2_SING,2036,3976.85165
COCHRANE_2_SING,2037,3968.119541
COCHRANE_2_SING,2038,3959.387433
COCHRANE_2_SING,2039,3950.655325
COCHRANE_2_SING,2040,3941.923216
COCHRANE_2_SING,2041,3933.191108
COCHRANE_2_SING,2042,3924.459
COCHRANE_2_SING,2043,3915.726891
COCHRANE_2_SING,2044,3906.994783
COCHRANE_2_SING,2045,3898.262674
COCHRANE_2_SING,2046,3889.530566
COCHRANE_2_SING,2047,3880.798458
COCHRANE_2_SING,2048,3872.066349
COCHRANE_2_SING,2049,3863.334241
COCHRANE_2_SING,2050,3854.602132
CTA_SING,2017,4153.988706
CTA_SING,2018,4144.632875
CTA_SING,2019,4135.277045
CTA_SING,2020,4125.921215
CTA_SING,2021,4116.565384
CTA_SING,2022,4107.209554
CTA_SING,2023,4097.853723
CTA_SING,2024,4088.497893
CTA_SING,2025,4079.142062
CTA_SING,2026,4069.786232
CTA_SING,2027,4060.430402
CTA_SING,2028,4051.074571
CTA_SING,2029,4041.718741
CTA_SING,2030,4032.36291
CTA_SING,2031,4023.00708
CTA_SING,2032,4013.65125
CTA_SING,2033,4004.295419
CTA_SING,2034,3994.939589
CTA_SING,2035,3985.583758
CTA_SING,2036,3976.85165
CTA_SING,2037,3968.119541
CTA_SING,2038,3959.387433
CTA_SING,2039,3950.655325
CTA_SING,2040,3941.923216
CTA_SING,2041,3933.191108
CTA_SING,2042,3924.459
CTA_SING,2043,3915.726891
CTA_SING,2044,3906.994783
CTA_SING,2045,3898.262674
CTA_SING,2046,3889.530566
CTA_SING,2047,3880.798458
CTA_SING,2048,3872.066349
CTA_SING,2049,3863.334241
CTA_SING,2050,3854.602132
CTH_SING,2017,4153.988706
CTH_SING,2018,4144.632875
CTH_SING,2019,4135.277045
CTH_SING,2020,4125.921215
CTH_SING,2021,4116.565384
CTH_SING,2022,4107.209554
CTH_SING,2023,4097.853723
CTH_SING,2024,4088.497893
CTH_SING,2025,4079.142062
CTH_SING,2026,4069.786232
CTH_SING,2027,4060.430402
CTH_SING,2028,4051.074571
CTH_SING,2029,4041.718741
CTH_SING,2030,4032.36291
CTH_SING,2031,4023.00708
CTH_SING,2032,4013.65125
CTH_SING,2033,4004.295419
CTH_SING,2034,3994.939589
CTH_SING,2035,3985.583758
CTH_SING,2036,3976.85165
CTH_SING,2037,3968.119541
CTH_SING,2038,3959.387433
CTH_SING,2039,3950.655325
CTH_SING,2040,3941.923216
CTH_SING,2041,3933.191108
CTH_SING,2042,3924.459
CTH_SING,2043,3915.726891
CTH_SING,2044,3906.994783
CTH_SING,2045,3898.262674
CTH_SING,2046,3889.530566
CTH_SING,2047,3880.798458
CTH_SING,2048,3872.066349
CTH_SING,2049,3863.334241
CTH_SING,2050,3854.602132
CTM1_SING,2017,4153.988706
CTM1_SING,2018,4144.632875
CTM1_SING,2019,4135.277045
CTM1_SING,2020,4125.921215
CTM1_SING,2021,4116.565384
CTM1_SING,2022,4107.209554
CTM1_SING,2023,4097.853723
CTM1_SING,2024,4088.497893
CTM1_SING,2025,4079.142062
CTM1_SING,2026,4069.786232
CTM1_SING,2027,4060.430402
CTM1_SING,2028,4051.074571
CTM1_SING,2029,4041.718741
CTM1_SING,2030,4032.36291
CTM1_SING,2031,4023.00708
CTM1_SING,2032,4013.65125
CTM1_SING,2033,4004.295419
CTM1_SING,2034,3994.939589
CTM1_SING,2035,3985.583758
CTM1_SING,2036,3976.85165
CTM1_SING,2037,3968.119541
CTM1_SING,2038,3959.387433
CTM1_SING,2039,3950.655325
CTM1_SING,2040,3941.923216
CTM1_SING,2041,3933.191108
CTM1_SING,2042,3924.459
CTM1_SING,2043,3915.726891
CTM1_SING,2044,3906.994783
CTM1_SING,2045,3898.262674
CTM1_SING,2046,3889.530566
CTM1_SING,2047,3880.798458
CTM1_SING,2048,3872.066349
CTM1_SING,2049,3863.334241
CTM1_SING,2050,3854.602132
CTM2_SING,2017,4153.988706
CTM2_SING,2018,4144.632875
CTM2_SING,2019,4135.277045
CTM2_SING,2020,4125.921215
CTM2_SING,2021,4116.565384
CTM2_SING,2022,4107.209554
CTM2_SING,2023,4097.853723
CTM2_SING,2024,4088.497893
CTM2_SING,2025,4079.142062
CTM2_SING,2026,4069.786232
CTM2_SING,2027,4060.430402
CTM2_SING,2028,4051.074571
CTM2_SING,2029,4041.718741
CTM2_SING,2030,4032.36291
CTM2_SING,2031,4023.00708
CTM2_SING,2032,4013.65125
CTM2_SING,2033,4004.295419
CTM2_SING,2034,3994.939589
CTM2_SING,2035,3985.583758
CTM2_SING,2036,3976.85165
CTM2_SING,2037,3968.119541
CTM2_SING,2038,3959.387433
CTM2_SING,2039,3950.655325
CTM2_SING,2040,3941.923216
CTM2_SING,2041,3933.191108
CTM2_SING,2042,3924.459
CTM2_SING,2043,3915.726891
CTM2_SING,2044,3906.994783
CTM2_SING,2045,3898.262674
CTM2_SING,2046,3889.530566
CTM2_SING,2047,3880.798458
CTM2_SING,2048,3872.066349
CTM2_SING,2049,3863.334241
CTM2_SING,2050,3854.602132
CTTAR_SING,2017,4153.988706
CTTAR_SING,2018,4144.632875
CTTAR_SING,2019,4135.277045
CTTAR_SING,2020,4125.921215
CTTAR_SING,2021,4116.565384
CTTAR_SING,2022,4107.209554
CTTAR_SING,2023,4097.853723
CTTAR_SING,2024,4088.497893
CTTAR_SING,2025,4079.142062
CTTAR_SING,2026,4069.786232
CTTAR_SING,2027,4060.430402
CTTAR_SING,2028,4051.074571
CTTAR_SING,2029,4041.718741
CTTAR_SING,2030,4032.36291
CTTAR_SING,2031,4023.00708
CTTAR_SING,2032,4013.65125
CTTAR_SING,2033,4004.295419
CTTAR_SING,2034,3994.939589
CTTAR_SING,2035,3985.583758
CTTAR_SING,2036,3976.85165
CTTAR_SING,2037,3968.119541
CTTAR_SING,2038,3959.387433
CTTAR_SING,2039,3950.655325
CTTAR_SING,2040,3941.923216
CTTAR_SING,2041,3933.191108
CTTAR_SING,2042,3924.459
CTTAR_SING,2043,3915.726891
CTTAR_SING,2044,3906.994783
CTTAR_SING,2045,3898.262674
CTTAR_SING,2046,3889.530566
CTTAR_SING,2047,3880.798458
CTTAR_SING,2048,3872.066349
CTTAR_SING,2049,3863.334241
CTTAR_SING,2050,3854.602132
GUACOLDA_1,2017,4153.988706
GUACOLDA_1,2018,4144.632875
GUACOLDA_1,2019,4135.277045
GUACOLDA_1,2020,4125.921215
GUACOLDA_1,2021,4116.565384
GUACOLDA_1,2022,4107.209554
GUACOLDA_1,2023,4097.853723
GUACOLDA_1,2024,4088.497893
GUACOLDA_1,2025,4079.142062
GUACOLDA_1,2026,4069.786232
GUACOLDA_1,2027,4060.430402
GUACOLDA_1,2028,4051.074571
GUACOLDA_1,2029,4041.718741
GUACOLDA_1,2030,4032.36291
GUACOLDA_1,2031,4023.00708
GUACOLDA_1,2032,4013.65125
GUACOLDA_1,2033,4004.295419
GUACOLDA_1,2034,3994.939589
GUACOLDA_1,2035,3985.583758
GUACOLDA_1,2036,3976.85165
GUACOLDA_1,2037,3968.119541
GUACOLDA_1,2038,3959.387433
GUACOLDA_1,2039,3950.655325
GUACOLDA_1,2040,3941.923216
GUACOLDA_1,2041,3933.191108
GUACOLDA_1,2042,3924.459
GUACOLDA_1,2043,3915.726891
GUACOLDA_1,2044,3906.994783
GUACOLDA_1,2045,3898.262674
GUACOLDA_1,2046,3889.530566
GUACOLDA_1,2047,3880.798458
GUACOLDA_1,2048,3872.066349
GUACOLDA_1,2049,3863.334241
GUACOLDA_1,2050,3854.602132
GUACOLDA_2,2017,4153.988706
GUACOLDA_2,2018,4144.632875
GUACOLDA_2,2019,4135.277045
GUACOLDA_2,2020,4125.921215
GUACOLDA_2,2021,4116.565384
GUACOLDA_2,2022,4107.209554
GUACOLDA_2,2023,4097.853723
GUACOLDA_2,2024,4088.497893
GUACOLDA_2,2025,4079.142062
GUACOLDA_2,2026,4069.786232
GUACOLDA_2,2027,4060.430402
GUACOLDA_2,2028,4051.074571
GUACOLDA_2,2029,4041.718741
GUACOLDA_2,2030,4032.36291
GUACOLDA_2,2031,4023.00708
GUACOLDA_2,2032,4013.65125
GUACOLDA_2,2033,4004.295419
GUACOLDA_2,2034,3994.939589
GUACOLDA_2,2035,3985.583758
GUACOLDA_2,2036,3976.85165
GUACOLDA_2,2037,3968.119541
GUACOLDA_2,2038,3959.387433
GUACOLDA_2,2039,3950.655325
GUACOLDA_2,2040,3941.923216
GUACOLDA_2,2041,3933.191108
GUACOLDA_2,2042,3924.459
GUACOLDA_2,2043,3915.726891
GUACOLDA_2,2044,3906.994783
GUACOLDA_2,2045,3898.262674
GUACOLDA_2,2046,3889.530566
GUACOLDA_2,2047,3880.798458
GUACOLDA_2,2048,3872.066349
GUACOLDA_2,2049,3863.334241
GUACOLDA_2,2050,3854.602132
GUACOLDA_3,2017,4153.988706
GUACOLDA_3,2018,4144.632875
GUACOLDA_3,2019,4135.277045
GUACOLDA_3,2020,4125.921215
GUACOLDA_3,2021,4116.565384
GUACOLDA_3,2022,4107.209554
GUACOLDA_3,2023,4097.853723
GUACOLDA_3,2024,4088.497893
GUACOLDA_3,2025,4079.142062
GUACOLDA_3,2026,4069.786232
GUACOLDA_3,2027,4060.430402
GUACOLDA_3,2028,4051.074571
GUACOLDA_3,2029,4041.718741
GUACOLDA_3,2030,4032.36291
GUACOLDA_3,2031,4023.00708
GUACOLDA_3,2032,4013.65125
GUACOLDA_3,2033,4004.295419
GUACOLDA_3,2034,3994.939589
GUACOLDA_3,2035,3985.583758
GUACOLDA_3,2036,3976.85165
GUACOLDA_3,2037,3968.119541
GUACOLDA_3,2038,3959.387433
GUACOLDA_3,2039,3950.655325
GUACOLDA_3,2040,3941.923216
GUACOLDA_3,2041,3933.191108
GUACOLDA_3,2042,3924.459
GUACOLDA_3,2043,3915.726891
GUACOLDA_3,2044,3906.994783
GUACOLDA_3,2045,3898.262674
GUACOLDA_3,2046,3889.530566
GUACOLDA_3,2047,3880.798458
GUACOLDA_3,2048,3872.066349
GUACOLDA_3,2049,3863.334241
GUACOLDA_3,2050,3854.602132
GUACOLDA_4,2017,4153.988706
GUACOLDA_4,2018,4144.632875
GUACOLDA_4,2019,4135.277045
GUACOLDA_4,2020,4125.921215
GUACOLDA_4,2021,4116.565384
GUACOLDA_4,2022,4107.209554
GUACOLDA_4,2023,4097.853723
GUACOLDA_4,2024,4088.497893
GUACOLDA_4,2025,4079.142062
GUACOLDA_4,2026,4069.786232
GUACOLDA_4,2027,4060.430402
GUACOLDA_4,2028,4051.074571
GUACOLDA_4,2029,4041.718741
GUACOLDA_4,2030,4032.36291
GUACOLDA_4,2031,4023.00708
GUACOLDA_4,2032,4013.65125
GUACOLDA_4,2033,4004.295419
GUACOLDA_4,2034,3994.939589
GUACOLDA_4,2035,3985.583758
GUACOLDA_4,2036,3976.85165
GUACOLDA_4,2037,3968.119541
GUACOLDA_4,2038,3959.387433
GUACOLDA_4,2039,3950.655325
GUACOLDA_4,2040,3941.923216
GUACOLDA_4,2041,3933.191108
GUACOLDA_4,2042,3924.459
GUACOLDA_4,2043,3915.726891
GUACOLDA_4,2044,3906.994783
GUACOLDA_4,2045,3898.262674
GUACOLDA_4,2046,3889.530566
GUACOLDA_4,2047,3880.798458
GUACOLDA_4,2048,3872.066349
GUACOLDA_4,2049,3863.334241
GUACOLDA_4,2050,3854.602132
GUACOLDA_5,2017,4153.988706
GUACOLDA_5,2018,4144.632875
GUACOLDA_5,2019,4135.277045
GUACOLDA_5,2020,4125.921215
GUACOLDA_5,2021,4116.565384
GUACOLDA_5,2022,4107.209554
GUACOLDA_5,2023,4097.853723
GUACOLDA_5,2024,4088.497893
GUACOLDA_5,2025,4079.142062
GUACOLDA_5,2026,4069.786232
GUACOLDA_5,2027,4060.430402
GUACOLDA_5,2028,4051.074571
GUACOLDA_5,2029,4041.718741
GUACOLDA_5,2030,4032.36291
GUACOLDA_5,2031,4023.00708
GUACOLDA_5,2032,4013.65125
GUACOLDA_5,2033,4004.295419
GUACOLDA_5,2034,3994.939589
GUACOLDA_5,2035,3985.583758
GUACOLDA_5,2036,3976.85165
GUACOLDA_5,2037,3968.119541
GUACOLDA_5,2038,3959.387433
GUACOLDA_5,2039,3950.655325
GUACOLDA_5,2040,3941.923216
GUACOLDA_5,2041,3933.191108
GUACOLDA_5,2042,3924.459
GUACOLDA_5,2043,3915.726891
GUACOLDA_5,2044,3906.994783
GUACOLDA_5,2045,3898.262674
GUACOLDA_5,2046,3889.530566
GUACOLDA_5,2047,3880.798458
GUACOLDA_5,2048,3872.066349
GUACOLDA_5,2049,3863.334241
GUACOLDA_5,2050,3854.602132
IEM_I_SING,2017,4153.988706
IEM_I_SING,2018,4144.632875
IEM_I_SING,2019,4135.277045
IEM_I_SING,2020,4125.921215
IEM_I_SING,2021,4116.565384
IEM_I_SING,2022,4107.209554
IEM_I_SING,2023,4097.853723
IEM_I_SING,2024,4088.497893
IEM_I_SING,2025,4079.142062
IEM_I_SING,2026,4069.786232
IEM_I_SING,2027,4060.430402
IEM_I_SING,2028,4051.074571
IEM_I_SING,2029,4041.718741
IEM_I_SING,2030,4032.36291
IEM_I_SING,2031,4023.00708
IEM_I_SING,2032,4013.65125
IEM_I_SING,2033,4004.295419
IEM_I_SING,2034,3994.939589
IEM_I_SING,2035,3985.583758
IEM_I_SING,2036,3976.85165
IEM_I_SING,2037,3968.119541
IEM_I_SING,2038,3959.387433
IEM_I_SING,2039,3950.655325
IEM_I_SING,2040,3941.923216
IEM_I_SING,2041,3933.191108
IEM_I_SING,2042,3924.459
IEM_I_SING,2043,3915.726891
IEM_I_SING,2044,3906.994783
IEM_I_SING,2045,3898.262674
IEM_I_SING,2046,3889.530566
IEM_I_SING,2047,3880.798458
IEM_I_SING,2048,3872.066349
IEM_I_SING,2049,3863.334241
IEM_I_SING,2050,3854.602132
NTO1_SING,2017,4153.988706
NTO1_SING,2018,4144.632875
NTO1_SING,2019,4135.277045
NTO1_SING,2020,4125.921215
NTO1_SING,2021,4116.565384
NTO1_SING,2022,4107.209554
NTO1_SING,2023,4097.853723
NTO1_SING,2024,4088.497893
NTO1_SING,2025,4079.142062
NTO1_SING,2026,4069.786232
NTO1_SING,2027,4060.430402
NTO1_SING,2028,4051.074571
NTO1_SING,2029,4041.718741
NTO1_SING,2030,4032.36291
NTO1_SING,2031,4023.00708
NTO1_SING,2032,4013.65125
NTO1_SING,2033,4004.295419
NTO1_SING,2034,3994.939589
NTO1_SING,2035,3985.583758
NTO1_SING,2036,3976.85165
NTO1_SING,2037,3968.119541
NTO1_SING,2038,3959.387433
NTO1_SING,2039,3950.655325
NTO1_SING,2040,3941.923216
NTO1_SING,2041,3933.191108
NTO1_SING,2042,3924.459
NTO1_SING,2043,3915.726891
NTO1_SING,2044,3906.994783
NTO1_SING,2045,3898.262674
NTO1_SING,2046,3889.530566
NTO1_SING,2047,3880.798458
NTO1_SING,2048,3872.066349
NTO1_SING,2049,3863.334241
NTO1_SING,2050,3854.602132
NTO2_SING,2017,4153.988706
NTO2_SING,2018,4144.632875
NTO2_SING,2019,4135.277045
NTO2_SING,2020,4125.921215
NTO2_SING,2021,4116.565384
NTO2_SING,2022,4107.209554
NTO2_SING,2023,4097.853723
NTO2_SING,2024,4088.497893
NTO2_SING,2025,4079.142062
NTO2_SING,2026,4069.786232
NTO2_SING,2027,4060.430402
NTO2_SING,2028,4051.074571
NTO2_SING,2029,4041.718741
NTO2_SING,2030,4032.36291
NTO2_SING,2031,4023.00708
NTO2_SING,2032,4013.65125
NTO2_SING,2033,4004.295419
NTO2_SING,2034,3994.939589
NTO2_SING,2035,3985.583758
NTO2_SING,2036,3976.85165
NTO2_SING,2037,3968.119541
NTO2_SING,2038,3959.387433
NTO2_SING,2039,3950.655325
NTO2_SING,2040,3941.923216
NTO2_SING,2041,3933.191108
NTO2_SING,2042,3924.459
NTO2_SING,2043,3915.726891
NTO2_SING,2044,3906.994783
NTO2_SING,2045,3898.262674
NTO2_SING,2046,3889.530566
NTO2_SING,2047,3880.798458
NTO2_SING,2048,3872.066349
NTO2_SING,2049,3863.334241
NTO2_SING,2050,3854.602132
NUEVA_VENTANAS,2017,4153.988706
NUEVA_VENTANAS,2018,4144.632875
NUEVA_VENTANAS,2019,4135.277045
NUEVA_VENTANAS,2020,4125.921215
NUEVA_VENTANAS,2021,4116.565384
NUEVA_VENTANAS,2022,4107.209554
NUEVA_VENTANAS,2023,4097.853723
NUEVA_VENTANAS,2024,4088.497893
NUEVA_VENTANAS,2025,4079.142062
NUEVA_VENTANAS,2026,4069.786232
NUEVA_VENTANAS,2027,4060.430402
NUEVA_VENTANAS,2028,4051.074571
NUEVA_VENTANAS,2029,4041.718741
NUEVA_VENTANAS,2030,4032.36291
NUEVA_VENTANAS,2031,4023.00708
NUEVA_VENTANAS,2032,4013.65125
NUEVA_VENTANAS,2033,4004.295419
NUEVA_VENTANAS,2034,3994.939589
NUEVA_VENTANAS,2035,3985.583758
NUEVA_VENTANAS,2036,3976.85165
NUEVA_VENTANAS,2037,3968.119541
NUEVA_VENTANAS,2038,3959.387433
NUEVA_VENTANAS,2039,3950.655325
NUEVA_VENTANAS,2040,3941.923216
NUEVA_VENTANAS,2041,3933.191108
NUEVA_VENTANAS,2042,3924.459
NUEVA_VENTANAS,2043,3915.726891
NUEVA_VENTANAS,2044,3906.994783
NUEVA_VENTANAS,2045,3898.262674
NUEVA_VENTANAS,2046,3889.530566
NUEVA_VENTANAS,2047,3880.798458
NUEVA_VENTANAS,2048,3872.066349
NUEVA_VENTANAS,2049,3863.334241
NUEVA_VENTANAS,2050,3854.602132
SANTA_MARIA,2017,4153.988706
SANTA_MARIA,2018,4144.632875
SANTA_MARIA,2019,4135.277045
SANTA_MARIA,2020,4125.921215
SANTA_MARIA,2021,4116.565384
SANTA_MARIA,2022,4107.209554
SANTA_MARIA,2023,4097.853723
SANTA_MARIA,2024,4088.497893
SANTA_MARIA,2025,4079.142062
SANTA_MARIA,2026,4069.786232
SANTA_MARIA,2027,4060.430402
SANTA_MARIA,2028,4051.074571
SANTA_MARIA,2029,4041.718741
SANTA_MARIA,2030,4032.36291
SANTA_MARIA,2031,4023.00708
SANTA_MARIA,2032,4013.65125
SANTA_MARIA,2033,4004.295419
SANTA_MARIA,2034,3994.939589
SANTA_MARIA,2035,3985.583758
SANTA_MARIA,2036,3976.85165
SANTA_MARIA,2037,3968.119541
SANTA_MARIA,2038,3959.387433
SANTA_MARIA,2039,3950.655325
SANTA_MARIA,2040,3941.923216
SANTA_MARIA,2041,3933.191108
SANTA_MARIA,2042,3924.459
SANTA_MARIA,2043,3915.726891
SANTA_MARIA,2044,3906.994783
SANTA_MARIA,2045,3898.262674
SANTA_MARIA,2046,3889.530566
SANTA_MARIA,2047,3880.798458
SANTA_MARIA,2048,3872.066349
SANTA_MARIA,2049,3863.334241
SANTA_MARIA,2050,3854.602132
U12_SING,2017,4153.988706
U12_SING,2018,4144.632875
U12_SING,2019,4135.277045
U12_SING,2020,4125.921215
U12_SING,2021,4116.565384
U12_SING,2022,4107.209554
U12_SING,2023,4097.853723
U12_SING,2024,4088.497893
U12_SING,2025,4079.142062
U12_SING,2026,4069.786232
U12_SING,2027,4060.430402
U12_SING,2028,4051.074571
U12_SING,2029,4041.718741
U12_SING,2030,4032.36291
U12_SING,2031,4023.00708
U12_SING,2032,4013.65125
U12_SING,2033,4004.295419
U12_SING,2034,3994.939589
U12_SING,2035,3985.583758
U12_SING,2036,3976.85165
U12_SING,2037,3968.119541
U12_SING,2038,3959.387433
U12_SING,2039,3950.655325
U12_SING,2040,3941.923216
U12_SING,2041,3933.191108
U12_SING,2042,3924.459
U12_SING,2043,3915.726891
U12_SING,2044,3906.994783
U12_SING,2045,3898.262674
U12_SING,2046,3889.530566
U12_SING,2047,3880.798458
U12_SING,2048,3872.066349
U12_SING,2049,3863.334241
U12_SING,2050,3854.602132
U13_SING,2017,4153.988706
U13_SING,2018,4144.632875
U13_SING,2019,4135.277045
U13_SING,2020,4125.921215
U13_SING,2021,4116.565384
U13_SING,2022,4107.209554
U13_SING,2023,4097.853723
U13_SING,2024,4088.497893
U13_SING,2025,4079.142062
U13_SING,2026,4069.786232
U13_SING,2027,4060.430402
U13_SING,2028,4051.074571
U13_SING,2029,4041.718741
U13_SING,2030,4032.36291
U13_SING,2031,4023.00708
U13_SING,2032,4013.65125
U13_SING,2033,4004.295419
U13_SING,2034,3994.939589
U13_SING,2035,3985.583758
U13_SING,2036,3976.85165
U13_SING,2037,3968.119541
U13_SING,2038,3959.387433
U13_SING,2039,3950.655325
U13_SING,2040,3941.923216
U13_SING,2041,3933.191108
U13_SING,2042,3924.459
U13_SING,2043,3915.726891
U13_SING,2044,3906.994783
U13_SING,2045,3898.262674
U13_SING,2046,3889.530566
U13_SING,2047,3880.798458
U13_SING,2048,3872.066349
U13_SING,2049,3863.334241
U13_SING,2050,3854.602132
U14_SING,2017,4153.988706
U14_SING,2018,4144.632875
U14_SING,2019,4135.277045
U14_SING,2020,4125.921215
U14_SING,2021,4116.565384
U14_SING,2022,4107.209554
U14_SING,2023,4097.853723
U14_SING,2024,4088.497893
U14_SING,2025,4079.142062
U14_SING,2026,4069.786232
U14_SING,2027,4060.430402
U14_SING,2028,4051.074571
U14_SING,2029,4041.718741
U14_SING,2030,4032.36291
U14_SING,2031,4023.00708
U14_SING,2032,4013.65125
U14_SING,2033,4004.295419
U14_SING,2034,3994.939589
U14_SING,2035,3985.583758
U14_SING,2036,3976.85165
U14_SING,2037,3968.119541
U14_SING,2038,3959.387433
U14_SING,2039,3950.655325
U14_SING,2040,3941.923216
U14_SING,2041,3933.191108
U14_SING,2042,3924.459
U14_SING,2043,3915.726891
U14_SING,2044,3906.994783
U14_SING,2045,3898.262674
U14_SING,2046,3889.530566
U14_SING,2047,3880.798458
U14_SING,2048,3872.066349
U14_SING,2049,3863.334241
U14_SING,2050,3854.602132
U15_SING,2017,4153.988706
U15_SING,2018,4144.632875
U15_SING,2019,4135.277045
U15_SING,2020,4125.921215
U15_SING,2021,4116.565384
U15_SING,2022,4107.209554
U15_SING,2023,4097.853723
U15_SING,2024,4088.497893
U15_SING,2025,4079.142062
U15_SING,2026,4069.786232
U15_SING,2027,4060.430402
U15_SING,2028,4051.074571
U15_SING,2029,4041.718741
U15_SING,2030,4032.36291
U15_SING,2031,4023.00708
U15_SING,2032,4013.65125
U15_SING,2033,4004.295419
U15_SING,2034,3994.939589
U15_SING,2035,3985.583758
U15_SING,2036,3976.85165
U15_SING,2037,3968.119541
U15_SING,2038,3959.387433
U15_SING,2039,3950.655325
U15_SING,2040,3941.923216
U15_SING,2041,3933.191108
U15_SING,2042,3924.459
U15_SING,2043,3915.726891
U15_SING,2044,3906.994783
U15_SING,2045,3898.262674
U15_SING,2046,3889.530566
U15_SING,2047,3880.798458
U15_SING,2048,3872.066349
U15_SING,2049,3863.334241
U15_SING,2050,3854.602132
VENTANAS_1,2017,4153.988706
VENTANAS_1,2018,4144.632875
VENTANAS_1,2019,4135.277045
VENTANAS_1,2020,4125.921215
VENTANAS_1,2021,4116.565384
VENTANAS_1,2022,4107.209554
VENTANAS_1,2023,4097.853723
VENTANAS_1,2024,4088.497893
VENTANAS_1,2025,4079.142062
VENTANAS_1,2026,4069.786232
VENTANAS_1,2027,4060.430402
VENTANAS_1,2028,4051.074571
VENTANAS_1,2029,4041.718741
VENTANAS_1,2030,4032.36291
VENTANAS_1,2031,4023.00708
VENTANAS_1,2032,4013.65125
VENTANAS_1,2033,4004.295419
VENTANAS_1,2034,3994.939589
VENTANAS_1,2035,3985.583758
VENTANAS_1,2036,3976.85165
VENTANAS_1,2037,3968.119541
VENTANAS_1,2038,3959.387433
VENTANAS_1,2039,3950.655325
VENTANAS_1,2040,3941.923216
VENTANAS_1,2041,3933.191108
VENTANAS_1,2042,3924.459
VENTANAS_1,2043,3915.726891
VENTANAS_1,2044,3906.994783
VENTANAS_1,2045,3898.262674
VENTANAS_1,2046,3889.530566
VENTANAS_1,2047,3880.798458
VENTANAS_1,2048,3872.066349
VENTANAS_1,2049,3863.334241
VENTANAS_1,2050,3854.602132
VENTANAS_2,2017,4153.988706
VENTANAS_2,2018,4144.632875
VENTANAS_2,2019,4135.277045
VENTANAS_2,2020,4125.921215
VENTANAS_2,2021,4116.565384
VENTANAS_2,2022,4107.209554
VENTANAS_2,2023,4097.853723
VENTANAS_2,2024,4088.497893
VENTANAS_2,2025,4079.142062
VENTANAS_2,2026,4069.786232
VENTANAS_2,2027,4060.430402
VENTANAS_2,2028,4051.074571
VENTANAS_2,2029,4041.718741
VENTANAS_2,2030,4032.36291
VENTANAS_2,2031,4023.00708
VENTANAS_2,2032,4013.65125
VENTANAS_2,2033,4004.295419
VENTANAS_2,2034,3994.939589
VENTANAS_2,2035,3985.583758
VENTANAS_2,2036,3976.85165
VENTANAS_2,2037,3968.119541
VENTANAS_2,2038,3959.387433
VENTANAS_2,2039,3950.655325
VENTANAS_2,2040,3941.923216
VENTANAS_2,2041,3933.191108
VENTANAS_2,2042,3924.459
VENTANAS_2,2043,3915.726891
VENTANAS_2,2044,3906.994783
VENTANAS_2,2045,3898.262674
VENTANAS_2,2046,3889.530566
VENTANAS_2,2047,3880.798458
VENTANAS_2,2048,3872.066349
VENTANAS_2,2049,3863.334241
VENTANAS_2,2050,3854.602132
