Curva,Etapa,Bloque,Distribucion
curva_celulosa,1,1,0.327554204
curva_celulosa,1,2,0.11941337
curva_celulosa,1,3,0.375196829
curva_celulosa,1,4,0.08633313
curva_celulosa,1,5,0.091502466
curva_celulosa,2,1,0.3857346
curva_celulosa,2,2,0.123292046
curva_celulosa,2,3,0.333396336
curva_celulosa,2,4,0.07790515
curva_celulosa,2,5,0.079671868
curva_celulosa,3,1,0.292399637
curva_celulosa,3,2,0.123667103
curva_celulosa,3,3,0.383588657
curva_celulosa,3,4,0.097683962
curva_celulosa,3,5,0.102660641
curva_celulosa,4,1,0.261258152
curva_celulosa,4,2,0.128288484
curva_celulosa,4,3,0.460863289
curva_celulosa,4,4,0.074534627
curva_celulosa,4,5,0.075055448
curva_celulosa,5,1,0.342006989
curva_celulosa,5,2,0.152306388
curva_celulosa,5,3,0.399523777
curva_celulosa,5,4,0.051274906
curva_celulosa,5,5,0.05488794
curva_celulosa,6,1,0.327321766
curva_celulosa,6,2,0.157425534
curva_celulosa,6,3,0.36876488
curva_celulosa,6,4,0.075777788
curva_celulosa,6,5,0.070710031
curva_celulosa,7,1,0.328169603
curva_celulosa,7,2,0.131269303
curva_celulosa,7,3,0.429695634
curva_celulosa,7,4,0.058110953
curva_celulosa,7,5,0.052754508
curva_celulosa,8,1,0.281015908
curva_celulosa,8,2,0.14018508
curva_celulosa,8,3,0.45444494
curva_celulosa,8,4,0.049616969
curva_celulosa,8,5,0.074737103
curva_celulosa,9,1,0.330298503
curva_celulosa,9,2,0.112991853
curva_celulosa,9,3,0.437489884
curva_celulosa,9,4,0.067184378
curva_celulosa,9,5,0.052035382
curva_celulosa,10,1,0.305759995
curva_celulosa,10,2,0.100290842
curva_celulosa,10,3,0.436396621
curva_celulosa,10,4,0.070423144
curva_celulosa,10,5,0.087129399
curva_celulosa,11,1,0.264544427
curva_celulosa,11,2,0.103062508
curva_celulosa,11,3,0.458686118
curva_celulosa,11,4,0.084198208
curva_celulosa,11,5,0.08950874
curva_celulosa,12,1,0.309240033
curva_celulosa,12,2,0.164644045
curva_celulosa,12,3,0.358604562
curva_celulosa,12,4,0.096597175
curva_celulosa,12,5,0.070914185
curva_cemento,1,1,0.061620766
curva_cemento,1,2,0.011034412
curva_cemento,1,3,0.676254551
curva_cemento,1,4,0.137311536
curva_cemento,1,5,0.113778735
curva_cemento,2,1,0.062006807
curva_cemento,2,2,0.023933403
curva_cemento,2,3,0.674645923
curva_cemento,2,4,0.133141944
curva_cemento,2,5,0.106271923
curva_cemento,3,1,0.057294782
curva_cemento,3,2,0.009647492
curva_cemento,3,3,0.67772858
curva_cemento,3,4,0.135022355
curva_cemento,3,5,0.120306792
curva_cemento,4,1,0.314712803
curva_cemento,4,2,0.211398122
curva_cemento,4,3,0.464614517
curva_cemento,4,4,0.004676366
curva_cemento,4,5,0.004598192
curva_cemento,5,1,0.261702395
curva_cemento,5,2,0.220886954
curva_cemento,5,3,0.507164493
curva_cemento,5,4,0.005256354
curva_cemento,5,5,0.004989804
curva_cemento,6,1,0.223254409
curva_cemento,6,2,0.17802152
curva_cemento,6,3,0.549185194
curva_cemento,6,4,0.021992692
curva_cemento,6,5,0.027546185
curva_cemento,7,1,0.244022113
curva_cemento,7,2,0.228697598
curva_cemento,7,3,0.516047459
curva_cemento,7,4,0.005763682
curva_cemento,7,5,0.005469148
curva_cemento,8,1,0.224421816
curva_cemento,8,2,0.219141355
curva_cemento,8,3,0.543875419
curva_cemento,8,4,0.006465101
curva_cemento,8,5,0.006096309
curva_cemento,9,1,0.244783241
curva_cemento,9,2,0.224683083
curva_cemento,9,3,0.523212203
curva_cemento,9,4,0.003635443
curva_cemento,9,5,0.00368603
curva_cemento,10,1,0.07998558
curva_cemento,10,2,0.007348409
curva_cemento,10,3,0.646236277
curva_cemento,10,4,0.156160432
curva_cemento,10,5,0.110269302
curva_cemento,11,1,0.133380156
curva_cemento,11,2,0.005692095
curva_cemento,11,3,0.577717139
curva_cemento,11,4,0.151756014
curva_cemento,11,5,0.131454596
curva_cemento,12,1,0.176686185
curva_cemento,12,2,0.015347399
curva_cemento,12,3,0.527860506
curva_cemento,12,4,0.152021413
curva_cemento,12,5,0.128084497
curva_cobre,1,1,0.297200279
curva_cobre,1,2,0.125859201
curva_cobre,1,3,0.407546616
curva_cobre,1,4,0.083356474
curva_cobre,1,5,0.086037429
curva_cobre,2,1,0.296344089
curva_cobre,2,2,0.125003246
curva_cobre,2,3,0.407495024
curva_cobre,2,4,0.084702041
curva_cobre,2,5,0.0864556
curva_cobre,3,1,0.298101449
curva_cobre,3,2,0.127521582
curva_cobre,3,3,0.407571072
curva_cobre,3,4,0.082091501
curva_cobre,3,5,0.084714395
curva_cobre,4,1,0.30205315
curva_cobre,4,2,0.123044976
curva_cobre,4,3,0.409904856
curva_cobre,4,4,0.081645145
curva_cobre,4,5,0.083351872
curva_cobre,5,1,0.298621278
curva_cobre,5,2,0.127554788
curva_cobre,5,3,0.409301291
curva_cobre,5,4,0.080931415
curva_cobre,5,5,0.083591229
curva_cobre,6,1,0.297883759
curva_cobre,6,2,0.1282157
curva_cobre,6,3,0.410469222
curva_cobre,6,4,0.081496023
curva_cobre,6,5,0.081935297
curva_cobre,7,1,0.297190043
curva_cobre,7,2,0.128241754
curva_cobre,7,3,0.414374117
curva_cobre,7,4,0.080121264
curva_cobre,7,5,0.080072822
curva_cobre,8,1,0.296446648
curva_cobre,8,2,0.127789376
curva_cobre,8,3,0.412446596
curva_cobre,8,4,0.080922033
curva_cobre,8,5,0.082395347
curva_cobre,9,1,0.29659611
curva_cobre,9,2,0.127173227
curva_cobre,9,3,0.412853122
curva_cobre,9,4,0.081168162
curva_cobre,9,5,0.082209379
curva_cobre,10,1,0.296226985
curva_cobre,10,2,0.127985211
curva_cobre,10,3,0.408711556
curva_cobre,10,4,0.083179691
curva_cobre,10,5,0.083896558
curva_cobre,11,1,0.299759258
curva_cobre,11,2,0.123942148
curva_cobre,11,3,0.405245448
curva_cobre,11,4,0.084866337
curva_cobre,11,5,0.086186809
curva_cobre,12,1,0.302785385
curva_cobre,12,2,0.129882285
curva_cobre,12,3,0.403252249
curva_cobre,12,4,0.081881333
curva_cobre,12,5,0.082198748
curva_comercial,1,1,0.281447444
curva_comercial,1,2,0.11774842
curva_comercial,1,3,0.436530729
curva_comercial,1,4,0.083285468
curva_comercial,1,5,0.080987938
curva_comercial,2,1,0.281447444
curva_comercial,2,2,0.11774842
curva_comercial,2,3,0.436530729
curva_comercial,2,4,0.083285468
curva_comercial,2,5,0.080987938
curva_comercial,3,1,0.281447444
curva_comercial,3,2,0.11774842
curva_comercial,3,3,0.436530729
curva_comercial,3,4,0.083285468
curva_comercial,3,5,0.080987938
curva_comercial,4,1,0.281447444
curva_comercial,4,2,0.11774842
curva_comercial,4,3,0.436530729
curva_comercial,4,4,0.083285468
curva_comercial,4,5,0.080987938
curva_comercial,5,1,0.281447444
curva_comercial,5,2,0.11774842
curva_comercial,5,3,0.436530729
curva_comercial,5,4,0.083285468
curva_comercial,5,5,0.080987938
curva_comercial,6,1,0.281447444
curva_comercial,6,2,0.11774842
curva_comercial,6,3,0.436530729
curva_comercial,6,4,0.083285468
curva_comercial,6,5,0.080987938
curva_comercial,7,1,0.281447444
curva_comercial,7,2,0.11774842
curva_comercial,7,3,0.436530729
curva_comercial,7,4,0.083285468
curva_comercial,7,5,0.080987938
curva_comercial,8,1,0.281447444
curva_comercial,8,2,0.11774842
curva_comercial,8,3,0.436530729
curva_comercial,8,4,0.083285468
curva_comercial,8,5,0.080987938
curva_comercial,9,1,0.281447444
curva_comercial,9,2,0.11774842
curva_comercial,9,3,0.436530729
curva_comercial,9,4,0.083285468
curva_comercial,9,5,0.080987938
curva_comercial,10,1,0.281447444
curva_comercial,10,2,0.11774842
curva_comercial,10,3,0.436530729
curva_comercial,10,4,0.083285468
curva_comercial,10,5,0.080987938
curva_comercial,11,1,0.281447444
curva_comercial,11,2,0.11774842
curva_comercial,11,3,0.436530729
curva_comercial,11,4,0.083285468
curva_comercial,11,5,0.080987938
curva_comercial,12,1,0.281447444
curva_comercial,12,2,0.11774842
curva_comercial,12,3,0.436530729
curva_comercial,12,4,0.083285468
curva_comercial,12,5,0.080987938
curva_petroquim,1,1,0.288738535
curva_petroquim,1,2,0.120097484
curva_petroquim,1,3,0.422710065
curva_petroquim,1,4,0.084549897
curva_petroquim,1,5,0.083904018
curva_petroquim,2,1,0.288811956
curva_petroquim,2,2,0.123308811
curva_petroquim,2,3,0.418829946
curva_petroquim,2,4,0.085490497
curva_petroquim,2,5,0.083558789
curva_petroquim,3,1,0.294708251
curva_petroquim,3,2,0.122821279
curva_petroquim,3,3,0.409946683
curva_petroquim,3,4,0.084677402
curva_petroquim,3,5,0.087846385
curva_petroquim,4,1,0.287690648
curva_petroquim,4,2,0.123936414
curva_petroquim,4,3,0.421370074
curva_petroquim,4,4,0.083836122
curva_petroquim,4,5,0.083166742
curva_petroquim,5,1,0.293358117
curva_petroquim,5,2,0.121255863
curva_petroquim,5,3,0.416004182
curva_petroquim,5,4,0.083448589
curva_petroquim,5,5,0.085933249
curva_petroquim,6,1,0.293675014
curva_petroquim,6,2,0.124377526
curva_petroquim,6,3,0.418201757
curva_petroquim,6,4,0.081356714
curva_petroquim,6,5,0.082388989
curva_petroquim,7,1,0.297863246
curva_petroquim,7,2,0.126525211
curva_petroquim,7,3,0.40808364
curva_petroquim,7,4,0.082795507
curva_petroquim,7,5,0.084732396
curva_petroquim,8,1,0.290856062
curva_petroquim,8,2,0.127025884
curva_petroquim,8,3,0.416392147
curva_petroquim,8,4,0.082020511
curva_petroquim,8,5,0.083705397
curva_petroquim,9,1,0.292076594
curva_petroquim,9,2,0.124025908
curva_petroquim,9,3,0.412021615
curva_petroquim,9,4,0.085431267
curva_petroquim,9,5,0.086444616
curva_petroquim,10,1,0.297657009
curva_petroquim,10,2,0.123223759
curva_petroquim,10,3,0.413841239
curva_petroquim,10,4,0.082341725
curva_petroquim,10,5,0.082936268
curva_petroquim,11,1,0.284701203
curva_petroquim,11,2,0.12095067
curva_petroquim,11,3,0.420229931
curva_petroquim,11,4,0.086811566
curva_petroquim,11,5,0.08730663
curva_petroquim,12,1,0.299674966
curva_petroquim,12,2,0.12263649
curva_petroquim,12,3,0.416370893
curva_petroquim,12,4,0.080250972
curva_petroquim,12,5,0.081066678
curva_residencial,1,1,0.302863428
curva_residencial,1,2,0.136894599
curva_residencial,1,3,0.381031147
curva_residencial,1,4,0.083908195
curva_residencial,1,5,0.095302632
curva_residencial,2,1,0.313659358
curva_residencial,2,2,0.131330023
curva_residencial,2,3,0.385492613
curva_residencial,2,4,0.093991205
curva_residencial,2,5,0.075526801
curva_residencial,3,1,0.296263152
curva_residencial,3,2,0.127425609
curva_residencial,3,3,0.40649018
curva_residencial,3,4,0.085186582
curva_residencial,3,5,0.084634478
curva_residencial,4,1,0.311216447
curva_residencial,4,2,0.122405059
curva_residencial,4,3,0.401360653
curva_residencial,4,4,0.080444085
curva_residencial,4,5,0.084573756
curva_residencial,5,1,0.300829353
curva_residencial,5,2,0.138399701
curva_residencial,5,3,0.386552282
curva_residencial,5,4,0.082062926
curva_residencial,5,5,0.092155738
curva_residencial,6,1,0.29224436
curva_residencial,6,2,0.1225773
curva_residencial,6,3,0.430993795
curva_residencial,6,4,0.068148629
curva_residencial,6,5,0.086035916
curva_residencial,7,1,0.305830464
curva_residencial,7,2,0.131632383
curva_residencial,7,3,0.396540989
curva_residencial,7,4,0.081010391
curva_residencial,7,5,0.084985774
curva_residencial,8,1,0.282975673
curva_residencial,8,2,0.140889565
curva_residencial,8,3,0.449218125
curva_residencial,8,4,0.065261317
curva_residencial,8,5,0.061655319
curva_residencial,9,1,0.282393334
curva_residencial,9,2,0.137982131
curva_residencial,9,3,0.433577823
curva_residencial,9,4,0.072536198
curva_residencial,9,5,0.073510513
curva_residencial,10,1,0.278589272
curva_residencial,10,2,0.137368956
curva_residencial,10,3,0.408748372
curva_residencial,10,4,0.087140325
curva_residencial,10,5,0.088153076
curva_residencial,11,1,0.273375988
curva_residencial,11,2,0.123710104
curva_residencial,11,3,0.443238792
curva_residencial,11,4,0.087212767
curva_residencial,11,5,0.072462349
curva_residencial,12,1,0.272452435
curva_residencial,12,2,0.127022399
curva_residencial,12,3,0.433780625
curva_residencial,12,4,0.080536379
curva_residencial,12,5,0.086208162
curva_siderurgia,1,1,0.225531915
curva_siderurgia,1,2,0.106382979
curva_siderurgia,1,3,0.434042553
curva_siderurgia,1,4,0.106382979
curva_siderurgia,1,5,0.127659574
curva_siderurgia,2,1,0.225531915
curva_siderurgia,2,2,0.106382979
curva_siderurgia,2,3,0.434042553
curva_siderurgia,2,4,0.106382979
curva_siderurgia,2,5,0.127659574
curva_siderurgia,3,1,0.225531915
curva_siderurgia,3,2,0.106382979
curva_siderurgia,3,3,0.434042553
curva_siderurgia,3,4,0.106382979
curva_siderurgia,3,5,0.127659574
curva_siderurgia,4,1,0.225531915
curva_siderurgia,4,2,0.106382979
curva_siderurgia,4,3,0.434042553
curva_siderurgia,4,4,0.106382979
curva_siderurgia,4,5,0.127659574
curva_siderurgia,5,1,0.225531915
curva_siderurgia,5,2,0.106382979
curva_siderurgia,5,3,0.434042553
curva_siderurgia,5,4,0.106382979
curva_siderurgia,5,5,0.127659574
curva_siderurgia,6,1,0.225531915
curva_siderurgia,6,2,0.106382979
curva_siderurgia,6,3,0.434042553
curva_siderurgia,6,4,0.106382979
curva_siderurgia,6,5,0.127659574
curva_siderurgia,7,1,0.225531915
curva_siderurgia,7,2,0.106382979
curva_siderurgia,7,3,0.434042553
curva_siderurgia,7,4,0.106382979
curva_siderurgia,7,5,0.127659574
curva_siderurgia,8,1,0.225531915
curva_siderurgia,8,2,0.106382979
curva_siderurgia,8,3,0.434042553
curva_siderurgia,8,4,0.106382979
curva_siderurgia,8,5,0.127659574
curva_siderurgia,9,1,0.225531915
curva_siderurgia,9,2,0.106382979
curva_siderurgia,9,3,0.434042553
curva_siderurgia,9,4,0.106382979
curva_siderurgia,9,5,0.127659574
curva_siderurgia,10,1,0.225531915
curva_siderurgia,10,2,0.106382979
curva_siderurgia,10,3,0.434042553
curva_siderurgia,10,4,0.106382979
curva_siderurgia,10,5,0.127659574
curva_siderurgia,11,1,0.225531915
curva_siderurgia,11,2,0.106382979
curva_siderurgia,11,3,0.434042553
curva_siderurgia,11,4,0.106382979
curva_siderurgia,11,5,0.127659574
curva_siderurgia,12,1,0.225531915
curva_siderurgia,12,2,0.106382979
curva_siderurgia,12,3,0.434042553
curva_siderurgia,12,4,0.106382979
curva_siderurgia,12,5,0.127659574
curva_veh,1,1,0.3858
curva_veh,1,2,0.1162
curva_veh,1,3,0.2661
curva_veh,1,4,0.1028
curva_veh,1,5,0.1291
curva_veh,2,1,0.3858
curva_veh,2,2,0.1162
curva_veh,2,3,0.2661
curva_veh,2,4,0.1028
curva_veh,2,5,0.1291
curva_veh,3,1,0.3858
curva_veh,3,2,0.1162
curva_veh,3,3,0.2661
curva_veh,3,4,0.1028
curva_veh,3,5,0.1291
curva_veh,4,1,0.3858
curva_veh,4,2,0.1162
curva_veh,4,3,0.2661
curva_veh,4,4,0.1028
curva_veh,4,5,0.1291
curva_veh,5,1,0.3858
curva_veh,5,2,0.1162
curva_veh,5,3,0.2661
curva_veh,5,4,0.1028
curva_veh,5,5,0.1291
curva_veh,6,1,0.3858
curva_veh,6,2,0.1162
curva_veh,6,3,0.2661
curva_veh,6,4,0.1028
curva_veh,6,5,0.1291
curva_veh,7,1,0.3858
curva_veh,7,2,0.1162
curva_veh,7,3,0.2661
curva_veh,7,4,0.1028
curva_veh,7,5,0.1291
curva_veh,8,1,0.3858
curva_veh,8,2,0.1162
curva_veh,8,3,0.2661
curva_veh,8,4,0.1028
curva_veh,8,5,0.1291
curva_veh,9,1,0.3858
curva_veh,9,2,0.1162
curva_veh,9,3,0.2661
curva_veh,9,4,0.1028
curva_veh,9,5,0.1291
curva_veh,10,1,0.3858
curva_veh,10,2,0.1162
curva_veh,10,3,0.2661
curva_veh,10,4,0.1028
curva_veh,10,5,0.1291
curva_veh,11,1,0.3858
curva_veh,11,2,0.1162
curva_veh,11,3,0.2661
curva_veh,11,4,0.1028
curva_veh,11,5,0.1291
curva_veh,12,1,0.3858
curva_veh,12,2,0.1162
curva_veh,12,3,0.2661
curva_veh,12,4,0.1028
curva_veh,12,5,0.1291
curva_bus,1,1,0.45
curva_bus,1,2,0.038
curva_bus,1,3,0.325
curva_bus,1,4,0.025
curva_bus,1,5,0.162
curva_bus,2,1,0.45
curva_bus,2,2,0.038
curva_bus,2,3,0.325
curva_bus,2,4,0.025
curva_bus,2,5,0.162
curva_bus,3,1,0.45
curva_bus,3,2,0.038
curva_bus,3,3,0.325
curva_bus,3,4,0.025
curva_bus,3,5,0.162
curva_bus,4,1,0.45
curva_bus,4,2,0.038
curva_bus,4,3,0.325
curva_bus,4,4,0.025
curva_bus,4,5,0.162
curva_bus,5,1,0.45
curva_bus,5,2,0.038
curva_bus,5,3,0.325
curva_bus,5,4,0.025
curva_bus,5,5,0.162
curva_bus,6,1,0.45
curva_bus,6,2,0.038
curva_bus,6,3,0.325
curva_bus,6,4,0.025
curva_bus,6,5,0.162
curva_bus,7,1,0.45
curva_bus,7,2,0.038
curva_bus,7,3,0.325
curva_bus,7,4,0.025
curva_bus,7,5,0.162
curva_bus,8,1,0.45
curva_bus,8,2,0.038
curva_bus,8,3,0.325
curva_bus,8,4,0.025
curva_bus,8,5,0.162
curva_bus,9,1,0.45
curva_bus,9,2,0.038
curva_bus,9,3,0.325
curva_bus,9,4,0.025
curva_bus,9,5,0.162
curva_bus,10,1,0.45
curva_bus,10,2,0.038
curva_bus,10,3,0.325
curva_bus,10,4,0.025
curva_bus,10,5,0.162
curva_bus,11,1,0.45
curva_bus,11,2,0.038
curva_bus,11,3,0.325
curva_bus,11,4,0.025
curva_bus,11,5,0.162
curva_bus,12,1,0.45
curva_bus,12,2,0.038
curva_bus,12,3,0.325
curva_bus,12,4,0.025
curva_bus,12,5,0.162
curva_tren,1,1,0.0
curva_tren,1,2,0.2
curva_tren,1,3,0.48
curva_tren,1,4,0.13
curva_tren,1,5,0.19
curva_tren,2,1,0.0
curva_tren,2,2,0.2
curva_tren,2,3,0.48
curva_tren,2,4,0.13
curva_tren,2,5,0.19
curva_tren,3,1,0.0
curva_tren,3,2,0.2
curva_tren,3,3,0.48
curva_tren,3,4,0.13
curva_tren,3,5,0.19
curva_tren,4,1,0.0
curva_tren,4,2,0.2
curva_tren,4,3,0.48
curva_tren,4,4,0.13
curva_tren,4,5,0.19
curva_tren,5,1,0.0
curva_tren,5,2,0.2
curva_tren,5,3,0.48
curva_tren,5,4,0.13
curva_tren,5,5,0.19
curva_tren,6,1,0.0
curva_tren,6,2,0.2
curva_tren,6,3,0.48
curva_tren,6,4,0.13
curva_tren,6,5,0.19
curva_tren,7,1,0.0
curva_tren,7,2,0.2
curva_tren,7,3,0.48
curva_tren,7,4,0.13
curva_tren,7,5,0.19
curva_tren,8,1,0.0
curva_tren,8,2,0.2
curva_tren,8,3,0.48
curva_tren,8,4,0.13
curva_tren,8,5,0.19
curva_tren,9,1,0.0
curva_tren,9,2,0.2
curva_tren,9,3,0.48
curva_tren,9,4,0.13
curva_tren,9,5,0.19
curva_tren,10,1,0.0
curva_tren,10,2,0.2
curva_tren,10,3,0.48
curva_tren,10,4,0.13
curva_tren,10,5,0.19
curva_tren,11,1,0.0
curva_tren,11,2,0.2
curva_tren,11,3,0.48
curva_tren,11,4,0.13
curva_tren,11,5,0.19
curva_tren,12,1,0.0
curva_tren,12,2,0.2
curva_tren,12,3,0.48
curva_tren,12,4,0.13
curva_tren,12,5,0.19
curva_industrial,1,1,0.225531915
curva_industrial,1,2,0.106382979
curva_industrial,1,3,0.434042553
curva_industrial,1,4,0.106382979
curva_industrial,1,5,0.127659574
curva_industrial,2,1,0.225531915
curva_industrial,2,2,0.106382979
curva_industrial,2,3,0.434042553
curva_industrial,2,4,0.106382979
curva_industrial,2,5,0.127659574
curva_industrial,3,1,0.225531915
curva_industrial,3,2,0.106382979
curva_industrial,3,3,0.434042553
curva_industrial,3,4,0.106382979
curva_industrial,3,5,0.127659574
curva_industrial,4,1,0.225531915
curva_industrial,4,2,0.106382979
curva_industrial,4,3,0.434042553
curva_industrial,4,4,0.106382979
curva_industrial,4,5,0.127659574
curva_industrial,5,1,0.225531915
curva_industrial,5,2,0.106382979
curva_industrial,5,3,0.434042553
curva_industrial,5,4,0.106382979
curva_industrial,5,5,0.127659574
curva_industrial,6,1,0.225531915
curva_industrial,6,2,0.106382979
curva_industrial,6,3,0.434042553
curva_industrial,6,4,0.106382979
curva_industrial,6,5,0.127659574
curva_industrial,7,1,0.225531915
curva_industrial,7,2,0.106382979
curva_industrial,7,3,0.434042553
curva_industrial,7,4,0.106382979
curva_industrial,7,5,0.127659574
curva_industrial,8,1,0.225531915
curva_industrial,8,2,0.106382979
curva_industrial,8,3,0.434042553
curva_industrial,8,4,0.106382979
curva_industrial,8,5,0.127659574
curva_industrial,9,1,0.225531915
curva_industrial,9,2,0.106382979
curva_industrial,9,3,0.434042553
curva_industrial,9,4,0.106382979
curva_industrial,9,5,0.127659574
curva_industrial,10,1,0.225531915
curva_industrial,10,2,0.106382979
curva_industrial,10,3,0.434042553
curva_industrial,10,4,0.106382979
curva_industrial,10,5,0.127659574
curva_industrial,11,1,0.225531915
curva_industrial,11,2,0.106382979
curva_industrial,11,3,0.434042553
curva_industrial,11,4,0.106382979
curva_industrial,11,5,0.127659574
curva_industrial,12,1,0.225531915
curva_industrial,12,2,0.106382979
curva_industrial,12,3,0.434042553
curva_industrial,12,4,0.106382979
curva_industrial,12,5,0.127659574
