Proceso,Barra,Participacion,Perdidas
RES_XV_calef_electricidad,SING,1.0,0.05
RES_XV_refrigeracion,SING,1.0,0.05
RES_XV_iluminacion,SING,1.0,0.05
RES_XV_otros_electricos,SING,1.0,0.05
RES_XV_enfriamiento,SING,1.0,0.05
RES_I_coc_electricidad,SING,1.0,0.05
RES_I_refrigeracion,SING,1.0,0.05
RES_I_iluminacion,SING,1.0,0.05
RES_I_otros_electricos,SING,1.0,0.05
RES_I_enfriamiento,SING,1.0,0.05
RES_II_coc_electricidad,SING,1.0,0.05
RES_II_refrigeracion,SING,1.0,0.05
RES_II_iluminacion,SING,1.0,0.05
RES_II_otros_electricos,SING,1.0,0.05
RES_II_enfriamiento,SING,1.0,0.05
RES_III_coc_electricidad,II-III,1.0,0.05
RES_III_refrigeracion,II-III,1.0,0.05
RES_III_iluminacion,II-III,1.0,0.05
RES_III_otros_electricos,II-III,1.0,0.05
RES_III_enfriamiento,II-III,1.0,0.05
RES_IV_coc_electricidad,IV,1.0,0.05
RES_IV_refrigeracion,IV,1.0,0.05
RES_IV_iluminacion,IV,1.0,0.05
RES_IV_otros_electricos,IV,1.0,0.05
RES_IV_enfriamiento,IV,1.0,0.05
RES_V_calef_electricidad,V,1.0,0.05
RES_V_coc_electricidad,V,1.0,0.05
RES_V_refrigeracion,V,1.0,0.05
RES_V_iluminacion,V,1.0,0.05
RES_V_otros_electricos,V,1.0,0.05
RES_V_enfriamiento,V,1.0,0.05
RES_RM_calef_biomasa_electricidad,XIII,1.0,0.05
RES_RM_calef_electricidad,XIII,1.0,0.05
RES_RM_coc_electricidad,XIII,1.0,0.05
RES_RM_coc_gas_licuado_electricidad,XIII,1.0,0.05
RES_RM_refrigeracion,XIII,1.0,0.05
RES_RM_iluminacion,XIII,1.0,0.05
RES_RM_otros_electricos,XIII,1.0,0.05
RES_RM_enfriamiento,XIII,1.0,0.05
RES_VI_calef_electricidad,VI,1.0,0.05
RES_VI_refrigeracion,VI,1.0,0.05
RES_VI_iluminacion,VI,1.0,0.05
RES_VI_otros_electricos,VI,1.0,0.05
RES_VI_enfriamiento,VI,1.0,0.05
RES_VII_calef_electricidad,VII,1.0,0.05
RES_VII_refrigeracion,VII,1.0,0.05
RES_VII_iluminacion,VII,1.0,0.05
RES_VII_otros_electricos,VII,1.0,0.05
RES_VII_enfriamiento,VII,1.0,0.05
RES_VIII_calef_electricidad,VIII,1.0,0.05
RES_VIII_refrigeracion,VIII,1.0,0.05
RES_VIII_iluminacion,VIII,1.0,0.05
RES_VIII_otros_electricos,VIII,1.0,0.05
RES_VIII_enfriamiento,VIII,1.0,0.05
RES_IX_coc_electricidad,VIII,1.0,0.05
RES_IX_refrigeracion,VIII,1.0,0.05
RES_IX_iluminacion,VIII,1.0,0.05
RES_IX_otros_electricos,VIII,1.0,0.05
RES_XIV_calef_electricidad,X-XIV,1.0,0.05
RES_XIV_refrigeracion,X-XIV,1.0,0.05
RES_XIV_iluminacion,X-XIV,1.0,0.05
RES_XIV_otros_electricos,X-XIV,1.0,0.05
RES_XIV_enfriamiento,X-XIV,1.0,0.05
RES_X_calef_electricidad,X-XIV,1.0,0.05
RES_X_refrigeracion,X-XIV,1.0,0.05
RES_X_iluminacion,X-XIV,1.0,0.05
RES_X_otros_electricos,X-XIV,1.0,0.05
RES_X_enfriamiento,X-XIV,1.0,0.05
COM_electricidad,II-III,0.015583660958367879,0.05
COM_electricidad,SING,0.053404738496189416,0.05
COM_electricidad,IV,0.023175704623802865,0.05
COM_electricidad,V,0.07634976398534372,0.05
COM_electricidad,XIII,0.588657875850933,0.05
COM_electricidad,VI,0.033296318263296036,0.05
COM_electricidad,VII,0.03234174225451639,0.05
COM_electricidad,VIII,0.08053985905304076,0.05
COM_electricidad,X-XIV,0.08211469047740236,0.05
PUB_electricidad,II-III,0.01814394084123788,0.05
PUB_electricidad,SING,0.04735699262013847,0.05
PUB_electricidad,IV,0.03288328184829056,0.05
PUB_electricidad,V,0.14139532757210435,0.05
PUB_electricidad,XIII,0.5029947265833464,0.05
PUB_electricidad,VI,0.045712744836259075,0.05
PUB_electricidad,VII,0.049847777239072535,0.05
PUB_electricidad,VIII,0.13393652555100424,0.05
PUB_electricidad,X-XIV,0.014922034229301748,0.05
I_AZU_electricidad,II-III,0.0,0.0
I_AZU_electricidad,IV,0.0,0.0
I_AZU_electricidad,SING,0.0,0.0
I_AZU_electricidad,V,0.0,0.0
I_AZU_electricidad,VI,0.0,0.0
I_AZU_electricidad,VII,0.09596673424778583,0.0
I_AZU_electricidad,VIII,0.6960616905367507,0.0
I_AZU_electricidad,XIII,0.20492326832255728,0.0
I_AZU_electricidad,X-XIV,0.0030483068929060423,0.0
I_AZU_motriz_electricidad,II-III,0.0,0.0
I_AZU_motriz_electricidad,IV,0.0,0.0
I_AZU_motriz_electricidad,SING,0.0,0.0
I_AZU_motriz_electricidad,V,0.0,0.0
I_AZU_motriz_electricidad,VI,0.0,0.0
I_AZU_motriz_electricidad,VII,0.09596673424778583,0.0
I_AZU_motriz_electricidad,VIII,0.6960616905367507,0.0
I_AZU_motriz_electricidad,XIII,0.20492326832255728,0.0
I_AZU_motriz_electricidad,X-XIV,0.0030483068929060423,0.0
I_AZU_nuevo_electricidad,II-III,0.0,0.0
I_AZU_nuevo_electricidad,IV,0.0,0.0
I_AZU_nuevo_electricidad,SING,0.0,0.0
I_AZU_nuevo_electricidad,V,0.0,0.0
I_AZU_nuevo_electricidad,VI,0.0,0.0
I_AZU_nuevo_electricidad,VII,0.09596673424778583,0.0
I_AZU_nuevo_electricidad,VIII,0.6960616905367507,0.0
I_AZU_nuevo_electricidad,XIII,0.20492326832255728,0.0
I_AZU_nuevo_electricidad,X-XIV,0.0030483068929060423,0.0
I_AZU_nuevo_motriz_electricidad_norm,II-III,0.0,0.0
I_AZU_nuevo_motriz_electricidad_norm,IV,0.0,0.0
I_AZU_nuevo_motriz_electricidad_norm,SING,0.0,0.0
I_AZU_nuevo_motriz_electricidad_norm,V,0.0,0.0
I_AZU_nuevo_motriz_electricidad_norm,VI,0.0,0.0
I_AZU_nuevo_motriz_electricidad_norm,VII,0.09596673424778583,0.0
I_AZU_nuevo_motriz_electricidad_norm,VIII,0.6960616905367507,0.0
I_AZU_nuevo_motriz_electricidad_norm,XIII,0.20492326832255728,0.0
I_AZU_nuevo_motriz_electricidad_norm,X-XIV,0.0030483068929060423,0.0
I_AZU_nuevo_motriz_electricidad_prem,II-III,0.0,0.0
I_AZU_nuevo_motriz_electricidad_prem,IV,0.0,0.0
I_AZU_nuevo_motriz_electricidad_prem,SING,0.0,0.0
I_AZU_nuevo_motriz_electricidad_prem,V,0.0,0.0
I_AZU_nuevo_motriz_electricidad_prem,VI,0.0,0.0
I_AZU_nuevo_motriz_electricidad_prem,VII,0.09596673424778583,0.0
I_AZU_nuevo_motriz_electricidad_prem,VIII,0.6960616905367507,0.0
I_AZU_nuevo_motriz_electricidad_prem,XIII,0.20492326832255728,0.0
I_AZU_nuevo_motriz_electricidad_prem,X-XIV,0.0030483068929060423,0.0
I_CEL_calor_electricidad,II-III,0.0,0.0
I_CEL_calor_electricidad,IV,0.0,0.0
I_CEL_calor_electricidad,SING,0.0,0.0
I_CEL_calor_electricidad,V,9.551812819093703e-05,0.0
I_CEL_calor_electricidad,VI,0.00976571136818671,0.0
I_CEL_calor_electricidad,VII,0.13556481085468772,0.0
I_CEL_calor_electricidad,VIII,0.6672306706129442,0.0
I_CEL_calor_electricidad,XIII,0.08713088194054722,0.0
I_CEL_calor_electricidad,X-XIV,0.1002124070954434,0.0
I_CEL_electricidad,II-III,0.0,0.0
I_CEL_electricidad,IV,0.0,0.0
I_CEL_electricidad,SING,0.0,0.0
I_CEL_electricidad,V,9.551812819093703e-05,0.0
I_CEL_electricidad,VI,0.00976571136818671,0.0
I_CEL_electricidad,VII,0.13556481085468772,0.0
I_CEL_electricidad,VIII,0.6672306706129442,0.0
I_CEL_electricidad,XIII,0.08713088194054722,0.0
I_CEL_electricidad,X-XIV,0.1002124070954434,0.0
I_CEL_impuesto_calor_electricidad,II-III,0.0,0.0
I_CEL_impuesto_calor_electricidad,IV,0.0,0.0
I_CEL_impuesto_calor_electricidad,SING,0.0,0.0
I_CEL_impuesto_calor_electricidad,V,9.551812819093703e-05,0.0
I_CEL_impuesto_calor_electricidad,VI,0.00976571136818671,0.0
I_CEL_impuesto_calor_electricidad,VII,0.13556481085468772,0.0
I_CEL_impuesto_calor_electricidad,VIII,0.6672306706129442,0.0
I_CEL_impuesto_calor_electricidad,XIII,0.08713088194054722,0.0
I_CEL_impuesto_calor_electricidad,X-XIV,0.1002124070954434,0.0
I_CEL_impuesto_electricidad,II-III,0.0,0.0
I_CEL_impuesto_electricidad,IV,0.0,0.0
I_CEL_impuesto_electricidad,SING,0.0,0.0
I_CEL_impuesto_electricidad,V,9.551812819093703e-05,0.0
I_CEL_impuesto_electricidad,VI,0.00976571136818671,0.0
I_CEL_impuesto_electricidad,VII,0.13556481085468772,0.0
I_CEL_impuesto_electricidad,VIII,0.6672306706129442,0.0
I_CEL_impuesto_electricidad,XIII,0.08713088194054722,0.0
I_CEL_impuesto_electricidad,X-XIV,0.1002124070954434,0.0
I_CEL_impuesto_motriz_electricidad,II-III,0.0,0.0
I_CEL_impuesto_motriz_electricidad,IV,0.0,0.0
I_CEL_impuesto_motriz_electricidad,SING,0.0,0.0
I_CEL_impuesto_motriz_electricidad,V,9.551812819093703e-05,0.0
I_CEL_impuesto_motriz_electricidad,VI,0.00976571136818671,0.0
I_CEL_impuesto_motriz_electricidad,VII,0.13556481085468772,0.0
I_CEL_impuesto_motriz_electricidad,VIII,0.6672306706129442,0.0
I_CEL_impuesto_motriz_electricidad,XIII,0.08713088194054722,0.0
I_CEL_impuesto_motriz_electricidad,X-XIV,0.1002124070954434,0.0
I_CEL_motriz_electricidad,II-III,0.0,0.0
I_CEL_motriz_electricidad,IV,0.0,0.0
I_CEL_motriz_electricidad,SING,0.0,0.0
I_CEL_motriz_electricidad,V,9.551812819093703e-05,0.0
I_CEL_motriz_electricidad,VI,0.00976571136818671,0.0
I_CEL_motriz_electricidad,VII,0.13556481085468772,0.0
I_CEL_motriz_electricidad,VIII,0.6672306706129442,0.0
I_CEL_motriz_electricidad,XIII,0.08713088194054722,0.0
I_CEL_motriz_electricidad,X-XIV,0.1002124070954434,0.0
I_CEL_nuevo_calor_electricidad,II-III,0.0,0.0
I_CEL_nuevo_calor_electricidad,IV,0.0,0.0
I_CEL_nuevo_calor_electricidad,SING,0.0,0.0
I_CEL_nuevo_calor_electricidad,V,9.551812819093703e-05,0.0
I_CEL_nuevo_calor_electricidad,VI,0.00976571136818671,0.0
I_CEL_nuevo_calor_electricidad,VII,0.13556481085468772,0.0
I_CEL_nuevo_calor_electricidad,VIII,0.6672306706129442,0.0
I_CEL_nuevo_calor_electricidad,XIII,0.08713088194054722,0.0
I_CEL_nuevo_calor_electricidad,X-XIV,0.1002124070954434,0.0
I_CEL_nuevo_electricidad,II-III,0.0,0.0
I_CEL_nuevo_electricidad,IV,0.0,0.0
I_CEL_nuevo_electricidad,SING,0.0,0.0
I_CEL_nuevo_electricidad,V,9.551812819093703e-05,0.0
I_CEL_nuevo_electricidad,VI,0.00976571136818671,0.0
I_CEL_nuevo_electricidad,VII,0.13556481085468772,0.0
I_CEL_nuevo_electricidad,VIII,0.6672306706129442,0.0
I_CEL_nuevo_electricidad,XIII,0.08713088194054722,0.0
I_CEL_nuevo_electricidad,X-XIV,0.1002124070954434,0.0
I_CEL_nuevo_motriz_electricidad_norm,II-III,0.0,0.0
I_CEL_nuevo_motriz_electricidad_norm,IV,0.0,0.0
I_CEL_nuevo_motriz_electricidad_norm,SING,0.0,0.0
I_CEL_nuevo_motriz_electricidad_norm,V,9.551812819093703e-05,0.0
I_CEL_nuevo_motriz_electricidad_norm,VI,0.00976571136818671,0.0
I_CEL_nuevo_motriz_electricidad_norm,VII,0.13556481085468772,0.0
I_CEL_nuevo_motriz_electricidad_norm,VIII,0.6672306706129442,0.0
I_CEL_nuevo_motriz_electricidad_norm,XIII,0.08713088194054722,0.0
I_CEL_nuevo_motriz_electricidad_norm,X-XIV,0.1002124070954434,0.0
I_CEL_nuevo_motriz_electricidad_prem,II-III,0.0,0.0
I_CEL_nuevo_motriz_electricidad_prem,IV,0.0,0.0
I_CEL_nuevo_motriz_electricidad_prem,SING,0.0,0.0
I_CEL_nuevo_motriz_electricidad_prem,V,9.551812819093703e-05,0.0
I_CEL_nuevo_motriz_electricidad_prem,VI,0.00976571136818671,0.0
I_CEL_nuevo_motriz_electricidad_prem,VII,0.13556481085468772,0.0
I_CEL_nuevo_motriz_electricidad_prem,VIII,0.6672306706129442,0.0
I_CEL_nuevo_motriz_electricidad_prem,XIII,0.08713088194054722,0.0
I_CEL_nuevo_motriz_electricidad_prem,X-XIV,0.1002124070954434,0.0
I_CEM_calor_electricidad,II-III,0.0,0.0
I_CEM_calor_electricidad,IV,0.0,0.0
I_CEM_calor_electricidad,SING,0.1209341826002123,0.0
I_CEM_calor_electricidad,V,0.2820116416315517,0.0
I_CEM_calor_electricidad,VI,0.0,0.0
I_CEM_calor_electricidad,VII,0.1298802045755818,0.0
I_CEM_calor_electricidad,VIII,0.12824406707867697,0.0
I_CEM_calor_electricidad,XIII,0.3077127864191227,0.0
I_CEM_calor_electricidad,X-XIV,0.031217117694854617,0.0
I_CEM_electricidad,II-III,0.0,0.0
I_CEM_electricidad,IV,0.0,0.0
I_CEM_electricidad,SING,0.1209341826002123,0.0
I_CEM_electricidad,V,0.2820116416315517,0.0
I_CEM_electricidad,VI,0.0,0.0
I_CEM_electricidad,VII,0.1298802045755818,0.0
I_CEM_electricidad,VIII,0.12824406707867697,0.0
I_CEM_electricidad,XIII,0.3077127864191227,0.0
I_CEM_electricidad,X-XIV,0.031217117694854617,0.0
I_CEM_motriz_electricidad,II-III,0.0,0.0
I_CEM_motriz_electricidad,IV,0.0,0.0
I_CEM_motriz_electricidad,SING,0.1209341826002123,0.0
I_CEM_motriz_electricidad,V,0.2820116416315517,0.0
I_CEM_motriz_electricidad,VI,0.0,0.0
I_CEM_motriz_electricidad,VII,0.1298802045755818,0.0
I_CEM_motriz_electricidad,VIII,0.12824406707867697,0.0
I_CEM_motriz_electricidad,XIII,0.3077127864191227,0.0
I_CEM_motriz_electricidad,X-XIV,0.031217117694854617,0.0
I_CEM_nuevo_electricidad,II-III,0.0,0.0
I_CEM_nuevo_electricidad,IV,0.0,0.0
I_CEM_nuevo_electricidad,SING,0.1209341826002123,0.0
I_CEM_nuevo_electricidad,V,0.2820116416315517,0.0
I_CEM_nuevo_electricidad,VI,0.0,0.0
I_CEM_nuevo_electricidad,VII,0.1298802045755818,0.0
I_CEM_nuevo_electricidad,VIII,0.12824406707867697,0.0
I_CEM_nuevo_electricidad,XIII,0.3077127864191227,0.0
I_CEM_nuevo_electricidad,X-XIV,0.031217117694854617,0.0
I_CEM_nuevo_motriz_electricidad_norm,II-III,0.0,0.0
I_CEM_nuevo_motriz_electricidad_norm,IV,0.0,0.0
I_CEM_nuevo_motriz_electricidad_norm,SING,0.1209341826002123,0.0
I_CEM_nuevo_motriz_electricidad_norm,V,0.2820116416315517,0.0
I_CEM_nuevo_motriz_electricidad_norm,VI,0.0,0.0
I_CEM_nuevo_motriz_electricidad_norm,VII,0.1298802045755818,0.0
I_CEM_nuevo_motriz_electricidad_norm,VIII,0.12824406707867697,0.0
I_CEM_nuevo_motriz_electricidad_norm,XIII,0.3077127864191227,0.0
I_CEM_nuevo_motriz_electricidad_norm,X-XIV,0.031217117694854617,0.0
I_CEM_nuevo_motriz_electricidad_prem,II-III,0.0,0.0
I_CEM_nuevo_motriz_electricidad_prem,IV,0.0,0.0
I_CEM_nuevo_motriz_electricidad_prem,SING,0.1209341826002123,0.0
I_CEM_nuevo_motriz_electricidad_prem,V,0.2820116416315517,0.0
I_CEM_nuevo_motriz_electricidad_prem,VI,0.0,0.0
I_CEM_nuevo_motriz_electricidad_prem,VII,0.1298802045755818,0.0
I_CEM_nuevo_motriz_electricidad_prem,VIII,0.12824406707867697,0.0
I_CEM_nuevo_motriz_electricidad_prem,XIII,0.3077127864191227,0.0
I_CEM_nuevo_motriz_electricidad_prem,X-XIV,0.031217117694854617,0.0
I_COB_calor_electricidad,II-III,0.11041894282381826,0.0
I_COB_calor_electricidad,IV,0.0793200838559416,0.0
I_COB_calor_electricidad,SING,0.5696432937059425,0.0
I_COB_calor_electricidad,V,0.07288044312205225,0.0
I_COB_calor_electricidad,VI,0.09620629011132595,0.0
I_COB_calor_electricidad,VII,0.0,0.0
I_COB_calor_electricidad,VIII,0.0,0.0
I_COB_calor_electricidad,XIII,0.07153094638091947,0.0
I_COB_calor_electricidad,X-XIV,0.0,0.0
I_COB_electricidad,II-III,0.11041894282381826,0.0
I_COB_electricidad,IV,0.0793200838559416,0.0
I_COB_electricidad,SING,0.5696432937059425,0.0
I_COB_electricidad,V,0.07288044312205225,0.0
I_COB_electricidad,VI,0.09620629011132595,0.0
I_COB_electricidad,VII,0.0,0.0
I_COB_electricidad,VIII,0.0,0.0
I_COB_electricidad,XIII,0.07153094638091947,0.0
I_COB_electricidad,X-XIV,0.0,0.0
I_COB_impuesto_calor_electricidad,II-III,0.11041894282381826,0.0
I_COB_impuesto_calor_electricidad,IV,0.0793200838559416,0.0
I_COB_impuesto_calor_electricidad,SING,0.5696432937059425,0.0
I_COB_impuesto_calor_electricidad,V,0.07288044312205225,0.0
I_COB_impuesto_calor_electricidad,VI,0.09620629011132595,0.0
I_COB_impuesto_calor_electricidad,VII,0.0,0.0
I_COB_impuesto_calor_electricidad,VIII,0.0,0.0
I_COB_impuesto_calor_electricidad,XIII,0.07153094638091947,0.0
I_COB_impuesto_calor_electricidad,X-XIV,0.0,0.0
I_COB_impuesto_electricidad,II-III,0.11041894282381826,0.0
I_COB_impuesto_electricidad,IV,0.0793200838559416,0.0
I_COB_impuesto_electricidad,SING,0.5696432937059425,0.0
I_COB_impuesto_electricidad,V,0.07288044312205225,0.0
I_COB_impuesto_electricidad,VI,0.09620629011132595,0.0
I_COB_impuesto_electricidad,VII,0.0,0.0
I_COB_impuesto_electricidad,VIII,0.0,0.0
I_COB_impuesto_electricidad,XIII,0.07153094638091947,0.0
I_COB_impuesto_electricidad,X-XIV,0.0,0.0
I_COB_impuesto_motriz_electricidad,II-III,0.11041894282381826,0.0
I_COB_impuesto_motriz_electricidad,IV,0.0793200838559416,0.0
I_COB_impuesto_motriz_electricidad,SING,0.5696432937059425,0.0
I_COB_impuesto_motriz_electricidad,V,0.07288044312205225,0.0
I_COB_impuesto_motriz_electricidad,VI,0.09620629011132595,0.0
I_COB_impuesto_motriz_electricidad,VII,0.0,0.0
I_COB_impuesto_motriz_electricidad,VIII,0.0,0.0
I_COB_impuesto_motriz_electricidad,XIII,0.07153094638091947,0.0
I_COB_impuesto_motriz_electricidad,X-XIV,0.0,0.0
I_COB_motriz_electricidad,II-III,0.11041894282381826,0.0
I_COB_motriz_electricidad,IV,0.0793200838559416,0.0
I_COB_motriz_electricidad,SING,0.5696432937059425,0.0
I_COB_motriz_electricidad,V,0.07288044312205225,0.0
I_COB_motriz_electricidad,VI,0.09620629011132595,0.0
I_COB_motriz_electricidad,VII,0.0,0.0
I_COB_motriz_electricidad,VIII,0.0,0.0
I_COB_motriz_electricidad,XIII,0.07153094638091947,0.0
I_COB_motriz_electricidad,X-XIV,0.0,0.0
I_COB_nuevo_calor_electricidad,II-III,0.11041894282381826,0.0
I_COB_nuevo_calor_electricidad,IV,0.0793200838559416,0.0
I_COB_nuevo_calor_electricidad,SING,0.5696432937059425,0.0
I_COB_nuevo_calor_electricidad,V,0.07288044312205225,0.0
I_COB_nuevo_calor_electricidad,VI,0.09620629011132595,0.0
I_COB_nuevo_calor_electricidad,VII,0.0,0.0
I_COB_nuevo_calor_electricidad,VIII,0.0,0.0
I_COB_nuevo_calor_electricidad,XIII,0.07153094638091947,0.0
I_COB_nuevo_calor_electricidad,X-XIV,0.0,0.0
I_COB_nuevo_electricidad,II-III,0.11041894282381826,0.0
I_COB_nuevo_electricidad,IV,0.0793200838559416,0.0
I_COB_nuevo_electricidad,SING,0.5696432937059425,0.0
I_COB_nuevo_electricidad,V,0.07288044312205225,0.0
I_COB_nuevo_electricidad,VI,0.09620629011132595,0.0
I_COB_nuevo_electricidad,VII,0.0,0.0
I_COB_nuevo_electricidad,VIII,0.0,0.0
I_COB_nuevo_electricidad,XIII,0.07153094638091947,0.0
I_COB_nuevo_electricidad,X-XIV,0.0,0.0
I_COB_nuevo_motriz_electricidad_norm,II-III,0.11041894282381826,0.0
I_COB_nuevo_motriz_electricidad_norm,IV,0.0793200838559416,0.0
I_COB_nuevo_motriz_electricidad_norm,SING,0.5696432937059425,0.0
I_COB_nuevo_motriz_electricidad_norm,V,0.07288044312205225,0.0
I_COB_nuevo_motriz_electricidad_norm,VI,0.09620629011132595,0.0
I_COB_nuevo_motriz_electricidad_norm,VII,0.0,0.0
I_COB_nuevo_motriz_electricidad_norm,VIII,0.0,0.0
I_COB_nuevo_motriz_electricidad_norm,XIII,0.07153094638091947,0.0
I_COB_nuevo_motriz_electricidad_norm,X-XIV,0.0,0.0
I_COB_nuevo_motriz_electricidad_prem,II-III,0.11041894282381826,0.0
I_COB_nuevo_motriz_electricidad_prem,IV,0.0793200838559416,0.0
I_COB_nuevo_motriz_electricidad_prem,SING,0.5696432937059425,0.0
I_COB_nuevo_motriz_electricidad_prem,V,0.07288044312205225,0.0
I_COB_nuevo_motriz_electricidad_prem,VI,0.09620629011132595,0.0
I_COB_nuevo_motriz_electricidad_prem,VII,0.0,0.0
I_COB_nuevo_motriz_electricidad_prem,VIII,0.0,0.0
I_COB_nuevo_motriz_electricidad_prem,XIII,0.07153094638091947,0.0
I_COB_nuevo_motriz_electricidad_prem,X-XIV,0.0,0.0
I_HIE_electricidad,II-III,0.896536404830699,0.0
I_HIE_electricidad,IV,0.10346359516930098,0.0
I_HIE_electricidad,SING,0.0,0.0
I_HIE_electricidad,V,0.0,0.0
I_HIE_electricidad,VI,0.0,0.0
I_HIE_electricidad,VII,0.0,0.0
I_HIE_electricidad,VIII,0.0,0.0
I_HIE_electricidad,XIII,0.0,0.0
I_HIE_electricidad,X-XIV,0.0,0.0
I_HIE_motriz_electricidad,II-III,0.896536404830699,0.0
I_HIE_motriz_electricidad,IV,0.10346359516930098,0.0
I_HIE_motriz_electricidad,SING,0.0,0.0
I_HIE_motriz_electricidad,V,0.0,0.0
I_HIE_motriz_electricidad,VI,0.0,0.0
I_HIE_motriz_electricidad,VII,0.0,0.0
I_HIE_motriz_electricidad,VIII,0.0,0.0
I_HIE_motriz_electricidad,XIII,0.0,0.0
I_HIE_motriz_electricidad,X-XIV,0.0,0.0
I_HIE_nuevo_electricidad,II-III,0.896536404830699,0.0
I_HIE_nuevo_electricidad,IV,0.10346359516930098,0.0
I_HIE_nuevo_electricidad,SING,0.0,0.0
I_HIE_nuevo_electricidad,V,0.0,0.0
I_HIE_nuevo_electricidad,VI,0.0,0.0
I_HIE_nuevo_electricidad,VII,0.0,0.0
I_HIE_nuevo_electricidad,VIII,0.0,0.0
I_HIE_nuevo_electricidad,XIII,0.0,0.0
I_HIE_nuevo_electricidad,X-XIV,0.0,0.0
I_HIE_nuevo_motriz_electricidad_norm,II-III,0.896536404830699,0.0
I_HIE_nuevo_motriz_electricidad_norm,IV,0.10346359516930098,0.0
I_HIE_nuevo_motriz_electricidad_norm,SING,0.0,0.0
I_HIE_nuevo_motriz_electricidad_norm,V,0.0,0.0
I_HIE_nuevo_motriz_electricidad_norm,VI,0.0,0.0
I_HIE_nuevo_motriz_electricidad_norm,VII,0.0,0.0
I_HIE_nuevo_motriz_electricidad_norm,VIII,0.0,0.0
I_HIE_nuevo_motriz_electricidad_norm,XIII,0.0,0.0
I_HIE_nuevo_motriz_electricidad_norm,X-XIV,0.0,0.0
I_HIE_nuevo_motriz_electricidad_prem,II-III,0.896536404830699,0.0
I_HIE_nuevo_motriz_electricidad_prem,IV,0.10346359516930098,0.0
I_HIE_nuevo_motriz_electricidad_prem,SING,0.0,0.0
I_HIE_nuevo_motriz_electricidad_prem,V,0.0,0.0
I_HIE_nuevo_motriz_electricidad_prem,VI,0.0,0.0
I_HIE_nuevo_motriz_electricidad_prem,VII,0.0,0.0
I_HIE_nuevo_motriz_electricidad_prem,VIII,0.0,0.0
I_HIE_nuevo_motriz_electricidad_prem,XIII,0.0,0.0
I_HIE_nuevo_motriz_electricidad_prem,X-XIV,0.0,0.0
I_IND_calor_electricidad,II-III,0.01272723779773246,0.0
I_IND_calor_electricidad,IV,0.019421761506331483,0.0
I_IND_calor_electricidad,SING,0.031241067965079868,0.0
I_IND_calor_electricidad,V,0.09061737121612709,0.0
I_IND_calor_electricidad,VI,0.05130087097903331,0.0
I_IND_calor_electricidad,VII,0.05295665170465819,0.0
I_IND_calor_electricidad,VIII,0.1343819767113017,0.0
I_IND_calor_electricidad,XIII,0.516527782031323,0.0
I_IND_calor_electricidad,X-XIV,0.08380285932334658,0.0
I_IND_electricidad,II-III,0.01272723779773246,0.0
I_IND_electricidad,IV,0.019421761506331483,0.0
I_IND_electricidad,SING,0.031241067965079868,0.0
I_IND_electricidad,V,0.09061737121612709,0.0
I_IND_electricidad,VI,0.05130087097903331,0.0
I_IND_electricidad,VII,0.05295665170465819,0.0
I_IND_electricidad,VIII,0.1343819767113017,0.0
I_IND_electricidad,XIII,0.516527782031323,0.0
I_IND_electricidad,X-XIV,0.08380285932334658,0.0
I_IND_impuesto_calor_electricidad,II-III,0.01272723779773246,0.0
I_IND_impuesto_calor_electricidad,IV,0.019421761506331483,0.0
I_IND_impuesto_calor_electricidad,SING,0.031241067965079868,0.0
I_IND_impuesto_calor_electricidad,V,0.09061737121612709,0.0
I_IND_impuesto_calor_electricidad,VI,0.05130087097903331,0.0
I_IND_impuesto_calor_electricidad,VII,0.05295665170465819,0.0
I_IND_impuesto_calor_electricidad,VIII,0.1343819767113017,0.0
I_IND_impuesto_calor_electricidad,XIII,0.516527782031323,0.0
I_IND_impuesto_calor_electricidad,X-XIV,0.08380285932334658,0.0
I_IND_impuesto_electricidad,II-III,0.01272723779773246,0.0
I_IND_impuesto_electricidad,IV,0.019421761506331483,0.0
I_IND_impuesto_electricidad,SING,0.031241067965079868,0.0
I_IND_impuesto_electricidad,V,0.09061737121612709,0.0
I_IND_impuesto_electricidad,VI,0.05130087097903331,0.0
I_IND_impuesto_electricidad,VII,0.05295665170465819,0.0
I_IND_impuesto_electricidad,VIII,0.1343819767113017,0.0
I_IND_impuesto_electricidad,XIII,0.516527782031323,0.0
I_IND_impuesto_electricidad,X-XIV,0.08380285932334658,0.0
I_IND_impuesto_motriz_electricidad,II-III,0.01272723779773246,0.0
I_IND_impuesto_motriz_electricidad,IV,0.019421761506331483,0.0
I_IND_impuesto_motriz_electricidad,SING,0.031241067965079868,0.0
I_IND_impuesto_motriz_electricidad,V,0.09061737121612709,0.0
I_IND_impuesto_motriz_electricidad,VI,0.05130087097903331,0.0
I_IND_impuesto_motriz_electricidad,VII,0.05295665170465819,0.0
I_IND_impuesto_motriz_electricidad,VIII,0.1343819767113017,0.0
I_IND_impuesto_motriz_electricidad,XIII,0.516527782031323,0.0
I_IND_impuesto_motriz_electricidad,X-XIV,0.08380285932334658,0.0
I_IND_motriz_electricidad,II-III,0.01272723779773246,0.0
I_IND_motriz_electricidad,IV,0.019421761506331483,0.0
I_IND_motriz_electricidad,SING,0.031241067965079868,0.0
I_IND_motriz_electricidad,V,0.09061737121612709,0.0
I_IND_motriz_electricidad,VI,0.05130087097903331,0.0
I_IND_motriz_electricidad,VII,0.05295665170465819,0.0
I_IND_motriz_electricidad,VIII,0.1343819767113017,0.0
I_IND_motriz_electricidad,XIII,0.516527782031323,0.0
I_IND_motriz_electricidad,X-XIV,0.08380285932334658,0.0
I_IND_nuevo_calor_electricidad,II-III,0.01272723779773246,0.0
I_IND_nuevo_calor_electricidad,IV,0.019421761506331483,0.0
I_IND_nuevo_calor_electricidad,SING,0.031241067965079868,0.0
I_IND_nuevo_calor_electricidad,V,0.09061737121612709,0.0
I_IND_nuevo_calor_electricidad,VI,0.05130087097903331,0.0
I_IND_nuevo_calor_electricidad,VII,0.05295665170465819,0.0
I_IND_nuevo_calor_electricidad,VIII,0.1343819767113017,0.0
I_IND_nuevo_calor_electricidad,XIII,0.516527782031323,0.0
I_IND_nuevo_calor_electricidad,X-XIV,0.08380285932334658,0.0
I_IND_nuevo_electricidad,II-III,0.01272723779773246,0.0
I_IND_nuevo_electricidad,IV,0.019421761506331483,0.0
I_IND_nuevo_electricidad,SING,0.031241067965079868,0.0
I_IND_nuevo_electricidad,V,0.09061737121612709,0.0
I_IND_nuevo_electricidad,VI,0.05130087097903331,0.0
I_IND_nuevo_electricidad,VII,0.05295665170465819,0.0
I_IND_nuevo_electricidad,VIII,0.1343819767113017,0.0
I_IND_nuevo_electricidad,XIII,0.516527782031323,0.0
I_IND_nuevo_electricidad,X-XIV,0.08380285932334658,0.0
I_IND_nuevo_motriz_electricidad_norm,II-III,0.01272723779773246,0.0
I_IND_nuevo_motriz_electricidad_norm,IV,0.019421761506331483,0.0
I_IND_nuevo_motriz_electricidad_norm,SING,0.031241067965079868,0.0
I_IND_nuevo_motriz_electricidad_norm,V,0.09061737121612709,0.0
I_IND_nuevo_motriz_electricidad_norm,VI,0.05130087097903331,0.0
I_IND_nuevo_motriz_electricidad_norm,VII,0.05295665170465819,0.0
I_IND_nuevo_motriz_electricidad_norm,VIII,0.1343819767113017,0.0
I_IND_nuevo_motriz_electricidad_norm,XIII,0.516527782031323,0.0
I_IND_nuevo_motriz_electricidad_norm,X-XIV,0.08380285932334658,0.0
I_IND_nuevo_motriz_electricidad_prem,II-III,0.01272723779773246,0.0
I_IND_nuevo_motriz_electricidad_prem,IV,0.019421761506331483,0.0
I_IND_nuevo_motriz_electricidad_prem,SING,0.031241067965079868,0.0
I_IND_nuevo_motriz_electricidad_prem,V,0.09061737121612709,0.0
I_IND_nuevo_motriz_electricidad_prem,VI,0.05130087097903331,0.0
I_IND_nuevo_motriz_electricidad_prem,VII,0.05295665170465819,0.0
I_IND_nuevo_motriz_electricidad_prem,VIII,0.1343819767113017,0.0
I_IND_nuevo_motriz_electricidad_prem,XIII,0.516527782031323,0.0
I_IND_nuevo_motriz_electricidad_prem,X-XIV,0.08380285932334658,0.0
I_MIN_calor_electricidad,II-III,0.05450496980279152,0.0
I_MIN_calor_electricidad,IV,0.038147630652290127,0.0
I_MIN_calor_electricidad,SING,0.36789060338456553,0.0
I_MIN_calor_electricidad,V,0.35262512969919985,0.0
I_MIN_calor_electricidad,VI,0.0,0.0
I_MIN_calor_electricidad,VII,0.0012191289163187337,0.0
I_MIN_calor_electricidad,VIII,2.2579235786448233e-05,0.0
I_MIN_calor_electricidad,XIII,0.14891945257118308,0.0
I_MIN_calor_electricidad,X-XIV,0.0,0.0
I_MIN_electricidad,II-III,0.05450496980279152,0.0
I_MIN_electricidad,IV,0.038147630652290127,0.0
I_MIN_electricidad,SING,0.36789060338456553,0.0
I_MIN_electricidad,V,0.35262512969919985,0.0
I_MIN_electricidad,VI,0.0,0.0
I_MIN_electricidad,VII,0.0012191289163187337,0.0
I_MIN_electricidad,VIII,2.2579235786448233e-05,0.0
I_MIN_electricidad,XIII,0.14891945257118308,0.0
I_MIN_electricidad,X-XIV,0.0,0.0
I_MIN_motriz_electricidad,II-III,0.05450496980279152,0.0
I_MIN_motriz_electricidad,IV,0.038147630652290127,0.0
I_MIN_motriz_electricidad,SING,0.36789060338456553,0.0
I_MIN_motriz_electricidad,V,0.35262512969919985,0.0
I_MIN_motriz_electricidad,VI,0.0,0.0
I_MIN_motriz_electricidad,VII,0.0012191289163187337,0.0
I_MIN_motriz_electricidad,VIII,2.2579235786448233e-05,0.0
I_MIN_motriz_electricidad,XIII,0.14891945257118308,0.0
I_MIN_motriz_electricidad,X-XIV,0.0,0.0
I_MIN_nuevo_calor_electricidad,II-III,0.05450496980279152,0.0
I_MIN_nuevo_calor_electricidad,IV,0.038147630652290127,0.0
I_MIN_nuevo_calor_electricidad,SING,0.36789060338456553,0.0
I_MIN_nuevo_calor_electricidad,V,0.35262512969919985,0.0
I_MIN_nuevo_calor_electricidad,VI,0.0,0.0
I_MIN_nuevo_calor_electricidad,VII,0.0012191289163187337,0.0
I_MIN_nuevo_calor_electricidad,VIII,2.2579235786448233e-05,0.0
I_MIN_nuevo_calor_electricidad,XIII,0.14891945257118308,0.0
I_MIN_nuevo_calor_electricidad,X-XIV,0.0,0.0
I_MIN_nuevo_electricidad,II-III,0.05450496980279152,0.0
I_MIN_nuevo_electricidad,IV,0.038147630652290127,0.0
I_MIN_nuevo_electricidad,SING,0.36789060338456553,0.0
I_MIN_nuevo_electricidad,V,0.35262512969919985,0.0
I_MIN_nuevo_electricidad,VI,0.0,0.0
I_MIN_nuevo_electricidad,VII,0.0012191289163187337,0.0
I_MIN_nuevo_electricidad,VIII,2.2579235786448233e-05,0.0
I_MIN_nuevo_electricidad,XIII,0.14891945257118308,0.0
I_MIN_nuevo_electricidad,X-XIV,0.0,0.0
I_MIN_nuevo_motriz_electricidad_norm,II-III,0.05450496980279152,0.0
I_MIN_nuevo_motriz_electricidad_norm,IV,0.038147630652290127,0.0
I_MIN_nuevo_motriz_electricidad_norm,SING,0.36789060338456553,0.0
I_MIN_nuevo_motriz_electricidad_norm,V,0.35262512969919985,0.0
I_MIN_nuevo_motriz_electricidad_norm,VI,0.0,0.0
I_MIN_nuevo_motriz_electricidad_norm,VII,0.0012191289163187337,0.0
I_MIN_nuevo_motriz_electricidad_norm,VIII,2.2579235786448233e-05,0.0
I_MIN_nuevo_motriz_electricidad_norm,XIII,0.14891945257118308,0.0
I_MIN_nuevo_motriz_electricidad_norm,X-XIV,0.0,0.0
I_MIN_nuevo_motriz_electricidad_prem,II-III,0.05450496980279152,0.0
I_MIN_nuevo_motriz_electricidad_prem,IV,0.038147630652290127,0.0
I_MIN_nuevo_motriz_electricidad_prem,SING,0.36789060338456553,0.0
I_MIN_nuevo_motriz_electricidad_prem,V,0.35262512969919985,0.0
I_MIN_nuevo_motriz_electricidad_prem,VI,0.0,0.0
I_MIN_nuevo_motriz_electricidad_prem,VII,0.0012191289163187337,0.0
I_MIN_nuevo_motriz_electricidad_prem,VIII,2.2579235786448233e-05,0.0
I_MIN_nuevo_motriz_electricidad_prem,XIII,0.14891945257118308,0.0
I_MIN_nuevo_motriz_electricidad_prem,X-XIV,0.0,0.0
I_PES_calor_electricidad,II-III,0.0,0.0
I_PES_calor_electricidad,IV,0.030161969987969744,0.0
I_PES_calor_electricidad,SING,0.22999178476781895,0.0
I_PES_calor_electricidad,V,0.0,0.0
I_PES_calor_electricidad,VI,0.2369086456670009,0.0
I_PES_calor_electricidad,VII,0.0,0.0
I_PES_calor_electricidad,VIII,0.2511721264039122,0.0
I_PES_calor_electricidad,XIII,0.0,0.0
I_PES_calor_electricidad,X-XIV,0.2416379983551014,0.0
I_PES_electricidad,II-III,0.0,0.0
I_PES_electricidad,IV,0.030161969987969744,0.0
I_PES_electricidad,SING,0.22999178476781895,0.0
I_PES_electricidad,V,0.0,0.0
I_PES_electricidad,VI,0.2369086456670009,0.0
I_PES_electricidad,VII,0.0,0.0
I_PES_electricidad,VIII,0.2511721264039122,0.0
I_PES_electricidad,XIII,0.0,0.0
I_PES_electricidad,X-XIV,0.2416379983551014,0.0
I_PES_impuesto_calor_electricidad,II-III,0.0,0.0
I_PES_impuesto_calor_electricidad,IV,0.030161969987969744,0.0
I_PES_impuesto_calor_electricidad,SING,0.22999178476781895,0.0
I_PES_impuesto_calor_electricidad,V,0.0,0.0
I_PES_impuesto_calor_electricidad,VI,0.2369086456670009,0.0
I_PES_impuesto_calor_electricidad,VII,0.0,0.0
I_PES_impuesto_calor_electricidad,VIII,0.2511721264039122,0.0
I_PES_impuesto_calor_electricidad,XIII,0.0,0.0
I_PES_impuesto_calor_electricidad,X-XIV,0.2416379983551014,0.0
I_PES_impuesto_electricidad,II-III,0.0,0.0
I_PES_impuesto_electricidad,IV,0.030161969987969744,0.0
I_PES_impuesto_electricidad,SING,0.22999178476781895,0.0
I_PES_impuesto_electricidad,V,0.0,0.0
I_PES_impuesto_electricidad,VI,0.2369086456670009,0.0
I_PES_impuesto_electricidad,VII,0.0,0.0
I_PES_impuesto_electricidad,VIII,0.2511721264039122,0.0
I_PES_impuesto_electricidad,XIII,0.0,0.0
I_PES_impuesto_electricidad,X-XIV,0.2416379983551014,0.0
I_PES_impuesto_motriz_electricidad,II-III,0.0,0.0
I_PES_impuesto_motriz_electricidad,IV,0.030161969987969744,0.0
I_PES_impuesto_motriz_electricidad,SING,0.22999178476781895,0.0
I_PES_impuesto_motriz_electricidad,V,0.0,0.0
I_PES_impuesto_motriz_electricidad,VI,0.2369086456670009,0.0
I_PES_impuesto_motriz_electricidad,VII,0.0,0.0
I_PES_impuesto_motriz_electricidad,VIII,0.2511721264039122,0.0
I_PES_impuesto_motriz_electricidad,XIII,0.0,0.0
I_PES_impuesto_motriz_electricidad,X-XIV,0.2416379983551014,0.0
I_PES_motriz_electricidad,II-III,0.0,0.0
I_PES_motriz_electricidad,IV,0.030161969987969744,0.0
I_PES_motriz_electricidad,SING,0.22999178476781895,0.0
I_PES_motriz_electricidad,V,0.0,0.0
I_PES_motriz_electricidad,VI,0.2369086456670009,0.0
I_PES_motriz_electricidad,VII,0.0,0.0
I_PES_motriz_electricidad,VIII,0.2511721264039122,0.0
I_PES_motriz_electricidad,XIII,0.0,0.0
I_PES_motriz_electricidad,X-XIV,0.2416379983551014,0.0
I_PES_nuevo_calor_electricidad,II-III,0.0,0.0
I_PES_nuevo_calor_electricidad,IV,0.030161969987969744,0.0
I_PES_nuevo_calor_electricidad,SING,0.22999178476781895,0.0
I_PES_nuevo_calor_electricidad,V,0.0,0.0
I_PES_nuevo_calor_electricidad,VI,0.2369086456670009,0.0
I_PES_nuevo_calor_electricidad,VII,0.0,0.0
I_PES_nuevo_calor_electricidad,VIII,0.2511721264039122,0.0
I_PES_nuevo_calor_electricidad,XIII,0.0,0.0
I_PES_nuevo_calor_electricidad,X-XIV,0.2416379983551014,0.0
I_PES_nuevo_electricidad,II-III,0.0,0.0
I_PES_nuevo_electricidad,IV,0.030161969987969744,0.0
I_PES_nuevo_electricidad,SING,0.22999178476781895,0.0
I_PES_nuevo_electricidad,V,0.0,0.0
I_PES_nuevo_electricidad,VI,0.2369086456670009,0.0
I_PES_nuevo_electricidad,VII,0.0,0.0
I_PES_nuevo_electricidad,VIII,0.2511721264039122,0.0
I_PES_nuevo_electricidad,XIII,0.0,0.0
I_PES_nuevo_electricidad,X-XIV,0.2416379983551014,0.0
I_PES_nuevo_motriz_electricidad_norm,II-III,0.0,0.0
I_PES_nuevo_motriz_electricidad_norm,IV,0.030161969987969744,0.0
I_PES_nuevo_motriz_electricidad_norm,SING,0.22999178476781895,0.0
I_PES_nuevo_motriz_electricidad_norm,V,0.0,0.0
I_PES_nuevo_motriz_electricidad_norm,VI,0.2369086456670009,0.0
I_PES_nuevo_motriz_electricidad_norm,VII,0.0,0.0
I_PES_nuevo_motriz_electricidad_norm,VIII,0.2511721264039122,0.0
I_PES_nuevo_motriz_electricidad_norm,XIII,0.0,0.0
I_PES_nuevo_motriz_electricidad_norm,X-XIV,0.2416379983551014,0.0
I_PES_nuevo_motriz_electricidad_prem,II-III,0.0,0.0
I_PES_nuevo_motriz_electricidad_prem,IV,0.030161969987969744,0.0
I_PES_nuevo_motriz_electricidad_prem,SING,0.22999178476781895,0.0
I_PES_nuevo_motriz_electricidad_prem,V,0.0,0.0
I_PES_nuevo_motriz_electricidad_prem,VI,0.2369086456670009,0.0
I_PES_nuevo_motriz_electricidad_prem,VII,0.0,0.0
I_PES_nuevo_motriz_electricidad_prem,VIII,0.2511721264039122,0.0
I_PES_nuevo_motriz_electricidad_prem,XIII,0.0,0.0
I_PES_nuevo_motriz_electricidad_prem,X-XIV,0.2416379983551014,0.0
I_PET_calor_electricidad,II-III,0.0,0.0
I_PET_calor_electricidad,IV,0.0,0.0
I_PET_calor_electricidad,SING,0.0,0.0
I_PET_calor_electricidad,V,0.0,0.0
I_PET_calor_electricidad,VI,0.0,0.0
I_PET_calor_electricidad,VII,0.0,0.0
I_PET_calor_electricidad,VIII,1.0,0.0
I_PET_calor_electricidad,XIII,0.0,0.0
I_PET_calor_electricidad,X-XIV,0.0,0.0
I_PET_electricidad,II-III,0.0,0.0
I_PET_electricidad,IV,0.0,0.0
I_PET_electricidad,SING,0.0,0.0
I_PET_electricidad,V,0.0,0.0
I_PET_electricidad,VI,0.0,0.0
I_PET_electricidad,VII,0.0,0.0
I_PET_electricidad,VIII,1.0,0.0
I_PET_electricidad,XIII,0.0,0.0
I_PET_electricidad,X-XIV,0.0,0.0
I_PET_motriz_electricidad,II-III,0.0,0.0
I_PET_motriz_electricidad,IV,0.0,0.0
I_PET_motriz_electricidad,SING,0.0,0.0
I_PET_motriz_electricidad,V,0.0,0.0
I_PET_motriz_electricidad,VI,0.0,0.0
I_PET_motriz_electricidad,VII,0.0,0.0
I_PET_motriz_electricidad,VIII,1.0,0.0
I_PET_motriz_electricidad,XIII,0.0,0.0
I_PET_motriz_electricidad,X-XIV,0.0,0.0
I_PET_nuevo_calor_electricidad,II-III,0.0,0.0
I_PET_nuevo_calor_electricidad,IV,0.0,0.0
I_PET_nuevo_calor_electricidad,SING,0.0,0.0
I_PET_nuevo_calor_electricidad,V,0.0,0.0
I_PET_nuevo_calor_electricidad,VI,0.0,0.0
I_PET_nuevo_calor_electricidad,VII,0.0,0.0
I_PET_nuevo_calor_electricidad,VIII,1.0,0.0
I_PET_nuevo_calor_electricidad,XIII,0.0,0.0
I_PET_nuevo_calor_electricidad,X-XIV,0.0,0.0
I_PET_nuevo_electricidad,II-III,0.0,0.0
I_PET_nuevo_electricidad,IV,0.0,0.0
I_PET_nuevo_electricidad,SING,0.0,0.0
I_PET_nuevo_electricidad,V,0.0,0.0
I_PET_nuevo_electricidad,VI,0.0,0.0
I_PET_nuevo_electricidad,VII,0.0,0.0
I_PET_nuevo_electricidad,VIII,1.0,0.0
I_PET_nuevo_electricidad,XIII,0.0,0.0
I_PET_nuevo_electricidad,X-XIV,0.0,0.0
I_PET_nuevo_motriz_electricidad_norm,II-III,0.0,0.0
I_PET_nuevo_motriz_electricidad_norm,IV,0.0,0.0
I_PET_nuevo_motriz_electricidad_norm,SING,0.0,0.0
I_PET_nuevo_motriz_electricidad_norm,V,0.0,0.0
I_PET_nuevo_motriz_electricidad_norm,VI,0.0,0.0
I_PET_nuevo_motriz_electricidad_norm,VII,0.0,0.0
I_PET_nuevo_motriz_electricidad_norm,VIII,1.0,0.0
I_PET_nuevo_motriz_electricidad_norm,XIII,0.0,0.0
I_PET_nuevo_motriz_electricidad_norm,X-XIV,0.0,0.0
I_PET_nuevo_motriz_electricidad_prem,II-III,0.0,0.0
I_PET_nuevo_motriz_electricidad_prem,IV,0.0,0.0
I_PET_nuevo_motriz_electricidad_prem,SING,0.0,0.0
I_PET_nuevo_motriz_electricidad_prem,V,0.0,0.0
I_PET_nuevo_motriz_electricidad_prem,VI,0.0,0.0
I_PET_nuevo_motriz_electricidad_prem,VII,0.0,0.0
I_PET_nuevo_motriz_electricidad_prem,VIII,1.0,0.0
I_PET_nuevo_motriz_electricidad_prem,XIII,0.0,0.0
I_PET_nuevo_motriz_electricidad_prem,X-XIV,0.0,0.0
I_SID_electricidad,II-III,0.0,0.0
I_SID_electricidad,IV,0.0,0.0
I_SID_electricidad,SING,0.0,0.0
I_SID_electricidad,V,0.0,0.0
I_SID_electricidad,VI,0.0,0.0
I_SID_electricidad,VII,0.0,0.0
I_SID_electricidad,VIII,0.6196255997776489,0.0
I_SID_electricidad,XIII,0.3803744002223511,0.0
I_SID_electricidad,X-XIV,0.0,0.0
I_SID_motriz_electricidad,II-III,0.0,0.0
I_SID_motriz_electricidad,IV,0.0,0.0
I_SID_motriz_electricidad,SING,0.0,0.0
I_SID_motriz_electricidad,V,0.0,0.0
I_SID_motriz_electricidad,VI,0.0,0.0
I_SID_motriz_electricidad,VII,0.0,0.0
I_SID_motriz_electricidad,VIII,0.6196255997776489,0.0
I_SID_motriz_electricidad,XIII,0.3803744002223511,0.0
I_SID_motriz_electricidad,X-XIV,0.0,0.0
I_SID_nuevo_electricidad,II-III,0.0,0.0
I_SID_nuevo_electricidad,IV,0.0,0.0
I_SID_nuevo_electricidad,SING,0.0,0.0
I_SID_nuevo_electricidad,V,0.0,0.0
I_SID_nuevo_electricidad,VI,0.0,0.0
I_SID_nuevo_electricidad,VII,0.0,0.0
I_SID_nuevo_electricidad,VIII,0.6196255997776489,0.0
I_SID_nuevo_electricidad,XIII,0.3803744002223511,0.0
I_SID_nuevo_electricidad,X-XIV,0.0,0.0
I_SID_nuevo_motriz_electricidad_norm,II-III,0.0,0.0
I_SID_nuevo_motriz_electricidad_norm,IV,0.0,0.0
I_SID_nuevo_motriz_electricidad_norm,SING,0.0,0.0
I_SID_nuevo_motriz_electricidad_norm,V,0.0,0.0
I_SID_nuevo_motriz_electricidad_norm,VI,0.0,0.0
I_SID_nuevo_motriz_electricidad_norm,VII,0.0,0.0
I_SID_nuevo_motriz_electricidad_norm,VIII,0.6196255997776489,0.0
I_SID_nuevo_motriz_electricidad_norm,XIII,0.3803744002223511,0.0
I_SID_nuevo_motriz_electricidad_norm,X-XIV,0.0,0.0
I_SID_nuevo_motriz_electricidad_prem,II-III,0.0,0.0
I_SID_nuevo_motriz_electricidad_prem,IV,0.0,0.0
I_SID_nuevo_motriz_electricidad_prem,SING,0.0,0.0
I_SID_nuevo_motriz_electricidad_prem,V,0.0,0.0
I_SID_nuevo_motriz_electricidad_prem,VI,0.0,0.0
I_SID_nuevo_motriz_electricidad_prem,VII,0.0,0.0
I_SID_nuevo_motriz_electricidad_prem,VIII,0.6196255997776489,0.0
I_SID_nuevo_motriz_electricidad_prem,XIII,0.3803744002223511,0.0
I_SID_nuevo_motriz_electricidad_prem,X-XIV,0.0,0.0
TRANS_VEH_ELECTRICO_2014,SING,0.02,0.0
TRANS_VEH_ELECTRICO_2014,II-III,0.02,0.0
TRANS_VEH_ELECTRICO_2014,IV,0.01,0.0
TRANS_VEH_ELECTRICO_2014,V,0.17,0.0
TRANS_VEH_ELECTRICO_2014,XIII,0.73,0.0
TRANS_VEH_ELECTRICO_2014,VI,0.0,0.0
TRANS_VEH_ELECTRICO_2014,VII,0.02,0.0
TRANS_VEH_ELECTRICO_2014,VIII,0.02,0.0
TRANS_VEH_ELECTRICO_2014,X-XIV,0.01,0.0
TRANS_VEH_ELECTRICO_2015,SING,0.02,0.0
TRANS_VEH_ELECTRICO_2015,II-III,0.01,0.0
TRANS_VEH_ELECTRICO_2015,IV,0.06,0.0
TRANS_VEH_ELECTRICO_2015,V,0.33,0.0
TRANS_VEH_ELECTRICO_2015,XIII,0.51,0.0
TRANS_VEH_ELECTRICO_2015,VI,0.01,0.0
TRANS_VEH_ELECTRICO_2015,VII,0.02,0.0
TRANS_VEH_ELECTRICO_2015,VIII,0.02,0.0
TRANS_VEH_ELECTRICO_2015,X-XIV,0.01,0.0
TRANS_VEH_ELECTRICO_2016,SING,0.01,0.0
TRANS_VEH_ELECTRICO_2016,II-III,0.02,0.0
TRANS_VEH_ELECTRICO_2016,IV,0.01,0.0
TRANS_VEH_ELECTRICO_2016,V,0.06,0.0
TRANS_VEH_ELECTRICO_2016,XIII,0.33,0.0
TRANS_VEH_ELECTRICO_2016,VI,0.51,0.0
TRANS_VEH_ELECTRICO_2016,VII,0.01,0.0
TRANS_VEH_ELECTRICO_2016,VIII,0.03,0.0
TRANS_VEH_ELECTRICO_2016,X-XIV,0.02,0.0
TRANS_VEH_ELECTRICO_2017,SING,0.01,0.0
TRANS_VEH_ELECTRICO_2017,II-III,0.02,0.0
TRANS_VEH_ELECTRICO_2017,IV,0.01,0.0
TRANS_VEH_ELECTRICO_2017,V,0.06,0.0
TRANS_VEH_ELECTRICO_2017,XIII,0.33,0.0
TRANS_VEH_ELECTRICO_2017,VI,0.51,0.0
TRANS_VEH_ELECTRICO_2017,VII,0.01,0.0
TRANS_VEH_ELECTRICO_2017,VIII,0.03,0.0
TRANS_VEH_ELECTRICO_2017,X-XIV,0.02,0.0
TRANS_VEH_ELECTRICO_2018,SING,0.01,0.0
TRANS_VEH_ELECTRICO_2018,II-III,0.02,0.0
TRANS_VEH_ELECTRICO_2018,IV,0.01,0.0
TRANS_VEH_ELECTRICO_2018,V,0.06,0.0
TRANS_VEH_ELECTRICO_2018,XIII,0.33,0.0
TRANS_VEH_ELECTRICO_2018,VI,0.51,0.0
TRANS_VEH_ELECTRICO_2018,VII,0.01,0.0
TRANS_VEH_ELECTRICO_2018,VIII,0.03,0.0
TRANS_VEH_ELECTRICO_2018,X-XIV,0.02,0.0
TRANS_VEH_MEDIANO_ELECTRICO_2018,SING,0.01,0.0
TRANS_VEH_MEDIANO_ELECTRICO_2018,II-III,0.02,0.0
TRANS_VEH_MEDIANO_ELECTRICO_2018,IV,0.01,0.0
TRANS_VEH_MEDIANO_ELECTRICO_2018,V,0.06,0.0
TRANS_VEH_MEDIANO_ELECTRICO_2018,XIII,0.33,0.0
TRANS_VEH_MEDIANO_ELECTRICO_2018,VI,0.51,0.0
TRANS_VEH_MEDIANO_ELECTRICO_2018,VII,0.01,0.0
TRANS_VEH_MEDIANO_ELECTRICO_2018,VIII,0.03,0.0
TRANS_VEH_MEDIANO_ELECTRICO_2018,X-XIV,0.02,0.0
TRANS_TAXI_ELECTRICO,SING,0.01,0.0
TRANS_TAXI_ELECTRICO,II-III,0.02,0.0
TRANS_TAXI_ELECTRICO,IV,0.01,0.0
TRANS_TAXI_ELECTRICO,V,0.06,0.0
TRANS_TAXI_ELECTRICO,XIII,0.33,0.0
TRANS_TAXI_ELECTRICO,VI,0.51,0.0
TRANS_TAXI_ELECTRICO,VII,0.01,0.0
TRANS_TAXI_ELECTRICO,VIII,0.03,0.0
TRANS_TAXI_ELECTRICO,X-XIV,0.02,0.0
TRANS_TAXI_ELECTRICO_NUEVO,SING,0.01,0.0
TRANS_TAXI_ELECTRICO_NUEVO,II-III,0.02,0.0
TRANS_TAXI_ELECTRICO_NUEVO,IV,0.01,0.0
TRANS_TAXI_ELECTRICO_NUEVO,V,0.06,0.0
TRANS_TAXI_ELECTRICO_NUEVO,XIII,0.33,0.0
TRANS_TAXI_ELECTRICO_NUEVO,VI,0.51,0.0
TRANS_TAXI_ELECTRICO_NUEVO,VII,0.01,0.0
TRANS_TAXI_ELECTRICO_NUEVO,VIII,0.03,0.0
TRANS_TAXI_ELECTRICO_NUEVO,X-XIV,0.02,0.0
TRANSANTIAGO_ELECTRICO,SING,0.0,0.0
TRANSANTIAGO_ELECTRICO,II-III,0.0,0.0
TRANSANTIAGO_ELECTRICO,IV,0.0,0.0
TRANSANTIAGO_ELECTRICO,V,0.0,0.0
TRANSANTIAGO_ELECTRICO,XIII,1.0,0.0
TRANSANTIAGO_ELECTRICO,VI,0.0,0.0
TRANSANTIAGO_ELECTRICO,VII,0.0,0.0
TRANSANTIAGO_ELECTRICO,VIII,0.0,0.0
TRANSANTIAGO_ELECTRICO,X-XIV,0.0,0.0
TRANSANTIAGO_ELECTRICO_NUEVO,SING,0.0,0.0
TRANSANTIAGO_ELECTRICO_NUEVO,II-III,0.0,0.0
TRANSANTIAGO_ELECTRICO_NUEVO,IV,0.0,0.0
TRANSANTIAGO_ELECTRICO_NUEVO,V,0.0,0.0
TRANSANTIAGO_ELECTRICO_NUEVO,XIII,1.0,0.0
TRANSANTIAGO_ELECTRICO_NUEVO,VI,0.0,0.0
TRANSANTIAGO_ELECTRICO_NUEVO,VII,0.0,0.0
TRANSANTIAGO_ELECTRICO_NUEVO,VIII,0.0,0.0
TRANSANTIAGO_ELECTRICO_NUEVO,X-XIV,0.0,0.0
TRANS_BUS_RM_ELECTRICO,SING,0.0,0.0
TRANS_BUS_RM_ELECTRICO,II-III,0.0,0.0
TRANS_BUS_RM_ELECTRICO,IV,0.0,0.0
TRANS_BUS_RM_ELECTRICO,V,0.0,0.0
TRANS_BUS_RM_ELECTRICO,XIII,1.0,0.0
TRANS_BUS_RM_ELECTRICO,VI,0.0,0.0
TRANS_BUS_RM_ELECTRICO,VII,0.0,0.0
TRANS_BUS_RM_ELECTRICO,VIII,0.0,0.0
TRANS_BUS_RM_ELECTRICO,X-XIV,0.0,0.0
TRANS_BUS_RM_ELECTRICO_NUEVO,SING,0.0,0.0
TRANS_BUS_RM_ELECTRICO_NUEVO,II-III,0.0,0.0
TRANS_BUS_RM_ELECTRICO_NUEVO,IV,0.0,0.0
TRANS_BUS_RM_ELECTRICO_NUEVO,V,0.0,0.0
TRANS_BUS_RM_ELECTRICO_NUEVO,XIII,1.0,0.0
TRANS_BUS_RM_ELECTRICO_NUEVO,VI,0.0,0.0
TRANS_BUS_RM_ELECTRICO_NUEVO,VII,0.0,0.0
TRANS_BUS_RM_ELECTRICO_NUEVO,VIII,0.0,0.0
TRANS_BUS_RM_ELECTRICO_NUEVO,X-XIV,0.0,0.0
TRANS_BUS_ELECTRICO,SING,0.125,0.0
TRANS_BUS_ELECTRICO,II-III,0.125,0.0
TRANS_BUS_ELECTRICO,IV,0.125,0.0
TRANS_BUS_ELECTRICO,V,0.125,0.0
TRANS_BUS_ELECTRICO,XIII,0.0,0.0
TRANS_BUS_ELECTRICO,VI,0.125,0.0
TRANS_BUS_ELECTRICO,VII,0.125,0.0
TRANS_BUS_ELECTRICO,VIII,0.125,0.0
TRANS_BUS_ELECTRICO,X-XIV,0.125,0.0
TRANS_BUS_ELECTRICO_NUEVO,SING,0.125,0.0
TRANS_BUS_ELECTRICO_NUEVO,II-III,0.125,0.0
TRANS_BUS_ELECTRICO_NUEVO,IV,0.125,0.0
TRANS_BUS_ELECTRICO_NUEVO,V,0.125,0.0
TRANS_BUS_ELECTRICO_NUEVO,XIII,0.0,0.0
TRANS_BUS_ELECTRICO_NUEVO,VI,0.125,0.0
TRANS_BUS_ELECTRICO_NUEVO,VII,0.125,0.0
TRANS_BUS_ELECTRICO_NUEVO,VIII,0.125,0.0
TRANS_BUS_ELECTRICO_NUEVO,X-XIV,0.125,0.0
TRANS_MOTO_ELECTRICO,SING,0.032,0.0
TRANS_MOTO_ELECTRICO,II-III,0.032,0.0
TRANS_MOTO_ELECTRICO,IV,0.036,0.0
TRANS_MOTO_ELECTRICO,V,0.088,0.0
TRANS_MOTO_ELECTRICO,XIII,0.498,0.0
TRANS_MOTO_ELECTRICO,VI,0.057,0.0
TRANS_MOTO_ELECTRICO,VII,0.084,0.0
TRANS_MOTO_ELECTRICO,VIII,0.104,0.0
TRANS_MOTO_ELECTRICO,X-XIV,0.0691,0.0
TRANS_MOTO_ELECTRICO_NUEVO,SING,0.032,0.0
TRANS_MOTO_ELECTRICO_NUEVO,II-III,0.032,0.0
TRANS_MOTO_ELECTRICO_NUEVO,IV,0.036,0.0
TRANS_MOTO_ELECTRICO_NUEVO,V,0.088,0.0
TRANS_MOTO_ELECTRICO_NUEVO,XIII,0.498,0.0
TRANS_MOTO_ELECTRICO_NUEVO,VI,0.057,0.0
TRANS_MOTO_ELECTRICO_NUEVO,VII,0.084,0.0
TRANS_MOTO_ELECTRICO_NUEVO,VIII,0.104,0.0
TRANS_MOTO_ELECTRICO_NUEVO,X-XIV,0.0691,0.0
TRANS_MINIBUS_ELECTRICO,SING,0.07,0.0
TRANS_MINIBUS_ELECTRICO,II-III,0.13,0.0
TRANS_MINIBUS_ELECTRICO,IV,0.06,0.0
TRANS_MINIBUS_ELECTRICO,V,0.13,0.0
TRANS_MINIBUS_ELECTRICO,XIII,0.0,0.0
TRANS_MINIBUS_ELECTRICO,VI,0.1,0.0
TRANS_MINIBUS_ELECTRICO,VII,0.1,0.0
TRANS_MINIBUS_ELECTRICO,VIII,0.17,0.0
TRANS_MINIBUS_ELECTRICO,X-XIV,0.24,0.0
TRANS_MINIBUS_ELECTRICO_NUEVO,SING,0.07,0.0
TRANS_MINIBUS_ELECTRICO_NUEVO,II-III,0.13,0.0
TRANS_MINIBUS_ELECTRICO_NUEVO,IV,0.06,0.0
TRANS_MINIBUS_ELECTRICO_NUEVO,V,0.13,0.0
TRANS_MINIBUS_ELECTRICO_NUEVO,XIII,0.0,0.0
TRANS_MINIBUS_ELECTRICO_NUEVO,VI,0.1,0.0
TRANS_MINIBUS_ELECTRICO_NUEVO,VII,0.1,0.0
TRANS_MINIBUS_ELECTRICO_NUEVO,VIII,0.17,0.0
TRANS_MINIBUS_ELECTRICO_NUEVO,X-XIV,0.24,0.0
TRANS_CAMION_ELECTRICO,SING,0.03,0.0
TRANS_CAMION_ELECTRICO,II-III,0.08,0.0
TRANS_CAMION_ELECTRICO,IV,0.05,0.0
TRANS_CAMION_ELECTRICO,V,0.09,0.0
TRANS_CAMION_ELECTRICO,XIII,0.32,0.0
TRANS_CAMION_ELECTRICO,VI,0.07,0.0
TRANS_CAMION_ELECTRICO,VII,0.09,0.0
TRANS_CAMION_ELECTRICO,VIII,0.12,0.0
TRANS_CAMION_ELECTRICO,X-XIV,0.15,0.0
TRANS_CAMION_ELECTRICO_NUEVO,SING,0.03,0.0
TRANS_CAMION_ELECTRICO_NUEVO,II-III,0.08,0.0
TRANS_CAMION_ELECTRICO_NUEVO,IV,0.05,0.0
TRANS_CAMION_ELECTRICO_NUEVO,V,0.09,0.0
TRANS_CAMION_ELECTRICO_NUEVO,XIII,0.32,0.0
TRANS_CAMION_ELECTRICO_NUEVO,VI,0.07,0.0
TRANS_CAMION_ELECTRICO_NUEVO,VII,0.09,0.0
TRANS_CAMION_ELECTRICO_NUEVO,VIII,0.12,0.0
TRANS_CAMION_ELECTRICO_NUEVO,X-XIV,0.15,0.0
TRANS_TRACTOCAMION_ELECTRICO,SING,0.05,0.0
TRANS_TRACTOCAMION_ELECTRICO,II-III,0.16,0.0
TRANS_TRACTOCAMION_ELECTRICO,IV,0.03,0.0
TRANS_TRACTOCAMION_ELECTRICO,V,0.12,0.0
TRANS_TRACTOCAMION_ELECTRICO,XIII,0.28,0.0
TRANS_TRACTOCAMION_ELECTRICO,VI,0.06,0.0
TRANS_TRACTOCAMION_ELECTRICO,VII,0.08,0.0
TRANS_TRACTOCAMION_ELECTRICO,VIII,0.11,0.0
TRANS_TRACTOCAMION_ELECTRICO,X-XIV,0.11,0.0
TRANS_TRACTOCAMION_ELECTRICO_NUEVO,SING,0.05,0.0
TRANS_TRACTOCAMION_ELECTRICO_NUEVO,II-III,0.16,0.0
TRANS_TRACTOCAMION_ELECTRICO_NUEVO,IV,0.03,0.0
TRANS_TRACTOCAMION_ELECTRICO_NUEVO,V,0.12,0.0
TRANS_TRACTOCAMION_ELECTRICO_NUEVO,XIII,0.28,0.0
TRANS_TRACTOCAMION_ELECTRICO_NUEVO,VI,0.06,0.0
TRANS_TRACTOCAMION_ELECTRICO_NUEVO,VII,0.08,0.0
TRANS_TRACTOCAMION_ELECTRICO_NUEVO,VIII,0.11,0.0
TRANS_TRACTOCAMION_ELECTRICO_NUEVO,X-XIV,0.11,0.0
TRANS_FERRO_PASAJEROS_INTER,SING,0.0,0.0
TRANS_FERRO_PASAJEROS_INTER,II-III,0.0,0.0
TRANS_FERRO_PASAJEROS_INTER,IV,0.0,0.0
TRANS_FERRO_PASAJEROS_INTER,V,0.0,0.0
TRANS_FERRO_PASAJEROS_INTER,XIII,0.3,0.0
TRANS_FERRO_PASAJEROS_INTER,VI,0.34,0.0
TRANS_FERRO_PASAJEROS_INTER,VII,0.14,0.0
TRANS_FERRO_PASAJEROS_INTER,VIII,0.2,0.0
TRANS_FERRO_PASAJEROS_INTER,X-XIV,0.02,0.0
TRANS_FERRO_PASAJEROS_URB,SING,0.0,0.0
TRANS_FERRO_PASAJEROS_URB,II-III,0.0,0.0
TRANS_FERRO_PASAJEROS_URB,IV,0.0,0.0
TRANS_FERRO_PASAJEROS_URB,V,0.14,0.0
TRANS_FERRO_PASAJEROS_URB,XIII,0.83,0.0
TRANS_FERRO_PASAJEROS_URB,VI,0.0,0.0
TRANS_FERRO_PASAJEROS_URB,VII,0.0,0.0
TRANS_FERRO_PASAJEROS_URB,VIII,0.03,0.0
TRANS_FERRO_PASAJEROS_URB,X-XIV,0.0,0.0
refineria_electricidad,SING,0.0,0.0
refineria_electricidad,II-III,0.0,0.0
refineria_electricidad,IV,0.0,0.0
refineria_electricidad,V,0.5202133933768817,0.0
refineria_electricidad,XIII,0.0,0.0
refineria_electricidad,VI,0.0,0.0
refineria_electricidad,VII,0.0,0.0
refineria_electricidad,VIII,0.4797866066231183,0.0
refineria_electricidad,X-XIV,0.0,0.0
I_AZU_motriz_meps_electricidad,II-III,0.0,0.0
I_AZU_motriz_meps_electricidad,IV,0.0,0.0
I_AZU_motriz_meps_electricidad,SING,0.0,0.0
I_AZU_motriz_meps_electricidad,V,0.0,0.0
I_AZU_motriz_meps_electricidad,VI,0.0,0.0
I_AZU_motriz_meps_electricidad,VII,0.09596673424778583,0.0
I_AZU_motriz_meps_electricidad,VIII,0.6960616905367507,0.0
I_AZU_motriz_meps_electricidad,XIII,0.20492326832255728,0.0
I_AZU_motriz_meps_electricidad,X-XIV,0.0030483068929060423,0.0
I_CEL_motriz_meps_electricidad,II-III,0.0,0.0
I_CEL_motriz_meps_electricidad,IV,0.0,0.0
I_CEL_motriz_meps_electricidad,SING,0.0,0.0
I_CEL_motriz_meps_electricidad,V,9.551812819093703e-05,0.0
I_CEL_motriz_meps_electricidad,VI,0.00976571136818671,0.0
I_CEL_motriz_meps_electricidad,VII,0.13556481085468772,0.0
I_CEL_motriz_meps_electricidad,VIII,0.6672306706129442,0.0
I_CEL_motriz_meps_electricidad,XIII,0.08713088194054722,0.0
I_CEL_motriz_meps_electricidad,X-XIV,0.1002124070954434,0.0
I_CEL_impuesto_motriz_meps_electricidad,II-III,0.0,0.0
I_CEL_impuesto_motriz_meps_electricidad,IV,0.0,0.0
I_CEL_impuesto_motriz_meps_electricidad,SING,0.0,0.0
I_CEL_impuesto_motriz_meps_electricidad,V,9.551812819093703e-05,0.0
I_CEL_impuesto_motriz_meps_electricidad,VI,0.00976571136818671,0.0
I_CEL_impuesto_motriz_meps_electricidad,VII,0.13556481085468772,0.0
I_CEL_impuesto_motriz_meps_electricidad,VIII,0.6672306706129442,0.0
I_CEL_impuesto_motriz_meps_electricidad,XIII,0.08713088194054722,0.0
I_CEL_impuesto_motriz_meps_electricidad,X-XIV,0.1002124070954434,0.0
I_CEM_motriz_meps_electricidad,II-III,0.0,0.0
I_CEM_motriz_meps_electricidad,IV,0.0,0.0
I_CEM_motriz_meps_electricidad,SING,0.1209341826002123,0.0
I_CEM_motriz_meps_electricidad,V,0.2820116416315517,0.0
I_CEM_motriz_meps_electricidad,VI,0.0,0.0
I_CEM_motriz_meps_electricidad,VII,0.1298802045755818,0.0
I_CEM_motriz_meps_electricidad,VIII,0.12824406707867697,0.0
I_CEM_motriz_meps_electricidad,XIII,0.3077127864191227,0.0
I_CEM_motriz_meps_electricidad,X-XIV,0.031217117694854617,0.0
I_HIE_motriz_meps_electricidad,II-III,0.896536404830699,0.0
I_HIE_motriz_meps_electricidad,IV,0.10346359516930098,0.0
I_HIE_motriz_meps_electricidad,SING,0.0,0.0
I_HIE_motriz_meps_electricidad,V,0.0,0.0
I_HIE_motriz_meps_electricidad,VI,0.0,0.0
I_HIE_motriz_meps_electricidad,VII,0.0,0.0
I_HIE_motriz_meps_electricidad,VIII,0.0,0.0
I_HIE_motriz_meps_electricidad,XIII,0.0,0.0
I_HIE_motriz_meps_electricidad,X-XIV,0.0,0.0
I_PES_motriz_meps_electricidad,II-III,0.0,0.0
I_PES_motriz_meps_electricidad,IV,0.030161969987969744,0.0
I_PES_motriz_meps_electricidad,SING,0.22999178476781895,0.0
I_PES_motriz_meps_electricidad,V,0.0,0.0
I_PES_motriz_meps_electricidad,VI,0.2369086456670009,0.0
I_PES_motriz_meps_electricidad,VII,0.0,0.0
I_PES_motriz_meps_electricidad,VIII,0.2511721264039122,0.0
I_PES_motriz_meps_electricidad,XIII,0.0,0.0
I_PES_motriz_meps_electricidad,X-XIV,0.2416379983551014,0.0
I_PES_impuesto_meps_motriz_electricidad,II-III,0.0,0.0
I_PES_impuesto_meps_motriz_electricidad,IV,0.030161969987969744,0.0
I_PES_impuesto_meps_motriz_electricidad,SING,0.22999178476781895,0.0
I_PES_impuesto_meps_motriz_electricidad,V,0.0,0.0
I_PES_impuesto_meps_motriz_electricidad,VI,0.2369086456670009,0.0
I_PES_impuesto_meps_motriz_electricidad,VII,0.0,0.0
I_PES_impuesto_meps_motriz_electricidad,VIII,0.2511721264039122,0.0
I_PES_impuesto_meps_motriz_electricidad,XIII,0.0,0.0
I_PES_impuesto_meps_motriz_electricidad,X-XIV,0.2416379983551014,0.0
I_SID_motriz_meps_electricidad,II-III,0.0,0.0
I_SID_motriz_meps_electricidad,IV,0.0,0.0
I_SID_motriz_meps_electricidad,SING,0.0,0.0
I_SID_motriz_meps_electricidad,V,0.0,0.0
I_SID_motriz_meps_electricidad,VI,0.0,0.0
I_SID_motriz_meps_electricidad,VII,0.0,0.0
I_SID_motriz_meps_electricidad,VIII,0.6196255997776489,0.0
I_SID_motriz_meps_electricidad,XIII,0.3803744002223511,0.0
I_SID_motriz_meps_electricidad,X-XIV,0.0,0.0
I_PET_motriz_meps_electricidad,II-III,0.0,0.0
I_PET_motriz_meps_electricidad,IV,0.0,0.0
I_PET_motriz_meps_electricidad,SING,0.0,0.0
I_PET_motriz_meps_electricidad,V,0.0,0.0
I_PET_motriz_meps_electricidad,VI,0.0,0.0
I_PET_motriz_meps_electricidad,VII,0.0,0.0
I_PET_motriz_meps_electricidad,VIII,1.0,0.0
I_PET_motriz_meps_electricidad,XIII,0.0,0.0
I_PET_motriz_meps_electricidad,X-XIV,0.0,0.0
I_MIN_motriz_meps_electricidad,II-III,0.05450496980279152,0.0
I_MIN_motriz_meps_electricidad,IV,0.038147630652290127,0.0
I_MIN_motriz_meps_electricidad,SING,0.36789060338456553,0.0
I_MIN_motriz_meps_electricidad,V,0.35262512969919985,0.0
I_MIN_motriz_meps_electricidad,VI,0.0,0.0
I_MIN_motriz_meps_electricidad,VII,0.0012191289163187337,0.0
I_MIN_motriz_meps_electricidad,VIII,2.2579235786448233e-05,0.0
I_MIN_motriz_meps_electricidad,XIII,0.14891945257118308,0.0
I_MIN_motriz_meps_electricidad,X-XIV,0.0,0.0
I_IND_motriz_meps_electricidad,II-III,0.01272723779773246,0.0
I_IND_motriz_meps_electricidad,IV,0.019421761506331483,0.0
I_IND_motriz_meps_electricidad,SING,0.031241067965079868,0.0
I_IND_motriz_meps_electricidad,V,0.09061737121612709,0.0
I_IND_motriz_meps_electricidad,VI,0.05130087097903331,0.0
I_IND_motriz_meps_electricidad,VII,0.05295665170465819,0.0
I_IND_motriz_meps_electricidad,VIII,0.1343819767113017,0.0
I_IND_motriz_meps_electricidad,XIII,0.516527782031323,0.0
I_IND_motriz_meps_electricidad,X-XIV,0.08380285932334658,0.0
I_IND_impuesto_motriz_meps_electricidad,II-III,0.01272723779773246,0.0
I_IND_impuesto_motriz_meps_electricidad,IV,0.019421761506331483,0.0
I_IND_impuesto_motriz_meps_electricidad,SING,0.031241067965079868,0.0
I_IND_impuesto_motriz_meps_electricidad,V,0.09061737121612709,0.0
I_IND_impuesto_motriz_meps_electricidad,VI,0.05130087097903331,0.0
I_IND_impuesto_motriz_meps_electricidad,VII,0.05295665170465819,0.0
I_IND_impuesto_motriz_meps_electricidad,VIII,0.1343819767113017,0.0
I_IND_impuesto_motriz_meps_electricidad,XIII,0.516527782031323,0.0
I_IND_impuesto_motriz_meps_electricidad,X-XIV,0.08380285932334658,0.0
I_COB_motriz_meps_electricidad,II-III,0.11041894282381826,0.0
I_COB_motriz_meps_electricidad,IV,0.0793200838559416,0.0
I_COB_motriz_meps_electricidad,SING,0.5696432937059425,0.0
I_COB_motriz_meps_electricidad,V,0.07288044312205225,0.0
I_COB_motriz_meps_electricidad,VI,0.09620629011132595,0.0
I_COB_motriz_meps_electricidad,VII,0.0,0.0
I_COB_motriz_meps_electricidad,VIII,0.0,0.0
I_COB_motriz_meps_electricidad,XIII,0.07153094638091947,0.0
I_COB_motriz_meps_electricidad,X-XIV,0.0,0.0
I_COB_impuesto_motriz_meps_electricidad,II-III,0.11041894282381826,0.0
I_COB_impuesto_motriz_meps_electricidad,IV,0.0793200838559416,0.0
I_COB_impuesto_motriz_meps_electricidad,SING,0.5696432937059425,0.0
I_COB_impuesto_motriz_meps_electricidad,V,0.07288044312205225,0.0
I_COB_impuesto_motriz_meps_electricidad,VI,0.09620629011132595,0.0
I_COB_impuesto_motriz_meps_electricidad,VII,0.0,0.0
I_COB_impuesto_motriz_meps_electricidad,VIII,0.0,0.0
I_COB_impuesto_motriz_meps_electricidad,XIII,0.07153094638091947,0.0
I_COB_impuesto_motriz_meps_electricidad,X-XIV,0.0,0.0
