Sector,Energetico,GEI,FE
azucar,diesel,CO2,74100.0
azucar,petroleo_combustible,CO2,74100.0
azucar,gasolina,CO2,69300.0
azucar,kerenose,CO2,71900.0
azucar,gas_licuado,CO2,63100.0
azucar,gasolina_aviacion,CO2,70000.0
azucar,kerosene_aviacion,CO2,71500.0
azucar,nafta,CO2,73300.0
azucar,gas_refineria,CO2,57600.0
azucar,coque_petroleo,CO2,107000.0
azucar,derivados_industria_petroleo,CO2,0.0
azucar,electricidad,CO2,0.0
azucar,carbon,CO2,94600.0
azucar,coque_mineral,CO2,107000.0
azucar,alquitran,CO2,80700.0
azucar,gas_corriente,CO2,0.0
azucar,gas_coque,CO2,0.0
azucar,gas_alto_horno,CO2,260000.0
azucar,gas_natural,CO2,56100.0
azucar,metano,CO2,54600.0
azucar,biogas,CO2,54600.0
azucar,biomasa,CO2,0.0
azucar,solar,CO2,0.0
azucar,diesel,CH4,3.0
azucar,petroleo_combustible,CH4,3.0
azucar,gasolina,CH4,3.0
azucar,kerenose,CH4,3.0
azucar,gas_licuado,CH4,1.0
azucar,gasolina_aviacion,CH4,3.0
azucar,kerosene_aviacion,CH4,3.0
azucar,nafta,CH4,3.0
azucar,gas_refineria,CH4,1.0
azucar,coque_petroleo,CH4,1.0
azucar,derivados_industria_petroleo,CH4,0.0
azucar,electricidad,CH4,0.0
azucar,carbon,CH4,1.0
azucar,coque_mineral,CH4,1.0
azucar,alquitran,CH4,3.0
azucar,gas_corriente,CH4,0.0
azucar,gas_coque,CH4,0.0
azucar,gas_alto_horno,CH4,1.0
azucar,gas_natural,CH4,1.0
azucar,metano,CH4,1.0
azucar,biogas,CH4,1.0
azucar,biomasa,CH4,0.0
azucar,solar,CH4,0.0
azucar,diesel,N2O,0.6
azucar,petroleo_combustible,N2O,0.6
azucar,gasolina,N2O,0.6
azucar,kerenose,N2O,0.6
azucar,gas_licuado,N2O,0.1
azucar,gasolina_aviacion,N2O,0.6
azucar,kerosene_aviacion,N2O,0.6
azucar,nafta,N2O,0.6
azucar,gas_refineria,N2O,0.1
azucar,coque_petroleo,N2O,1.5
azucar,derivados_industria_petroleo,N2O,0.0
azucar,electricidad,N2O,0.0
azucar,carbon,N2O,1.5
azucar,coque_mineral,N2O,1.5
azucar,alquitran,N2O,0.6
azucar,gas_corriente,N2O,0.0
azucar,gas_coque,N2O,0.0
azucar,gas_alto_horno,N2O,0.1
azucar,gas_natural,N2O,0.1
azucar,metano,N2O,0.1
azucar,biogas,N2O,0.1
azucar,biomasa,N2O,0.0
azucar,solar,N2O,0.0
celulosa,diesel,CO2,74100.0
celulosa,petroleo_combustible,CO2,74100.0
celulosa,gasolina,CO2,69300.0
celulosa,kerenose,CO2,71900.0
celulosa,gas_licuado,CO2,63100.0
celulosa,gasolina_aviacion,CO2,70000.0
celulosa,kerosene_aviacion,CO2,71500.0
celulosa,nafta,CO2,73300.0
celulosa,gas_refineria,CO2,57600.0
celulosa,coque_petroleo,CO2,107000.0
celulosa,derivados_industria_petroleo,CO2,0.0
celulosa,electricidad,CO2,0.0
celulosa,carbon,CO2,94600.0
celulosa,coque_mineral,CO2,107000.0
celulosa,alquitran,CO2,80700.0
celulosa,gas_corriente,CO2,0.0
celulosa,gas_coque,CO2,0.0
celulosa,gas_alto_horno,CO2,260000.0
celulosa,gas_natural,CO2,56100.0
celulosa,metano,CO2,54600.0
celulosa,biogas,CO2,54600.0
celulosa,biomasa,CO2,0.0
celulosa,solar,CO2,0.0
celulosa,diesel,CH4,3.0
celulosa,petroleo_combustible,CH4,3.0
celulosa,gasolina,CH4,3.0
celulosa,kerenose,CH4,3.0
celulosa,gas_licuado,CH4,1.0
celulosa,gasolina_aviacion,CH4,3.0
celulosa,kerosene_aviacion,CH4,3.0
celulosa,nafta,CH4,3.0
celulosa,gas_refineria,CH4,1.0
celulosa,coque_petroleo,CH4,1.0
celulosa,derivados_industria_petroleo,CH4,0.0
celulosa,electricidad,CH4,0.0
celulosa,carbon,CH4,1.0
celulosa,coque_mineral,CH4,1.0
celulosa,alquitran,CH4,3.0
celulosa,gas_corriente,CH4,0.0
celulosa,gas_coque,CH4,0.0
celulosa,gas_alto_horno,CH4,1.0
celulosa,gas_natural,CH4,1.0
celulosa,metano,CH4,1.0
celulosa,biogas,CH4,1.0
celulosa,biomasa,CH4,0.0
celulosa,solar,CH4,0.0
celulosa,diesel,N2O,0.6
celulosa,petroleo_combustible,N2O,0.6
celulosa,gasolina,N2O,0.6
celulosa,kerenose,N2O,0.6
celulosa,gas_licuado,N2O,0.1
celulosa,gasolina_aviacion,N2O,0.6
celulosa,kerosene_aviacion,N2O,0.6
celulosa,nafta,N2O,0.6
celulosa,gas_refineria,N2O,0.1
celulosa,coque_petroleo,N2O,1.5
celulosa,derivados_industria_petroleo,N2O,0.0
celulosa,electricidad,N2O,0.0
celulosa,carbon,N2O,1.5
celulosa,coque_mineral,N2O,1.5
celulosa,alquitran,N2O,0.6
celulosa,gas_corriente,N2O,0.0
celulosa,gas_coque,N2O,0.0
celulosa,gas_alto_horno,N2O,0.1
celulosa,gas_natural,N2O,0.1
celulosa,metano,N2O,0.1
celulosa,biogas,N2O,0.1
celulosa,biomasa,N2O,0.0
celulosa,solar,N2O,0.0
cemento,diesel,CO2,74100.0
cemento,petroleo_combustible,CO2,74100.0
cemento,gasolina,CO2,69300.0
cemento,kerenose,CO2,71900.0
cemento,gas_licuado,CO2,63100.0
cemento,gasolina_aviacion,CO2,70000.0
cemento,kerosene_aviacion,CO2,71500.0
cemento,nafta,CO2,73300.0
cemento,gas_refineria,CO2,57600.0
cemento,coque_petroleo,CO2,107000.0
cemento,derivados_industria_petroleo,CO2,0.0
cemento,electricidad,CO2,0.0
cemento,carbon,CO2,94600.0
cemento,coque_mineral,CO2,107000.0
cemento,alquitran,CO2,80700.0
cemento,gas_corriente,CO2,0.0
cemento,gas_coque,CO2,0.0
cemento,gas_alto_horno,CO2,260000.0
cemento,gas_natural,CO2,56100.0
cemento,metano,CO2,54600.0
cemento,biogas,CO2,54600.0
cemento,biomasa,CO2,0.0
cemento,solar,CO2,0.0
cemento,diesel,CH4,3.0
cemento,petroleo_combustible,CH4,3.0
cemento,gasolina,CH4,3.0
cemento,kerenose,CH4,3.0
cemento,gas_licuado,CH4,1.0
cemento,gasolina_aviacion,CH4,3.0
cemento,kerosene_aviacion,CH4,3.0
cemento,nafta,CH4,3.0
cemento,gas_refineria,CH4,1.0
cemento,coque_petroleo,CH4,1.0
cemento,derivados_industria_petroleo,CH4,0.0
cemento,electricidad,CH4,0.0
cemento,carbon,CH4,1.0
cemento,coque_mineral,CH4,1.0
cemento,alquitran,CH4,3.0
cemento,gas_corriente,CH4,0.0
cemento,gas_coque,CH4,0.0
cemento,gas_alto_horno,CH4,1.0
cemento,gas_natural,CH4,1.0
cemento,metano,CH4,1.0
cemento,biogas,CH4,1.0
cemento,biomasa,CH4,0.0
cemento,solar,CH4,0.0
cemento,diesel,N2O,0.6
cemento,petroleo_combustible,N2O,0.6
cemento,gasolina,N2O,0.6
cemento,kerenose,N2O,0.6
cemento,gas_licuado,N2O,0.1
cemento,gasolina_aviacion,N2O,0.6
cemento,kerosene_aviacion,N2O,0.6
cemento,nafta,N2O,0.6
cemento,gas_refineria,N2O,0.1
cemento,coque_petroleo,N2O,1.5
cemento,derivados_industria_petroleo,N2O,0.0
cemento,electricidad,N2O,0.0
cemento,carbon,N2O,1.5
cemento,coque_mineral,N2O,1.5
cemento,alquitran,N2O,0.6
cemento,gas_corriente,N2O,0.0
cemento,gas_coque,N2O,0.0
cemento,gas_alto_horno,N2O,0.1
cemento,gas_natural,N2O,0.1
cemento,metano,N2O,0.1
cemento,biogas,N2O,0.1
cemento,biomasa,N2O,0.0
cemento,solar,N2O,0.0
hierro,diesel,CO2,74100.0
hierro,petroleo_combustible,CO2,74100.0
hierro,gasolina,CO2,69300.0
hierro,kerenose,CO2,71900.0
hierro,gas_licuado,CO2,63100.0
hierro,gasolina_aviacion,CO2,70000.0
hierro,kerosene_aviacion,CO2,71500.0
hierro,nafta,CO2,73300.0
hierro,gas_refineria,CO2,57600.0
hierro,coque_petroleo,CO2,107000.0
hierro,derivados_industria_petroleo,CO2,0.0
hierro,electricidad,CO2,0.0
hierro,carbon,CO2,94600.0
hierro,coque_mineral,CO2,107000.0
hierro,alquitran,CO2,80700.0
hierro,gas_corriente,CO2,0.0
hierro,gas_coque,CO2,0.0
hierro,gas_alto_horno,CO2,260000.0
hierro,gas_natural,CO2,56100.0
hierro,metano,CO2,54600.0
hierro,biogas,CO2,54600.0
hierro,biomasa,CO2,0.0
hierro,solar,CO2,0.0
hierro,diesel,CH4,3.0
hierro,petroleo_combustible,CH4,3.0
hierro,gasolina,CH4,3.0
hierro,kerenose,CH4,3.0
hierro,gas_licuado,CH4,1.0
hierro,gasolina_aviacion,CH4,3.0
hierro,kerosene_aviacion,CH4,3.0
hierro,nafta,CH4,3.0
hierro,gas_refineria,CH4,1.0
hierro,coque_petroleo,CH4,1.0
hierro,derivados_industria_petroleo,CH4,0.0
hierro,electricidad,CH4,0.0
hierro,carbon,CH4,1.0
hierro,coque_mineral,CH4,1.0
hierro,alquitran,CH4,3.0
hierro,gas_corriente,CH4,0.0
hierro,gas_coque,CH4,0.0
hierro,gas_alto_horno,CH4,1.0
hierro,gas_natural,CH4,1.0
hierro,metano,CH4,1.0
hierro,biogas,CH4,1.0
hierro,biomasa,CH4,0.0
hierro,solar,CH4,0.0
hierro,diesel,N2O,0.6
hierro,petroleo_combustible,N2O,0.6
hierro,gasolina,N2O,0.6
hierro,kerenose,N2O,0.6
hierro,gas_licuado,N2O,0.1
hierro,gasolina_aviacion,N2O,0.6
hierro,kerosene_aviacion,N2O,0.6
hierro,nafta,N2O,0.6
hierro,gas_refineria,N2O,0.1
hierro,coque_petroleo,N2O,1.5
hierro,derivados_industria_petroleo,N2O,0.0
hierro,electricidad,N2O,0.0
hierro,carbon,N2O,1.5
hierro,coque_mineral,N2O,1.5
hierro,alquitran,N2O,0.6
hierro,gas_corriente,N2O,0.0
hierro,gas_coque,N2O,0.0
hierro,gas_alto_horno,N2O,0.1
hierro,gas_natural,N2O,0.1
hierro,metano,N2O,0.1
hierro,biogas,N2O,0.1
hierro,biomasa,N2O,0.0
hierro,solar,N2O,0.0
pesca,diesel,CO2,74100.0
pesca,petroleo_combustible,CO2,74100.0
pesca,gasolina,CO2,69300.0
pesca,kerenose,CO2,71900.0
pesca,gas_licuado,CO2,63100.0
pesca,gasolina_aviacion,CO2,70000.0
pesca,kerosene_aviacion,CO2,71500.0
pesca,nafta,CO2,73300.0
pesca,gas_refineria,CO2,57600.0
pesca,coque_petroleo,CO2,107000.0
pesca,derivados_industria_petroleo,CO2,0.0
pesca,electricidad,CO2,0.0
pesca,carbon,CO2,94600.0
pesca,coque_mineral,CO2,107000.0
pesca,alquitran,CO2,80700.0
pesca,gas_corriente,CO2,0.0
pesca,gas_coque,CO2,0.0
pesca,gas_alto_horno,CO2,260000.0
pesca,gas_natural,CO2,56100.0
pesca,metano,CO2,54600.0
pesca,biogas,CO2,54600.0
pesca,biomasa,CO2,0.0
pesca,solar,CO2,0.0
pesca,diesel,CH4,3.0
pesca,petroleo_combustible,CH4,3.0
pesca,gasolina,CH4,3.0
pesca,kerenose,CH4,3.0
pesca,gas_licuado,CH4,1.0
pesca,gasolina_aviacion,CH4,3.0
pesca,kerosene_aviacion,CH4,3.0
pesca,nafta,CH4,3.0
pesca,gas_refineria,CH4,1.0
pesca,coque_petroleo,CH4,1.0
pesca,derivados_industria_petroleo,CH4,0.0
pesca,electricidad,CH4,0.0
pesca,carbon,CH4,1.0
pesca,coque_mineral,CH4,1.0
pesca,alquitran,CH4,3.0
pesca,gas_corriente,CH4,0.0
pesca,gas_coque,CH4,0.0
pesca,gas_alto_horno,CH4,1.0
pesca,gas_natural,CH4,1.0
pesca,metano,CH4,1.0
pesca,biogas,CH4,1.0
pesca,biomasa,CH4,0.0
pesca,solar,CH4,0.0
pesca,diesel,N2O,0.6
pesca,petroleo_combustible,N2O,0.6
pesca,gasolina,N2O,0.6
pesca,kerenose,N2O,0.6
pesca,gas_licuado,N2O,0.1
pesca,gasolina_aviacion,N2O,0.6
pesca,kerosene_aviacion,N2O,0.6
pesca,nafta,N2O,0.6
pesca,gas_refineria,N2O,0.1
pesca,coque_petroleo,N2O,1.5
pesca,derivados_industria_petroleo,N2O,0.0
pesca,electricidad,N2O,0.0
pesca,carbon,N2O,1.5
pesca,coque_mineral,N2O,1.5
pesca,alquitran,N2O,0.6
pesca,gas_corriente,N2O,0.0
pesca,gas_coque,N2O,0.0
pesca,gas_alto_horno,N2O,0.1
pesca,gas_natural,N2O,0.1
pesca,metano,N2O,0.1
pesca,biogas,N2O,0.1
pesca,biomasa,N2O,0.0
pesca,solar,N2O,0.0
siderurgia,diesel,CO2,74100.0
siderurgia,petroleo_combustible,CO2,74100.0
siderurgia,gasolina,CO2,69300.0
siderurgia,kerenose,CO2,71900.0
siderurgia,gas_licuado,CO2,63100.0
siderurgia,gasolina_aviacion,CO2,70000.0
siderurgia,kerosene_aviacion,CO2,71500.0
siderurgia,nafta,CO2,73300.0
siderurgia,gas_refineria,CO2,57600.0
siderurgia,coque_petroleo,CO2,107000.0
siderurgia,derivados_industria_petroleo,CO2,0.0
siderurgia,electricidad,CO2,0.0
siderurgia,carbon,CO2,94600.0
siderurgia,coque_mineral,CO2,107000.0
siderurgia,alquitran,CO2,80700.0
siderurgia,gas_corriente,CO2,0.0
siderurgia,gas_coque,CO2,0.0
siderurgia,gas_alto_horno,CO2,260000.0
siderurgia,gas_natural,CO2,56100.0
siderurgia,metano,CO2,54600.0
siderurgia,biogas,CO2,54600.0
siderurgia,biomasa,CO2,0.0
siderurgia,solar,CO2,0.0
siderurgia,diesel,CH4,3.0
siderurgia,petroleo_combustible,CH4,3.0
siderurgia,gasolina,CH4,3.0
siderurgia,kerenose,CH4,3.0
siderurgia,gas_licuado,CH4,1.0
siderurgia,gasolina_aviacion,CH4,3.0
siderurgia,kerosene_aviacion,CH4,3.0
siderurgia,nafta,CH4,3.0
siderurgia,gas_refineria,CH4,1.0
siderurgia,coque_petroleo,CH4,1.0
siderurgia,derivados_industria_petroleo,CH4,0.0
siderurgia,electricidad,CH4,0.0
siderurgia,carbon,CH4,1.0
siderurgia,coque_mineral,CH4,1.0
siderurgia,alquitran,CH4,3.0
siderurgia,gas_corriente,CH4,0.0
siderurgia,gas_coque,CH4,0.0
siderurgia,gas_alto_horno,CH4,1.0
siderurgia,gas_natural,CH4,1.0
siderurgia,metano,CH4,1.0
siderurgia,biogas,CH4,1.0
siderurgia,biomasa,CH4,0.0
siderurgia,solar,CH4,0.0
siderurgia,diesel,N2O,0.6
siderurgia,petroleo_combustible,N2O,0.6
siderurgia,gasolina,N2O,0.6
siderurgia,kerenose,N2O,0.6
siderurgia,gas_licuado,N2O,0.1
siderurgia,gasolina_aviacion,N2O,0.6
siderurgia,kerosene_aviacion,N2O,0.6
siderurgia,nafta,N2O,0.6
siderurgia,gas_refineria,N2O,0.1
siderurgia,coque_petroleo,N2O,1.5
siderurgia,derivados_industria_petroleo,N2O,0.0
siderurgia,electricidad,N2O,0.0
siderurgia,carbon,N2O,1.5
siderurgia,coque_mineral,N2O,1.5
siderurgia,alquitran,N2O,0.6
siderurgia,gas_corriente,N2O,0.0
siderurgia,gas_coque,N2O,0.0
siderurgia,gas_alto_horno,N2O,0.1
siderurgia,gas_natural,N2O,0.1
siderurgia,metano,N2O,0.1
siderurgia,biogas,N2O,0.1
siderurgia,biomasa,N2O,0.0
siderurgia,solar,N2O,0.0
petroquimica,diesel,CO2,74100.0
petroquimica,petroleo_combustible,CO2,74100.0
petroquimica,gasolina,CO2,69300.0
petroquimica,kerenose,CO2,71900.0
petroquimica,gas_licuado,CO2,63100.0
petroquimica,gasolina_aviacion,CO2,70000.0
petroquimica,kerosene_aviacion,CO2,71500.0
petroquimica,nafta,CO2,73300.0
petroquimica,gas_refineria,CO2,57600.0
petroquimica,coque_petroleo,CO2,107000.0
petroquimica,derivados_industria_petroleo,CO2,0.0
petroquimica,electricidad,CO2,0.0
petroquimica,carbon,CO2,94600.0
petroquimica,coque_mineral,CO2,107000.0
petroquimica,alquitran,CO2,80700.0
petroquimica,gas_corriente,CO2,0.0
petroquimica,gas_coque,CO2,0.0
petroquimica,gas_alto_horno,CO2,260000.0
petroquimica,gas_natural,CO2,56100.0
petroquimica,metano,CO2,54600.0
petroquimica,biogas,CO2,54600.0
petroquimica,biomasa,CO2,0.0
petroquimica,solar,CO2,0.0
petroquimica,diesel,CH4,3.0
petroquimica,petroleo_combustible,CH4,3.0
petroquimica,gasolina,CH4,3.0
petroquimica,kerenose,CH4,3.0
petroquimica,gas_licuado,CH4,1.0
petroquimica,gasolina_aviacion,CH4,3.0
petroquimica,kerosene_aviacion,CH4,3.0
petroquimica,nafta,CH4,3.0
petroquimica,gas_refineria,CH4,1.0
petroquimica,coque_petroleo,CH4,1.0
petroquimica,derivados_industria_petroleo,CH4,0.0
petroquimica,electricidad,CH4,0.0
petroquimica,carbon,CH4,1.0
petroquimica,coque_mineral,CH4,1.0
petroquimica,alquitran,CH4,3.0
petroquimica,gas_corriente,CH4,0.0
petroquimica,gas_coque,CH4,0.0
petroquimica,gas_alto_horno,CH4,1.0
petroquimica,gas_natural,CH4,1.0
petroquimica,metano,CH4,1.0
petroquimica,biogas,CH4,1.0
petroquimica,biomasa,CH4,0.0
petroquimica,solar,CH4,0.0
petroquimica,diesel,N2O,0.6
petroquimica,petroleo_combustible,N2O,0.6
petroquimica,gasolina,N2O,0.6
petroquimica,kerenose,N2O,0.6
petroquimica,gas_licuado,N2O,0.1
petroquimica,gasolina_aviacion,N2O,0.6
petroquimica,kerosene_aviacion,N2O,0.6
petroquimica,nafta,N2O,0.6
petroquimica,gas_refineria,N2O,0.1
petroquimica,coque_petroleo,N2O,1.5
petroquimica,derivados_industria_petroleo,N2O,0.0
petroquimica,electricidad,N2O,0.0
petroquimica,carbon,N2O,1.5
petroquimica,coque_mineral,N2O,1.5
petroquimica,alquitran,N2O,0.6
petroquimica,gas_corriente,N2O,0.0
petroquimica,gas_coque,N2O,0.0
petroquimica,gas_alto_horno,N2O,0.1
petroquimica,gas_natural,N2O,0.1
petroquimica,metano,N2O,0.1
petroquimica,biogas,N2O,0.1
petroquimica,biomasa,N2O,0.0
petroquimica,solar,N2O,0.0
minas_varias,diesel,CO2,74100.0
minas_varias,petroleo_combustible,CO2,74100.0
minas_varias,gasolina,CO2,69300.0
minas_varias,kerenose,CO2,71900.0
minas_varias,gas_licuado,CO2,63100.0
minas_varias,gasolina_aviacion,CO2,70000.0
minas_varias,kerosene_aviacion,CO2,71500.0
minas_varias,nafta,CO2,73300.0
minas_varias,gas_refineria,CO2,57600.0
minas_varias,coque_petroleo,CO2,107000.0
minas_varias,derivados_industria_petroleo,CO2,0.0
minas_varias,electricidad,CO2,0.0
minas_varias,carbon,CO2,94600.0
minas_varias,coque_mineral,CO2,107000.0
minas_varias,alquitran,CO2,80700.0
minas_varias,gas_corriente,CO2,0.0
minas_varias,gas_coque,CO2,0.0
minas_varias,gas_alto_horno,CO2,260000.0
minas_varias,gas_natural,CO2,56100.0
minas_varias,metano,CO2,54600.0
minas_varias,biogas,CO2,54600.0
minas_varias,biomasa,CO2,0.0
minas_varias,solar,CO2,0.0
minas_varias,diesel,CH4,3.0
minas_varias,petroleo_combustible,CH4,3.0
minas_varias,gasolina,CH4,3.0
minas_varias,kerenose,CH4,3.0
minas_varias,gas_licuado,CH4,1.0
minas_varias,gasolina_aviacion,CH4,3.0
minas_varias,kerosene_aviacion,CH4,3.0
minas_varias,nafta,CH4,3.0
minas_varias,gas_refineria,CH4,1.0
minas_varias,coque_petroleo,CH4,1.0
minas_varias,derivados_industria_petroleo,CH4,0.0
minas_varias,electricidad,CH4,0.0
minas_varias,carbon,CH4,1.0
minas_varias,coque_mineral,CH4,1.0
minas_varias,alquitran,CH4,3.0
minas_varias,gas_corriente,CH4,0.0
minas_varias,gas_coque,CH4,0.0
minas_varias,gas_alto_horno,CH4,1.0
minas_varias,gas_natural,CH4,1.0
minas_varias,metano,CH4,1.0
minas_varias,biogas,CH4,1.0
minas_varias,biomasa,CH4,0.0
minas_varias,solar,CH4,0.0
minas_varias,diesel,N2O,0.6
minas_varias,petroleo_combustible,N2O,0.6
minas_varias,gasolina,N2O,0.6
minas_varias,kerenose,N2O,0.6
minas_varias,gas_licuado,N2O,0.1
minas_varias,gasolina_aviacion,N2O,0.6
minas_varias,kerosene_aviacion,N2O,0.6
minas_varias,nafta,N2O,0.6
minas_varias,gas_refineria,N2O,0.1
minas_varias,coque_petroleo,N2O,1.5
minas_varias,derivados_industria_petroleo,N2O,0.0
minas_varias,electricidad,N2O,0.0
minas_varias,carbon,N2O,1.5
minas_varias,coque_mineral,N2O,1.5
minas_varias,alquitran,N2O,0.6
minas_varias,gas_corriente,N2O,0.0
minas_varias,gas_coque,N2O,0.0
minas_varias,gas_alto_horno,N2O,0.1
minas_varias,gas_natural,N2O,0.1
minas_varias,metano,N2O,0.1
minas_varias,biogas,N2O,0.1
minas_varias,biomasa,N2O,0.0
minas_varias,solar,N2O,0.0
industrias_varias,diesel,CO2,74100.0
industrias_varias,petroleo_combustible,CO2,74100.0
industrias_varias,gasolina,CO2,69300.0
industrias_varias,kerenose,CO2,71900.0
industrias_varias,gas_licuado,CO2,63100.0
industrias_varias,gasolina_aviacion,CO2,70000.0
industrias_varias,kerosene_aviacion,CO2,71500.0
industrias_varias,nafta,CO2,73300.0
industrias_varias,gas_refineria,CO2,57600.0
industrias_varias,coque_petroleo,CO2,107000.0
industrias_varias,derivados_industria_petroleo,CO2,0.0
industrias_varias,electricidad,CO2,0.0
industrias_varias,carbon,CO2,94600.0
industrias_varias,coque_mineral,CO2,107000.0
industrias_varias,alquitran,CO2,80700.0
industrias_varias,gas_corriente,CO2,0.0
industrias_varias,gas_coque,CO2,0.0
industrias_varias,gas_alto_horno,CO2,260000.0
industrias_varias,gas_natural,CO2,56100.0
industrias_varias,metano,CO2,54600.0
industrias_varias,biogas,CO2,54600.0
industrias_varias,biomasa,CO2,0.0
industrias_varias,solar,CO2,0.0
industrias_varias,diesel,CH4,3.0
industrias_varias,petroleo_combustible,CH4,3.0
industrias_varias,gasolina,CH4,3.0
industrias_varias,kerenose,CH4,3.0
industrias_varias,gas_licuado,CH4,1.0
industrias_varias,gasolina_aviacion,CH4,3.0
industrias_varias,kerosene_aviacion,CH4,3.0
industrias_varias,nafta,CH4,3.0
industrias_varias,gas_refineria,CH4,1.0
industrias_varias,coque_petroleo,CH4,1.0
industrias_varias,derivados_industria_petroleo,CH4,0.0
industrias_varias,electricidad,CH4,0.0
industrias_varias,carbon,CH4,1.0
industrias_varias,coque_mineral,CH4,1.0
industrias_varias,alquitran,CH4,3.0
industrias_varias,gas_corriente,CH4,0.0
industrias_varias,gas_coque,CH4,0.0
industrias_varias,gas_alto_horno,CH4,1.0
industrias_varias,gas_natural,CH4,1.0
industrias_varias,metano,CH4,1.0
industrias_varias,biogas,CH4,1.0
industrias_varias,biomasa,CH4,0.0
industrias_varias,solar,CH4,0.0
industrias_varias,diesel,N2O,0.6
industrias_varias,petroleo_combustible,N2O,0.6
industrias_varias,gasolina,N2O,0.6
industrias_varias,kerenose,N2O,0.6
industrias_varias,gas_licuado,N2O,0.1
industrias_varias,gasolina_aviacion,N2O,0.6
industrias_varias,kerosene_aviacion,N2O,0.6
industrias_varias,nafta,N2O,0.6
industrias_varias,gas_refineria,N2O,0.1
industrias_varias,coque_petroleo,N2O,1.5
industrias_varias,derivados_industria_petroleo,N2O,0.0
industrias_varias,electricidad,N2O,0.0
industrias_varias,carbon,N2O,1.5
industrias_varias,coque_mineral,N2O,1.5
industrias_varias,alquitran,N2O,0.6
industrias_varias,gas_corriente,N2O,0.0
industrias_varias,gas_coque,N2O,0.0
industrias_varias,gas_alto_horno,N2O,0.1
industrias_varias,gas_natural,N2O,0.1
industrias_varias,metano,N2O,0.1
industrias_varias,biogas,N2O,0.1
industrias_varias,biomasa,N2O,0.0
industrias_varias,solar,N2O,0.0
cobre,diesel,CO2,74100.0
cobre,petroleo_combustible,CO2,74100.0
cobre,gasolina,CO2,69300.0
cobre,kerenose,CO2,71900.0
cobre,gas_licuado,CO2,63100.0
cobre,gasolina_aviacion,CO2,70000.0
cobre,kerosene_aviacion,CO2,71500.0
cobre,nafta,CO2,73300.0
cobre,gas_refineria,CO2,57600.0
cobre,coque_petroleo,CO2,107000.0
cobre,derivados_industria_petroleo,CO2,0.0
cobre,electricidad,CO2,0.0
cobre,carbon,CO2,94600.0
cobre,coque_mineral,CO2,107000.0
cobre,alquitran,CO2,80700.0
cobre,gas_corriente,CO2,0.0
cobre,gas_coque,CO2,0.0
cobre,gas_alto_horno,CO2,260000.0
cobre,gas_natural,CO2,56100.0
cobre,metano,CO2,54600.0
cobre,biogas,CO2,54600.0
cobre,biomasa,CO2,0.0
cobre,solar,CO2,0.0
cobre,diesel,CH4,3.0
cobre,petroleo_combustible,CH4,3.0
cobre,gasolina,CH4,3.0
cobre,kerenose,CH4,3.0
cobre,gas_licuado,CH4,1.0
cobre,gasolina_aviacion,CH4,3.0
cobre,kerosene_aviacion,CH4,3.0
cobre,nafta,CH4,3.0
cobre,gas_refineria,CH4,1.0
cobre,coque_petroleo,CH4,1.0
cobre,derivados_industria_petroleo,CH4,0.0
cobre,electricidad,CH4,0.0
cobre,carbon,CH4,1.0
cobre,coque_mineral,CH4,1.0
cobre,alquitran,CH4,3.0
cobre,gas_corriente,CH4,0.0
cobre,gas_coque,CH4,0.0
cobre,gas_alto_horno,CH4,1.0
cobre,gas_natural,CH4,1.0
cobre,metano,CH4,1.0
cobre,biogas,CH4,1.0
cobre,biomasa,CH4,0.0
cobre,solar,CH4,0.0
cobre,diesel,N2O,0.6
cobre,petroleo_combustible,N2O,0.6
cobre,gasolina,N2O,0.6
cobre,kerenose,N2O,0.6
cobre,gas_licuado,N2O,0.1
cobre,gasolina_aviacion,N2O,0.6
cobre,kerosene_aviacion,N2O,0.6
cobre,nafta,N2O,0.6
cobre,gas_refineria,N2O,0.1
cobre,coque_petroleo,N2O,1.5
cobre,derivados_industria_petroleo,N2O,0.0
cobre,electricidad,N2O,0.0
cobre,carbon,N2O,1.5
cobre,coque_mineral,N2O,1.5
cobre,alquitran,N2O,0.6
cobre,gas_corriente,N2O,0.0
cobre,gas_coque,N2O,0.0
cobre,gas_alto_horno,N2O,0.1
cobre,gas_natural,N2O,0.1
cobre,metano,N2O,0.1
cobre,biogas,N2O,0.1
cobre,biomasa,N2O,0.0
cobre,solar,N2O,0.0
generacion_electrica,diesel,CO2,74100.0
generacion_electrica,petroleo_combustible,CO2,74100.0
generacion_electrica,gasolina,CO2,69300.0
generacion_electrica,kerenose,CO2,71900.0
generacion_electrica,gas_licuado,CO2,63100.0
generacion_electrica,gasolina_aviacion,CO2,70000.0
generacion_electrica,kerosene_aviacion,CO2,71500.0
generacion_electrica,nafta,CO2,73300.0
generacion_electrica,gas_refineria,CO2,57600.0
generacion_electrica,coque_petroleo,CO2,107000.0
generacion_electrica,derivados_industria_petroleo,CO2,0.0
generacion_electrica,electricidad,CO2,0.0
generacion_electrica,carbon,CO2,94600.0
generacion_electrica,coque_mineral,CO2,107000.0
generacion_electrica,alquitran,CO2,80700.0
generacion_electrica,gas_corriente,CO2,0.0
generacion_electrica,gas_coque,CO2,0.0
generacion_electrica,gas_alto_horno,CO2,260000.0
generacion_electrica,gas_natural,CO2,56100.0
generacion_electrica,metano,CO2,54600.0
generacion_electrica,biogas,CO2,54600.0
generacion_electrica,biomasa,CO2,0.0
generacion_electrica,solar,CO2,0.0
generacion_electrica,diesel,CH4,3.0
generacion_electrica,petroleo_combustible,CH4,3.0
generacion_electrica,gasolina,CH4,3.0
generacion_electrica,kerenose,CH4,3.0
generacion_electrica,gas_licuado,CH4,1.0
generacion_electrica,gasolina_aviacion,CH4,3.0
generacion_electrica,kerosene_aviacion,CH4,3.0
generacion_electrica,nafta,CH4,3.0
generacion_electrica,gas_refineria,CH4,1.0
generacion_electrica,coque_petroleo,CH4,1.0
generacion_electrica,derivados_industria_petroleo,CH4,0.0
generacion_electrica,electricidad,CH4,0.0
generacion_electrica,carbon,CH4,1.0
generacion_electrica,coque_mineral,CH4,1.0
generacion_electrica,alquitran,CH4,3.0
generacion_electrica,gas_corriente,CH4,0.0
generacion_electrica,gas_coque,CH4,0.0
generacion_electrica,gas_alto_horno,CH4,1.0
generacion_electrica,gas_natural,CH4,1.0
generacion_electrica,metano,CH4,1.0
generacion_electrica,biogas,CH4,1.0
generacion_electrica,biomasa,CH4,0.0
generacion_electrica,solar,CH4,0.0
generacion_electrica,diesel,N2O,0.6
generacion_electrica,petroleo_combustible,N2O,0.6
generacion_electrica,gasolina,N2O,0.6
generacion_electrica,kerenose,N2O,0.6
generacion_electrica,gas_licuado,N2O,0.1
generacion_electrica,gasolina_aviacion,N2O,0.6
generacion_electrica,kerosene_aviacion,N2O,0.6
generacion_electrica,nafta,N2O,0.6
generacion_electrica,gas_refineria,N2O,0.1
generacion_electrica,coque_petroleo,N2O,1.5
generacion_electrica,derivados_industria_petroleo,N2O,0.0
generacion_electrica,electricidad,N2O,0.0
generacion_electrica,carbon,N2O,1.5
generacion_electrica,coque_mineral,N2O,1.5
generacion_electrica,alquitran,N2O,0.6
generacion_electrica,gas_corriente,N2O,0.0
generacion_electrica,gas_coque,N2O,0.0
generacion_electrica,gas_alto_horno,N2O,0.1
generacion_electrica,gas_natural,N2O,0.1
generacion_electrica,metano,N2O,0.1
generacion_electrica,biogas,N2O,0.1
generacion_electrica,biomasa,N2O,0.0
generacion_electrica,solar,N2O,0.0
azucar,hidrogeno,CO2,0.0
azucar,hidrogeno,CH4,0.0
azucar,hidrogeno,N2O,0.0
celulosa,hidrogeno,CO2,0.0
celulosa,hidrogeno,CH4,0.0
celulosa,hidrogeno,N2O,0.0
cemento,hidrogeno,CO2,0.0
cemento,hidrogeno,CH4,0.0
cemento,hidrogeno,N2O,0.0
hierro,hidrogeno,CO2,0.0
hierro,hidrogeno,CH4,0.0
hierro,hidrogeno,N2O,0.0
pesca,hidrogeno,CO2,0.0
pesca,hidrogeno,CH4,0.0
pesca,hidrogeno,N2O,0.0
siderurgia,hidrogeno,CO2,0.0
siderurgia,hidrogeno,CH4,0.0
siderurgia,hidrogeno,N2O,0.0
petroquimica,hidrogeno,CO2,0.0
petroquimica,hidrogeno,CH4,0.0
petroquimica,hidrogeno,N2O,0.0
minas_varias,hidrogeno,CO2,0.0
minas_varias,hidrogeno,CH4,0.0
minas_varias,hidrogeno,N2O,0.0
industrias_varias,hidrogeno,CO2,0.0
industrias_varias,hidrogeno,CH4,0.0
industrias_varias,hidrogeno,N2O,0.0
cobre,hidrogeno,CO2,0.0
cobre,hidrogeno,CH4,0.0
cobre,hidrogeno,N2O,0.0
generacion_electrica,hidrogeno,CO2,0.0
generacion_electrica,hidrogeno,CH4,0.0
generacion_electrica,hidrogeno,N2O,0.0
transporte_terrestre,diesel,CO2,74100.0
transporte_terrestre,petroleo_combustible,CO2,74100.0
transporte_terrestre,gasolina,CO2,69300.0
transporte_terrestre,kerosene,CO2,71900.0
transporte_terrestre,gas_licuado,CO2,63100.0
transporte_terrestre,gasolina_aviacion,CO2,70000.0
transporte_terrestre,kerosene_aviacion,CO2,71500.0
transporte_terrestre,nafta,CO2,73300.0
transporte_terrestre,gas_refineria,CO2,57600.0
transporte_terrestre,coque_petroleo,CO2,107000.0
transporte_terrestre,derivados_industria_petroleo,CO2,0.0
transporte_terrestre,electricidad,CO2,0.0
transporte_terrestre,carbon,CO2,94600.0
transporte_terrestre,coque_mineral,CO2,107000.0
transporte_terrestre,alquitran,CO2,80700.0
transporte_terrestre,gas_corriente,CO2,0.0
transporte_terrestre,gas_coque,CO2,0.0
transporte_terrestre,gas_alto_horno,CO2,260000.0
transporte_terrestre,gas_natural,CO2,56100.0
transporte_terrestre,metano,CO2,54600.0
transporte_terrestre,biogas,CO2,54600.0
transporte_terrestre,biomasa,CO2,0.0
transporte_terrestre,solar,CO2,0.0
transporte_terrestre,diesel,CH4,3.0
transporte_terrestre,petroleo_combustible,CH4,3.0
transporte_terrestre,gasolina,CH4,3.0
transporte_terrestre,kerosene,CH4,3.0
transporte_terrestre,gas_licuado,CH4,1.0
transporte_terrestre,gasolina_aviacion,CH4,3.0
transporte_terrestre,kerosene_aviacion,CH4,3.0
transporte_terrestre,nafta,CH4,3.0
transporte_terrestre,gas_refineria,CH4,1.0
transporte_terrestre,coque_petroleo,CH4,1.0
transporte_terrestre,derivados_industria_petroleo,CH4,0.0
transporte_terrestre,electricidad,CH4,0.0
transporte_terrestre,carbon,CH4,1.0
transporte_terrestre,coque_mineral,CH4,1.0
transporte_terrestre,alquitran,CH4,3.0
transporte_terrestre,gas_corriente,CH4,0.0
transporte_terrestre,gas_coque,CH4,0.0
transporte_terrestre,gas_alto_horno,CH4,1.0
transporte_terrestre,gas_natural,CH4,1.0
transporte_terrestre,metano,CH4,1.0
transporte_terrestre,biogas,CH4,1.0
transporte_terrestre,biomasa,CH4,0.0
transporte_terrestre,solar,CH4,0.0
transporte_terrestre,diesel,N2O,0.6
transporte_terrestre,petroleo_combustible,N2O,0.6
transporte_terrestre,gasolina,N2O,0.6
transporte_terrestre,kerosene,N2O,0.6
transporte_terrestre,gas_licuado,N2O,0.1
transporte_terrestre,gasolina_aviacion,N2O,0.6
transporte_terrestre,kerosene_aviacion,N2O,0.6
transporte_terrestre,nafta,N2O,0.6
transporte_terrestre,gas_refineria,N2O,0.1
transporte_terrestre,coque_petroleo,N2O,1.5
transporte_terrestre,derivados_industria_petroleo,N2O,0.0
transporte_terrestre,electricidad,N2O,0.0
transporte_terrestre,carbon,N2O,1.5
transporte_terrestre,coque_mineral,N2O,1.5
transporte_terrestre,alquitran,N2O,0.6
transporte_terrestre,gas_corriente,N2O,0.0
transporte_terrestre,gas_coque,N2O,0.0
transporte_terrestre,gas_alto_horno,N2O,0.1
transporte_terrestre,gas_natural,N2O,0.1
transporte_terrestre,metano,N2O,0.1
transporte_terrestre,biogas,N2O,0.1
transporte_terrestre,biomasa,N2O,0.0
transporte_terrestre,solar,N2O,0.0
residencial,diesel,CO2,74100.0
residencial,petroleo_combustible,CO2,74100.0
residencial,gasolina,CO2,69300.0
residencial,kerosene,CO2,71900.0
residencial,gas_licuado,CO2,63100.0
residencial,gasolina_aviacion,CO2,70000.0
residencial,kerosene_aviacion,CO2,71500.0
residencial,nafta,CO2,73300.0
residencial,gas_refineria,CO2,57600.0
residencial,coque_petroleo,CO2,107000.0
residencial,derivados_industria_petroleo,CO2,0.0
residencial,electricidad,CO2,0.0
residencial,carbon,CO2,94600.0
residencial,coque_mineral,CO2,107000.0
residencial,alquitran,CO2,80700.0
residencial,gas_corriente,CO2,0.0
residencial,gas_coque,CO2,0.0
residencial,gas_alto_horno,CO2,260000.0
residencial,gas_natural,CO2,56100.0
residencial,metano,CO2,54600.0
residencial,biogas,CO2,54600.0
residencial,biomasa,CO2,0.0
residencial,solar,CO2,0.0
residencial,diesel,CH4,3.0
residencial,petroleo_combustible,CH4,3.0
residencial,gasolina,CH4,3.0
residencial,kerosene,CH4,3.0
residencial,gas_licuado,CH4,1.0
residencial,gasolina_aviacion,CH4,3.0
residencial,kerosene_aviacion,CH4,3.0
residencial,nafta,CH4,3.0
residencial,gas_refineria,CH4,1.0
residencial,coque_petroleo,CH4,1.0
residencial,derivados_industria_petroleo,CH4,0.0
residencial,electricidad,CH4,0.0
residencial,carbon,CH4,1.0
residencial,coque_mineral,CH4,1.0
residencial,alquitran,CH4,3.0
residencial,gas_corriente,CH4,0.0
residencial,gas_coque,CH4,0.0
residencial,gas_alto_horno,CH4,1.0
residencial,gas_natural,CH4,1.0
residencial,metano,CH4,1.0
residencial,biogas,CH4,1.0
residencial,biomasa,CH4,0.0
residencial,solar,CH4,0.0
residencial,diesel,N2O,0.6
residencial,petroleo_combustible,N2O,0.6
residencial,gasolina,N2O,0.6
residencial,kerosene,N2O,0.6
residencial,gas_licuado,N2O,0.1
residencial,gasolina_aviacion,N2O,0.6
residencial,kerosene_aviacion,N2O,0.6
residencial,nafta,N2O,0.6
residencial,gas_refineria,N2O,0.1
residencial,coque_petroleo,N2O,1.5
residencial,derivados_industria_petroleo,N2O,0.0
residencial,electricidad,N2O,0.0
residencial,carbon,N2O,1.5
residencial,coque_mineral,N2O,1.5
residencial,alquitran,N2O,0.6
residencial,gas_corriente,N2O,0.0
residencial,gas_coque,N2O,0.0
residencial,gas_alto_horno,N2O,0.1
residencial,gas_natural,N2O,0.1
residencial,metano,N2O,0.1
residencial,biogas,N2O,0.1
residencial,biomasa,N2O,0.0
residencial,solar,N2O,0.0
comercial,diesel,CO2,74100.0
comercial,petroleo_combustible,CO2,74100.0
comercial,gasolina,CO2,69300.0
comercial,kerosene,CO2,71900.0
comercial,gas_licuado,CO2,63100.0
comercial,gasolina_aviacion,CO2,70000.0
comercial,kerosene_aviacion,CO2,71500.0
comercial,nafta,CO2,73300.0
comercial,gas_refineria,CO2,57600.0
comercial,coque_petroleo,CO2,107000.0
comercial,derivados_industria_petroleo,CO2,0.0
comercial,electricidad,CO2,0.0
comercial,carbon,CO2,94600.0
comercial,coque_mineral,CO2,107000.0
comercial,alquitran,CO2,80700.0
comercial,gas_corriente,CO2,0.0
comercial,gas_coque,CO2,0.0
comercial,gas_alto_horno,CO2,260000.0
comercial,gas_natural,CO2,56100.0
comercial,metano,CO2,54600.0
comercial,biogas,CO2,54600.0
comercial,biomasa,CO2,0.0
comercial,solar,CO2,0.0
comercial,diesel,CH4,3.0
comercial,petroleo_combustible,CH4,3.0
comercial,gasolina,CH4,3.0
comercial,kerosene,CH4,3.0
comercial,gas_licuado,CH4,1.0
comercial,gasolina_aviacion,CH4,3.0
comercial,kerosene_aviacion,CH4,3.0
comercial,nafta,CH4,3.0
comercial,gas_refineria,CH4,1.0
comercial,coque_petroleo,CH4,1.0
comercial,derivados_industria_petroleo,CH4,0.0
comercial,electricidad,CH4,0.0
comercial,carbon,CH4,1.0
comercial,coque_mineral,CH4,1.0
comercial,alquitran,CH4,3.0
comercial,gas_corriente,CH4,0.0
comercial,gas_coque,CH4,0.0
comercial,gas_alto_horno,CH4,1.0
comercial,gas_natural,CH4,1.0
comercial,metano,CH4,1.0
comercial,biogas,CH4,1.0
comercial,biomasa,CH4,0.0
comercial,solar,CH4,0.0
comercial,diesel,N2O,0.6
comercial,petroleo_combustible,N2O,0.6
comercial,gasolina,N2O,0.6
comercial,kerosene,N2O,0.6
comercial,gas_licuado,N2O,0.1
comercial,gasolina_aviacion,N2O,0.6
comercial,kerosene_aviacion,N2O,0.6
comercial,nafta,N2O,0.6
comercial,gas_refineria,N2O,0.1
comercial,coque_petroleo,N2O,1.5
comercial,derivados_industria_petroleo,N2O,0.0
comercial,electricidad,N2O,0.0
comercial,carbon,N2O,1.5
comercial,coque_mineral,N2O,1.5
comercial,alquitran,N2O,0.6
comercial,gas_corriente,N2O,0.0
comercial,gas_coque,N2O,0.0
comercial,gas_alto_horno,N2O,0.1
comercial,gas_natural,N2O,0.1
comercial,metano,N2O,0.1
comercial,biogas,N2O,0.1
comercial,biomasa,N2O,0.0
comercial,solar,N2O,0.0
publico,diesel,CO2,74100.0
publico,petroleo_combustible,CO2,74100.0
publico,gasolina,CO2,69300.0
publico,kerosene,CO2,71900.0
publico,gas_licuado,CO2,63100.0
publico,gasolina_aviacion,CO2,70000.0
publico,kerosene_aviacion,CO2,71500.0
publico,nafta,CO2,73300.0
publico,gas_refineria,CO2,57600.0
publico,coque_petroleo,CO2,107000.0
publico,derivados_industria_petroleo,CO2,0.0
publico,electricidad,CO2,0.0
publico,carbon,CO2,94600.0
publico,coque_mineral,CO2,107000.0
publico,alquitran,CO2,80700.0
publico,gas_corriente,CO2,0.0
publico,gas_coque,CO2,0.0
publico,gas_alto_horno,CO2,260000.0
publico,gas_natural,CO2,56100.0
publico,metano,CO2,54600.0
publico,biogas,CO2,54600.0
publico,biomasa,CO2,0.0
publico,solar,CO2,0.0
publico,diesel,CH4,3.0
publico,petroleo_combustible,CH4,3.0
publico,gasolina,CH4,3.0
publico,kerosene,CH4,3.0
publico,gas_licuado,CH4,1.0
publico,gasolina_aviacion,CH4,3.0
publico,kerosene_aviacion,CH4,3.0
publico,nafta,CH4,3.0
publico,gas_refineria,CH4,1.0
publico,coque_petroleo,CH4,1.0
publico,derivados_industria_petroleo,CH4,0.0
publico,electricidad,CH4,0.0
publico,carbon,CH4,1.0
publico,coque_mineral,CH4,1.0
publico,alquitran,CH4,3.0
publico,gas_corriente,CH4,0.0
publico,gas_coque,CH4,0.0
publico,gas_alto_horno,CH4,1.0
publico,gas_natural,CH4,1.0
publico,metano,CH4,1.0
publico,biogas,CH4,1.0
publico,biomasa,CH4,0.0
publico,solar,CH4,0.0
publico,diesel,N2O,0.6
publico,petroleo_combustible,N2O,0.6
publico,gasolina,N2O,0.6
publico,kerosene,N2O,0.6
publico,gas_licuado,N2O,0.1
publico,gasolina_aviacion,N2O,0.6
publico,kerosene_aviacion,N2O,0.6
publico,nafta,N2O,0.6
publico,gas_refineria,N2O,0.1
publico,coque_petroleo,N2O,1.5
publico,derivados_industria_petroleo,N2O,0.0
publico,electricidad,N2O,0.0
publico,carbon,N2O,1.5
publico,coque_mineral,N2O,1.5
publico,alquitran,N2O,0.6
publico,gas_corriente,N2O,0.0
publico,gas_coque,N2O,0.0
publico,gas_alto_horno,N2O,0.1
publico,gas_natural,N2O,0.1
publico,metano,N2O,0.1
publico,biogas,N2O,0.1
publico,biomasa,N2O,0.0
publico,solar,N2O,0.0
transporte_caminero_pasajeros,diesel,CO2,74100.0
transporte_caminero_pasajeros,petroleo_combustible,CO2,74100.0
transporte_caminero_pasajeros,gasolina,CO2,69300.0
transporte_caminero_pasajeros,kerenose,CO2,71900.0
transporte_caminero_pasajeros,gas_licuado,CO2,63100.0
transporte_caminero_pasajeros,gasolina_aviacion,CO2,70000.0
transporte_caminero_pasajeros,kerosene_aviacion,CO2,71500.0
transporte_caminero_pasajeros,nafta,CO2,73300.0
transporte_caminero_pasajeros,gas_refineria,CO2,57600.0
transporte_caminero_pasajeros,coque_petroleo,CO2,107000.0
transporte_caminero_pasajeros,derivados_industria_petroleo,CO2,0.0
transporte_caminero_pasajeros,electricidad,CO2,0.0
transporte_caminero_pasajeros,carbon,CO2,94600.0
transporte_caminero_pasajeros,coque_mineral,CO2,107000.0
transporte_caminero_pasajeros,alquitran,CO2,80700.0
transporte_caminero_pasajeros,gas_corriente,CO2,0.0
transporte_caminero_pasajeros,gas_coque,CO2,0.0
transporte_caminero_pasajeros,gas_alto_horno,CO2,260000.0
transporte_caminero_pasajeros,gas_natural,CO2,56100.0
transporte_caminero_pasajeros,metano,CO2,54600.0
transporte_caminero_pasajeros,biogas,CO2,54600.0
transporte_caminero_pasajeros,biomasa,CO2,112000.0
transporte_caminero_pasajeros,solar,CO2,0.0
transporte_caminero_pasajeros,diesel,CH4,3.0
transporte_caminero_pasajeros,petroleo_combustible,CH4,3.0
transporte_caminero_pasajeros,gasolina,CH4,3.0
transporte_caminero_pasajeros,kerenose,CH4,3.0
transporte_caminero_pasajeros,gas_licuado,CH4,1.0
transporte_caminero_pasajeros,gasolina_aviacion,CH4,3.0
transporte_caminero_pasajeros,kerosene_aviacion,CH4,3.0
transporte_caminero_pasajeros,nafta,CH4,3.0
transporte_caminero_pasajeros,gas_refineria,CH4,1.0
transporte_caminero_pasajeros,coque_petroleo,CH4,1.0
transporte_caminero_pasajeros,derivados_industria_petroleo,CH4,0.0
transporte_caminero_pasajeros,electricidad,CH4,0.0
transporte_caminero_pasajeros,carbon,CH4,1.0
transporte_caminero_pasajeros,coque_mineral,CH4,1.0
transporte_caminero_pasajeros,alquitran,CH4,3.0
transporte_caminero_pasajeros,gas_corriente,CH4,0.0
transporte_caminero_pasajeros,gas_coque,CH4,0.0
transporte_caminero_pasajeros,gas_alto_horno,CH4,1.0
transporte_caminero_pasajeros,gas_natural,CH4,1.0
transporte_caminero_pasajeros,metano,CH4,1.0
transporte_caminero_pasajeros,biogas,CH4,1.0
transporte_caminero_pasajeros,biomasa,CH4,30.0
transporte_caminero_pasajeros,solar,CH4,0.0
transporte_caminero_pasajeros,diesel,N2O,0.6
transporte_caminero_pasajeros,petroleo_combustible,N2O,0.6
transporte_caminero_pasajeros,gasolina,N2O,0.6
transporte_caminero_pasajeros,kerenose,N2O,0.6
transporte_caminero_pasajeros,gas_licuado,N2O,0.1
transporte_caminero_pasajeros,gasolina_aviacion,N2O,0.6
transporte_caminero_pasajeros,kerosene_aviacion,N2O,0.6
transporte_caminero_pasajeros,nafta,N2O,0.6
transporte_caminero_pasajeros,gas_refineria,N2O,0.1
transporte_caminero_pasajeros,coque_petroleo,N2O,1.5
transporte_caminero_pasajeros,derivados_industria_petroleo,N2O,0.0
transporte_caminero_pasajeros,electricidad,N2O,0.0
transporte_caminero_pasajeros,carbon,N2O,1.5
transporte_caminero_pasajeros,coque_mineral,N2O,1.5
transporte_caminero_pasajeros,alquitran,N2O,0.6
transporte_caminero_pasajeros,gas_corriente,N2O,0.0
transporte_caminero_pasajeros,gas_coque,N2O,0.0
transporte_caminero_pasajeros,gas_alto_horno,N2O,0.1
transporte_caminero_pasajeros,gas_natural,N2O,0.1
transporte_caminero_pasajeros,metano,N2O,0.1
transporte_caminero_pasajeros,biogas,N2O,0.1
transporte_caminero_pasajeros,biomasa,N2O,4.0
transporte_caminero_pasajeros,solar,N2O,0.0
transporte_caminero_carga,diesel,CO2,74100.0
transporte_caminero_carga,petroleo_combustible,CO2,74100.0
transporte_caminero_carga,gasolina,CO2,69300.0
transporte_caminero_carga,kerenose,CO2,71900.0
transporte_caminero_carga,gas_licuado,CO2,63100.0
transporte_caminero_carga,gasolina_aviacion,CO2,70000.0
transporte_caminero_carga,kerosene_aviacion,CO2,71500.0
transporte_caminero_carga,nafta,CO2,73300.0
transporte_caminero_carga,gas_refineria,CO2,57600.0
transporte_caminero_carga,coque_petroleo,CO2,107000.0
transporte_caminero_carga,derivados_industria_petroleo,CO2,0.0
transporte_caminero_carga,electricidad,CO2,0.0
transporte_caminero_carga,carbon,CO2,94600.0
transporte_caminero_carga,coque_mineral,CO2,107000.0
transporte_caminero_carga,alquitran,CO2,80700.0
transporte_caminero_carga,gas_corriente,CO2,0.0
transporte_caminero_carga,gas_coque,CO2,0.0
transporte_caminero_carga,gas_alto_horno,CO2,260000.0
transporte_caminero_carga,gas_natural,CO2,56100.0
transporte_caminero_carga,metano,CO2,54600.0
transporte_caminero_carga,biogas,CO2,54600.0
transporte_caminero_carga,biomasa,CO2,112000.0
transporte_caminero_carga,solar,CO2,0.0
transporte_caminero_carga,diesel,CH4,3.0
transporte_caminero_carga,petroleo_combustible,CH4,3.0
transporte_caminero_carga,gasolina,CH4,3.0
transporte_caminero_carga,kerenose,CH4,3.0
transporte_caminero_carga,gas_licuado,CH4,1.0
transporte_caminero_carga,gasolina_aviacion,CH4,3.0
transporte_caminero_carga,kerosene_aviacion,CH4,3.0
transporte_caminero_carga,nafta,CH4,3.0
transporte_caminero_carga,gas_refineria,CH4,1.0
transporte_caminero_carga,coque_petroleo,CH4,1.0
transporte_caminero_carga,derivados_industria_petroleo,CH4,0.0
transporte_caminero_carga,electricidad,CH4,0.0
transporte_caminero_carga,carbon,CH4,1.0
transporte_caminero_carga,coque_mineral,CH4,1.0
transporte_caminero_carga,alquitran,CH4,3.0
transporte_caminero_carga,gas_corriente,CH4,0.0
transporte_caminero_carga,gas_coque,CH4,0.0
transporte_caminero_carga,gas_alto_horno,CH4,1.0
transporte_caminero_carga,gas_natural,CH4,1.0
transporte_caminero_carga,metano,CH4,1.0
transporte_caminero_carga,biogas,CH4,1.0
transporte_caminero_carga,biomasa,CH4,30.0
transporte_caminero_carga,solar,CH4,0.0
transporte_caminero_carga,diesel,N2O,0.6
transporte_caminero_carga,petroleo_combustible,N2O,0.6
transporte_caminero_carga,gasolina,N2O,0.6
transporte_caminero_carga,kerenose,N2O,0.6
transporte_caminero_carga,gas_licuado,N2O,0.1
transporte_caminero_carga,gasolina_aviacion,N2O,0.6
transporte_caminero_carga,kerosene_aviacion,N2O,0.6
transporte_caminero_carga,nafta,N2O,0.6
transporte_caminero_carga,gas_refineria,N2O,0.1
transporte_caminero_carga,coque_petroleo,N2O,1.5
transporte_caminero_carga,derivados_industria_petroleo,N2O,0.0
transporte_caminero_carga,electricidad,N2O,0.0
transporte_caminero_carga,carbon,N2O,1.5
transporte_caminero_carga,coque_mineral,N2O,1.5
transporte_caminero_carga,alquitran,N2O,0.6
transporte_caminero_carga,gas_corriente,N2O,0.0
transporte_caminero_carga,gas_coque,N2O,0.0
transporte_caminero_carga,gas_alto_horno,N2O,0.1
transporte_caminero_carga,gas_natural,N2O,0.1
transporte_caminero_carga,metano,N2O,0.1
transporte_caminero_carga,biogas,N2O,0.1
transporte_caminero_carga,biomasa,N2O,4.0
transporte_caminero_carga,solar,N2O,0.0
transporte_aereo,diesel,CO2,74100.0
transporte_aereo,petroleo_combustible,CO2,74100.0
transporte_aereo,gasolina,CO2,69300.0
transporte_aereo,kerenose,CO2,71900.0
transporte_aereo,gas_licuado,CO2,63100.0
transporte_aereo,gasolina_aviacion,CO2,70000.0
transporte_aereo,kerosene_aviacion,CO2,71500.0
transporte_aereo,nafta,CO2,73300.0
transporte_aereo,gas_refineria,CO2,57600.0
transporte_aereo,coque_petroleo,CO2,107000.0
transporte_aereo,derivados_industria_petroleo,CO2,0.0
transporte_aereo,electricidad,CO2,0.0
transporte_aereo,carbon,CO2,94600.0
transporte_aereo,coque_mineral,CO2,107000.0
transporte_aereo,alquitran,CO2,80700.0
transporte_aereo,gas_corriente,CO2,0.0
transporte_aereo,gas_coque,CO2,0.0
transporte_aereo,gas_alto_horno,CO2,260000.0
transporte_aereo,gas_natural,CO2,56100.0
transporte_aereo,metano,CO2,54600.0
transporte_aereo,biogas,CO2,54600.0
transporte_aereo,biomasa,CO2,112000.0
transporte_aereo,solar,CO2,0.0
transporte_aereo,diesel,CH4,3.0
transporte_aereo,petroleo_combustible,CH4,3.0
transporte_aereo,gasolina,CH4,3.0
transporte_aereo,kerenose,CH4,3.0
transporte_aereo,gas_licuado,CH4,1.0
transporte_aereo,gasolina_aviacion,CH4,3.0
transporte_aereo,kerosene_aviacion,CH4,3.0
transporte_aereo,nafta,CH4,3.0
transporte_aereo,gas_refineria,CH4,1.0
transporte_aereo,coque_petroleo,CH4,1.0
transporte_aereo,derivados_industria_petroleo,CH4,0.0
transporte_aereo,electricidad,CH4,0.0
transporte_aereo,carbon,CH4,1.0
transporte_aereo,coque_mineral,CH4,1.0
transporte_aereo,alquitran,CH4,3.0
transporte_aereo,gas_corriente,CH4,0.0
transporte_aereo,gas_coque,CH4,0.0
transporte_aereo,gas_alto_horno,CH4,1.0
transporte_aereo,gas_natural,CH4,1.0
transporte_aereo,metano,CH4,1.0
transporte_aereo,biogas,CH4,1.0
transporte_aereo,biomasa,CH4,30.0
transporte_aereo,solar,CH4,0.0
transporte_aereo,diesel,N2O,0.6
transporte_aereo,petroleo_combustible,N2O,0.6
transporte_aereo,gasolina,N2O,0.6
transporte_aereo,kerenose,N2O,0.6
transporte_aereo,gas_licuado,N2O,0.1
transporte_aereo,gasolina_aviacion,N2O,0.6
transporte_aereo,kerosene_aviacion,N2O,0.6
transporte_aereo,nafta,N2O,0.6
transporte_aereo,gas_refineria,N2O,0.1
transporte_aereo,coque_petroleo,N2O,1.5
transporte_aereo,derivados_industria_petroleo,N2O,0.0
transporte_aereo,electricidad,N2O,0.0
transporte_aereo,carbon,N2O,1.5
transporte_aereo,coque_mineral,N2O,1.5
transporte_aereo,alquitran,N2O,0.6
transporte_aereo,gas_corriente,N2O,0.0
transporte_aereo,gas_coque,N2O,0.0
transporte_aereo,gas_alto_horno,N2O,0.1
transporte_aereo,gas_natural,N2O,0.1
transporte_aereo,metano,N2O,0.1
transporte_aereo,biogas,N2O,0.1
transporte_aereo,biomasa,N2O,4.0
transporte_aereo,solar,N2O,0.0
transporte_maritimo,diesel,CO2,74100.0
transporte_maritimo,petroleo_combustible,CO2,74100.0
transporte_maritimo,gasolina,CO2,69300.0
transporte_maritimo,kerenose,CO2,71900.0
transporte_maritimo,gas_licuado,CO2,63100.0
transporte_maritimo,gasolina_aviacion,CO2,70000.0
transporte_maritimo,kerosene_aviacion,CO2,71500.0
transporte_maritimo,nafta,CO2,73300.0
transporte_maritimo,gas_refineria,CO2,57600.0
transporte_maritimo,coque_petroleo,CO2,107000.0
transporte_maritimo,derivados_industria_petroleo,CO2,0.0
transporte_maritimo,electricidad,CO2,0.0
transporte_maritimo,carbon,CO2,94600.0
transporte_maritimo,coque_mineral,CO2,107000.0
transporte_maritimo,alquitran,CO2,80700.0
transporte_maritimo,gas_corriente,CO2,0.0
transporte_maritimo,gas_coque,CO2,0.0
transporte_maritimo,gas_alto_horno,CO2,260000.0
transporte_maritimo,gas_natural,CO2,56100.0
transporte_maritimo,metano,CO2,54600.0
transporte_maritimo,biogas,CO2,54600.0
transporte_maritimo,biomasa,CO2,112000.0
transporte_maritimo,solar,CO2,0.0
transporte_maritimo,diesel,CH4,3.0
transporte_maritimo,petroleo_combustible,CH4,3.0
transporte_maritimo,gasolina,CH4,3.0
transporte_maritimo,kerenose,CH4,3.0
transporte_maritimo,gas_licuado,CH4,1.0
transporte_maritimo,gasolina_aviacion,CH4,3.0
transporte_maritimo,kerosene_aviacion,CH4,3.0
transporte_maritimo,nafta,CH4,3.0
transporte_maritimo,gas_refineria,CH4,1.0
transporte_maritimo,coque_petroleo,CH4,1.0
transporte_maritimo,derivados_industria_petroleo,CH4,0.0
transporte_maritimo,electricidad,CH4,0.0
transporte_maritimo,carbon,CH4,1.0
transporte_maritimo,coque_mineral,CH4,1.0
transporte_maritimo,alquitran,CH4,3.0
transporte_maritimo,gas_corriente,CH4,0.0
transporte_maritimo,gas_coque,CH4,0.0
transporte_maritimo,gas_alto_horno,CH4,1.0
transporte_maritimo,gas_natural,CH4,1.0
transporte_maritimo,metano,CH4,1.0
transporte_maritimo,biogas,CH4,1.0
transporte_maritimo,biomasa,CH4,30.0
transporte_maritimo,solar,CH4,0.0
transporte_maritimo,diesel,N2O,0.6
transporte_maritimo,petroleo_combustible,N2O,0.6
transporte_maritimo,gasolina,N2O,0.6
transporte_maritimo,kerenose,N2O,0.6
transporte_maritimo,gas_licuado,N2O,0.1
transporte_maritimo,gasolina_aviacion,N2O,0.6
transporte_maritimo,kerosene_aviacion,N2O,0.6
transporte_maritimo,nafta,N2O,0.6
transporte_maritimo,gas_refineria,N2O,0.1
transporte_maritimo,coque_petroleo,N2O,1.5
transporte_maritimo,derivados_industria_petroleo,N2O,0.0
transporte_maritimo,electricidad,N2O,0.0
transporte_maritimo,carbon,N2O,1.5
transporte_maritimo,coque_mineral,N2O,1.5
transporte_maritimo,alquitran,N2O,0.6
transporte_maritimo,gas_corriente,N2O,0.0
transporte_maritimo,gas_coque,N2O,0.0
transporte_maritimo,gas_alto_horno,N2O,0.1
transporte_maritimo,gas_natural,N2O,0.1
transporte_maritimo,metano,N2O,0.1
transporte_maritimo,biogas,N2O,0.1
transporte_maritimo,biomasa,N2O,4.0
transporte_maritimo,solar,N2O,0.0
transporte_ferroviario_pasajeros,diesel,CO2,74100.0
transporte_ferroviario_pasajeros,petroleo_combustible,CO2,74100.0
transporte_ferroviario_pasajeros,gasolina,CO2,69300.0
transporte_ferroviario_pasajeros,kerenose,CO2,71900.0
transporte_ferroviario_pasajeros,gas_licuado,CO2,63100.0
transporte_ferroviario_pasajeros,gasolina_aviacion,CO2,70000.0
transporte_ferroviario_pasajeros,kerosene_aviacion,CO2,71500.0
transporte_ferroviario_pasajeros,nafta,CO2,73300.0
transporte_ferroviario_pasajeros,gas_refineria,CO2,57600.0
transporte_ferroviario_pasajeros,coque_petroleo,CO2,107000.0
transporte_ferroviario_pasajeros,derivados_industria_petroleo,CO2,0.0
transporte_ferroviario_pasajeros,electricidad,CO2,0.0
transporte_ferroviario_pasajeros,carbon,CO2,94600.0
transporte_ferroviario_pasajeros,coque_mineral,CO2,107000.0
transporte_ferroviario_pasajeros,alquitran,CO2,80700.0
transporte_ferroviario_pasajeros,gas_corriente,CO2,0.0
transporte_ferroviario_pasajeros,gas_coque,CO2,0.0
transporte_ferroviario_pasajeros,gas_alto_horno,CO2,260000.0
transporte_ferroviario_pasajeros,gas_natural,CO2,56100.0
transporte_ferroviario_pasajeros,metano,CO2,54600.0
transporte_ferroviario_pasajeros,biogas,CO2,54600.0
transporte_ferroviario_pasajeros,biomasa,CO2,112000.0
transporte_ferroviario_pasajeros,solar,CO2,0.0
transporte_ferroviario_pasajeros,diesel,CH4,3.0
transporte_ferroviario_pasajeros,petroleo_combustible,CH4,3.0
transporte_ferroviario_pasajeros,gasolina,CH4,3.0
transporte_ferroviario_pasajeros,kerenose,CH4,3.0
transporte_ferroviario_pasajeros,gas_licuado,CH4,1.0
transporte_ferroviario_pasajeros,gasolina_aviacion,CH4,3.0
transporte_ferroviario_pasajeros,kerosene_aviacion,CH4,3.0
transporte_ferroviario_pasajeros,nafta,CH4,3.0
transporte_ferroviario_pasajeros,gas_refineria,CH4,1.0
transporte_ferroviario_pasajeros,coque_petroleo,CH4,1.0
transporte_ferroviario_pasajeros,derivados_industria_petroleo,CH4,0.0
transporte_ferroviario_pasajeros,electricidad,CH4,0.0
transporte_ferroviario_pasajeros,carbon,CH4,1.0
transporte_ferroviario_pasajeros,coque_mineral,CH4,1.0
transporte_ferroviario_pasajeros,alquitran,CH4,3.0
transporte_ferroviario_pasajeros,gas_corriente,CH4,0.0
transporte_ferroviario_pasajeros,gas_coque,CH4,0.0
transporte_ferroviario_pasajeros,gas_alto_horno,CH4,1.0
transporte_ferroviario_pasajeros,gas_natural,CH4,1.0
transporte_ferroviario_pasajeros,metano,CH4,1.0
transporte_ferroviario_pasajeros,biogas,CH4,1.0
transporte_ferroviario_pasajeros,biomasa,CH4,30.0
transporte_ferroviario_pasajeros,solar,CH4,0.0
transporte_ferroviario_pasajeros,diesel,N2O,0.6
transporte_ferroviario_pasajeros,petroleo_combustible,N2O,0.6
transporte_ferroviario_pasajeros,gasolina,N2O,0.6
transporte_ferroviario_pasajeros,kerenose,N2O,0.6
transporte_ferroviario_pasajeros,gas_licuado,N2O,0.1
transporte_ferroviario_pasajeros,gasolina_aviacion,N2O,0.6
transporte_ferroviario_pasajeros,kerosene_aviacion,N2O,0.6
transporte_ferroviario_pasajeros,nafta,N2O,0.6
transporte_ferroviario_pasajeros,gas_refineria,N2O,0.1
transporte_ferroviario_pasajeros,coque_petroleo,N2O,1.5
transporte_ferroviario_pasajeros,derivados_industria_petroleo,N2O,0.0
transporte_ferroviario_pasajeros,electricidad,N2O,0.0
transporte_ferroviario_pasajeros,carbon,N2O,1.5
transporte_ferroviario_pasajeros,coque_mineral,N2O,1.5
transporte_ferroviario_pasajeros,alquitran,N2O,0.6
transporte_ferroviario_pasajeros,gas_corriente,N2O,0.0
transporte_ferroviario_pasajeros,gas_coque,N2O,0.0
transporte_ferroviario_pasajeros,gas_alto_horno,N2O,0.1
transporte_ferroviario_pasajeros,gas_natural,N2O,0.1
transporte_ferroviario_pasajeros,metano,N2O,0.1
transporte_ferroviario_pasajeros,biogas,N2O,0.1
transporte_ferroviario_pasajeros,biomasa,N2O,4.0
transporte_ferroviario_pasajeros,solar,N2O,0.0
transporte_ferroviario_carga,diesel,CO2,74100.0
transporte_ferroviario_carga,petroleo_combustible,CO2,74100.0
transporte_ferroviario_carga,gasolina,CO2,69300.0
transporte_ferroviario_carga,kerenose,CO2,71900.0
transporte_ferroviario_carga,gas_licuado,CO2,63100.0
transporte_ferroviario_carga,gasolina_aviacion,CO2,70000.0
transporte_ferroviario_carga,kerosene_aviacion,CO2,71500.0
transporte_ferroviario_carga,nafta,CO2,73300.0
transporte_ferroviario_carga,gas_refineria,CO2,57600.0
transporte_ferroviario_carga,coque_petroleo,CO2,107000.0
transporte_ferroviario_carga,derivados_industria_petroleo,CO2,0.0
transporte_ferroviario_carga,electricidad,CO2,0.0
transporte_ferroviario_carga,carbon,CO2,94600.0
transporte_ferroviario_carga,coque_mineral,CO2,107000.0
transporte_ferroviario_carga,alquitran,CO2,80700.0
transporte_ferroviario_carga,gas_corriente,CO2,0.0
transporte_ferroviario_carga,gas_coque,CO2,0.0
transporte_ferroviario_carga,gas_alto_horno,CO2,260000.0
transporte_ferroviario_carga,gas_natural,CO2,56100.0
transporte_ferroviario_carga,metano,CO2,54600.0
transporte_ferroviario_carga,biogas,CO2,54600.0
transporte_ferroviario_carga,biomasa,CO2,112000.0
transporte_ferroviario_carga,solar,CO2,0.0
transporte_ferroviario_carga,diesel,CH4,3.0
transporte_ferroviario_carga,petroleo_combustible,CH4,3.0
transporte_ferroviario_carga,gasolina,CH4,3.0
transporte_ferroviario_carga,kerenose,CH4,3.0
transporte_ferroviario_carga,gas_licuado,CH4,1.0
transporte_ferroviario_carga,gasolina_aviacion,CH4,3.0
transporte_ferroviario_carga,kerosene_aviacion,CH4,3.0
transporte_ferroviario_carga,nafta,CH4,3.0
transporte_ferroviario_carga,gas_refineria,CH4,1.0
transporte_ferroviario_carga,coque_petroleo,CH4,1.0
transporte_ferroviario_carga,derivados_industria_petroleo,CH4,0.0
transporte_ferroviario_carga,electricidad,CH4,0.0
transporte_ferroviario_carga,carbon,CH4,1.0
transporte_ferroviario_carga,coque_mineral,CH4,1.0
transporte_ferroviario_carga,alquitran,CH4,3.0
transporte_ferroviario_carga,gas_corriente,CH4,0.0
transporte_ferroviario_carga,gas_coque,CH4,0.0
transporte_ferroviario_carga,gas_alto_horno,CH4,1.0
transporte_ferroviario_carga,gas_natural,CH4,1.0
transporte_ferroviario_carga,metano,CH4,1.0
transporte_ferroviario_carga,biogas,CH4,1.0
transporte_ferroviario_carga,biomasa,CH4,30.0
transporte_ferroviario_carga,solar,CH4,0.0
transporte_ferroviario_carga,diesel,N2O,0.6
transporte_ferroviario_carga,petroleo_combustible,N2O,0.6
transporte_ferroviario_carga,gasolina,N2O,0.6
transporte_ferroviario_carga,kerenose,N2O,0.6
transporte_ferroviario_carga,gas_licuado,N2O,0.1
transporte_ferroviario_carga,gasolina_aviacion,N2O,0.6
transporte_ferroviario_carga,kerosene_aviacion,N2O,0.6
transporte_ferroviario_carga,nafta,N2O,0.6
transporte_ferroviario_carga,gas_refineria,N2O,0.1
transporte_ferroviario_carga,coque_petroleo,N2O,1.5
transporte_ferroviario_carga,derivados_industria_petroleo,N2O,0.0
transporte_ferroviario_carga,electricidad,N2O,0.0
transporte_ferroviario_carga,carbon,N2O,1.5
transporte_ferroviario_carga,coque_mineral,N2O,1.5
transporte_ferroviario_carga,alquitran,N2O,0.6
transporte_ferroviario_carga,gas_corriente,N2O,0.0
transporte_ferroviario_carga,gas_coque,N2O,0.0
transporte_ferroviario_carga,gas_alto_horno,N2O,0.1
transporte_ferroviario_carga,gas_natural,N2O,0.1
transporte_ferroviario_carga,metano,N2O,0.1
transporte_ferroviario_carga,biogas,N2O,0.1
transporte_ferroviario_carga,biomasa,N2O,4.0
transporte_ferroviario_carga,solar,N2O,0.0
refineria,diesel,CO2,74100.0
refineria,petroleo_combustible,CO2,74100.0
refineria,gasolina,CO2,69300.0
refineria,kerosene,CO2,71900.0
refineria,gas_licuado,CO2,63100.0
refineria,gasolina_aviacion,CO2,70000.0
refineria,kerosene_aviacion,CO2,71500.0
refineria,nafta,CO2,73300.0
refineria,gas_refineria,CO2,57600.0
refineria,coque_petroleo,CO2,107000.0
refineria,derivados_industria_petroleo,CO2,0.0
refineria,electricidad,CO2,0.0
refineria,carbon,CO2,94600.0
refineria,coque_mineral,CO2,107000.0
refineria,alquitran,CO2,80700.0
refineria,gas_corriente,CO2,0.0
refineria,gas_coque,CO2,0.0
refineria,gas_alto_horno,CO2,260000.0
refineria,gas_natural,CO2,56100.0
refineria,metano,CO2,54600.0
refineria,biogas,CO2,54600.0
refineria,biomasa,CO2,0.0
refineria,solar,CO2,0.0
refineria,diesel,CH4,3.0
refineria,petroleo_combustible,CH4,3.0
refineria,gasolina,CH4,3.0
refineria,kerosene,CH4,3.0
refineria,gas_licuado,CH4,1.0
refineria,gasolina_aviacion,CH4,3.0
refineria,kerosene_aviacion,CH4,3.0
refineria,nafta,CH4,3.0
refineria,gas_refineria,CH4,1.0
refineria,coque_petroleo,CH4,1.0
refineria,derivados_industria_petroleo,CH4,0.0
refineria,electricidad,CH4,0.0
refineria,carbon,CH4,1.0
refineria,coque_mineral,CH4,1.0
refineria,alquitran,CH4,3.0
refineria,gas_corriente,CH4,0.0
refineria,gas_coque,CH4,0.0
refineria,gas_alto_horno,CH4,1.0
refineria,gas_natural,CH4,1.0
refineria,metano,CH4,1.0
refineria,biogas,CH4,1.0
refineria,biomasa,CH4,0.0
refineria,solar,CH4,0.0
refineria,diesel,N2O,0.6
refineria,petroleo_combustible,N2O,0.6
refineria,gasolina,N2O,0.6
refineria,kerosene,N2O,0.6
refineria,gas_licuado,N2O,0.1
refineria,gasolina_aviacion,N2O,0.6
refineria,kerosene_aviacion,N2O,0.6
refineria,nafta,N2O,0.6
refineria,gas_refineria,N2O,0.1
refineria,coque_petroleo,N2O,1.5
refineria,derivados_industria_petroleo,N2O,0.0
refineria,electricidad,N2O,0.0
refineria,carbon,N2O,1.5
refineria,coque_mineral,N2O,1.5
refineria,alquitran,N2O,0.6
refineria,gas_corriente,N2O,0.0
refineria,gas_coque,N2O,0.0
refineria,gas_alto_horno,N2O,0.1
refineria,gas_natural,N2O,0.1
refineria,metano,N2O,0.1
refineria,biogas,N2O,0.1
refineria,biomasa,N2O,0.0
refineria,solar,N2O,0.0
