Proceso,Gas,Factor_emision
TALTAL_1,CO2,1023.951
TALTAL_1,CH4,0.041
TALTAL_1,N2O,0.008
TALTAL_2,CO2,1023.951
TALTAL_2,CH4,0.041
TALTAL_2,N2O,0.008
DALMAGRO,CO2,1138.849
DALMAGRO,CH4,0.046
DALMAGRO,N2O,0.009
ELSALVADOR_TG,CO2,1138.849
ELSALVADOR_TG,CH4,0.046
ELSALVADOR_TG,N2O,0.009
EMELDA_1,CO2,986.777
EMELDA_1,CH4,0.04
EMELDA_1,N2O,0.008
EMELDA_2,CO2,1061.124
EMELDA_2,CH4,0.043
EMELDA_2,N2O,0.009
SANLORENZO_1,CO2,1155.746
SANLORENZO_1,CH4,0.047
SANLORENZO_1,N2O,0.009
SANLORENZO_2,CO2,1285.514
SANLORENZO_2,CH4,0.052
SANLORENZO_2,N2O,0.01
TERMOPACIFICO,CO2,1586.068
TERMOPACIFICO,CH4,0.064
TERMOPACIFICO,N2O,0.013
CARDONES,CO2,807.671
CARDONES,CH4,0.033
CARDONES,N2O,0.007
CENIZAS,CO2,778.27
CENIZAS,CH4,0.032
CENIZAS,N2O,0.006
HUASCO_TG,CO2,1176.022
HUASCO_TG,CH4,0.048
HUASCO_TG,N2O,0.01
EL_PENON,CO2,741.097
EL_PENON,CH4,0.03
EL_PENON,N2O,0.006
ESPINOS_2,CO2,746.842
ESPINOS_2,CH4,0.03
ESPINOS_2,N2O,0.006
ESPINOS_1,CO2,746.842
ESPINOS_1,CH4,0.03
ESPINOS_1,N2O,0.006
OLIVOS_2,CO2,780.636
OLIVOS_2,CH4,0.032
OLIVOS_2,N2O,0.006
OLIVOS_1,CO2,780.636
OLIVOS_1,CH4,0.032
OLIVOS_1,N2O,0.006
LOSVIENTOS_TG,CO2,902.293
LOSVIENTOS_TG,CH4,0.037
LOSVIENTOS_TG,N2O,0.007
LAS_VEGAS,CO2,815.781
LAS_VEGAS,CH4,0.033
LAS_VEGAS,N2O,0.007
LOSCOLORADOS_1,CO2,743.462
LOSCOLORADOS_1,CH4,0.03
LOSCOLORADOS_1,N2O,0.006
LOSCOLORADOS_2,CO2,743.462
LOSCOLORADOS_2,CH4,0.03
LOSCOLORADOS_2,N2O,0.006
LOSCOLORADOS_3,CO2,844.844
LOSCOLORADOS_3,CH4,0.034
LOSCOLORADOS_3,N2O,0.007
CON_CON,CO2,815.781
CON_CON,CH4,0.033
CON_CON,N2O,0.007
COLMITO,CO2,839.031
COLMITO,CH4,0.034
COLMITO,N2O,0.007
LAGVERDE_TV,CO2,1392.302
LAGVERDE_TV,CH4,0.056
LAGVERDE_TV,N2O,0.011
LAGVERDE_TG,CO2,892.155
LAGVERDE_TG,CH4,0.036
LAGVERDE_TG,N2O,0.007
PLACILLA,CO2,798.546
PLACILLA,CH4,0.032
PLACILLA,N2O,0.006
QUINTAY,CO2,798.546
QUINTAY,CH4,0.032
QUINTAY,N2O,0.006
EL_TOTORAL,CO2,798.546
EL_TOTORAL,CH4,0.032
EL_TOTORAL,N2O,0.006
NEHUENCO_9B_B,CO2,1106.069
NEHUENCO_9B_B,CH4,0.045
NEHUENCO_9B_B,N2O,0.009
RENCA,CO2,1233.472
RENCA,CH4,0.05
RENCA,N2O,0.01
COLIHUES,CO2,763.739
COLIHUES,CH4,0.031
COLIHUES,N2O,0.006
ESPERANZA_TG1,CO2,1609.226
ESPERANZA_TG1,CH4,0.065
ESPERANZA_TG1,N2O,0.013
ESPERANZA_DS1,CO2,1063.417
ESPERANZA_DS1,CH4,0.043
ESPERANZA_DS1,N2O,0.009
ESPERANZA_DS2,CO2,1052.555
ESPERANZA_DS2,CH4,0.043
ESPERANZA_DS2,N2O,0.009
SAN_FRANCISCO_TG,CO2,743.462
SAN_FRANCISCO_TG,CH4,0.03
SAN_FRANCISCO_TG,N2O,0.006
TENO,CO2,741.097
TENO,CH4,0.03
TENO,N2O,0.006
CONST1-EGEN,CO2,952.125
CONST1-EGEN,CH4,0.039
CONST1-EGEN,N2O,0.008
MAULE,CO2,952.125
MAULE,CH4,0.039
MAULE,N2O,0.008
HORCONES_TG_DIE,CO2,1172.643
HORCONES_TG_DIE,CH4,0.047
HORCONES_TG_DIE,N2O,0.009
LINARES,CO2,755.459
LINARES,CH4,0.031
LINARES,N2O,0.006
SANGREGORIO,CO2,755.459
SANGREGORIO,CH4,0.031
SANGREGORIO,N2O,0.006
LOSPINOS,CO2,766.442
LOSPINOS,CH4,0.031
LOSPINOS,N2O,0.006
SANTA_LIDIA_TG,CO2,892.155
SANTA_LIDIA_TG,CH4,0.036
SANTA_LIDIA_TG,N2O,0.007
TG_CORONEL_DIE,CO2,771.004
TG_CORONEL_DIE,CH4,0.031
TG_CORONEL_DIE,N2O,0.006
NEWEN,CO2,969.036
NEWEN,CH4,0.039
NEWEN,N2O,0.008
ANTILHUE_TG_1,CO2,924.865
ANTILHUE_TG_1,CH4,0.037
ANTILHUE_TG_1,N2O,0.007
ANTILHUE_TG_2,CO2,924.865
ANTILHUE_TG_2,CH4,0.037
ANTILHUE_TG_2,N2O,0.007
CALLECALLE,CO2,771.004
CALLECALLE,CH4,0.031
CALLECALLE,N2O,0.006
CHUYACA,CO2,856.672
CHUYACA,CH4,0.035
CHUYACA,N2O,0.007
TRAPEN,CO2,741.097
TRAPEN,CH4,0.03
TRAPEN,N2O,0.006
QUELLON2,CO2,856.672
QUELLON2,CH4,0.035
QUELLON2,N2O,0.007
CHILOE,CO2,952.125
CHILOE,CH4,0.039
CHILOE,N2O,0.008
DEGAN,CO2,739.217
DEGAN,CH4,0.03
DEGAN,N2O,0.006
YUNGAY_1_DIE,CO2,946.225
YUNGAY_1_DIE,CH4,0.038
YUNGAY_1_DIE,N2O,0.008
YUNGAY_2_DIE,CO2,851.602
YUNGAY_2_DIE,CH4,0.034
YUNGAY_2_DIE,N2O,0.007
YUNGAY_3_DIE,CO2,925.949
YUNGAY_3_DIE,CH4,0.037
YUNGAY_3_DIE,N2O,0.007
YUNGAY_4_DIE,CO2,723.186
YUNGAY_4_DIE,CH4,0.029
YUNGAY_4_DIE,N2O,0.006
YUNGAY_4_CC_DIE,CO2,844.844
YUNGAY_4_CC_DIE,CH4,0.034
YUNGAY_4_CC_DIE,N2O,0.007
San_Lorenzo_3,CO2,976.639
San_Lorenzo_3,CH4,0.04
San_Lorenzo_3,N2O,0.008
LOS_GUINDOS,CO2,825.581
LOS_GUINDOS,CH4,0.033
LOS_GUINDOS,N2O,0.007
DONA_CARMEN,CO2,844.844
DONA_CARMEN,CH4,0.034
DONA_CARMEN,N2O,0.007
CURAUMA,CO2,844.844
CURAUMA,CH4,0.034
CURAUMA,N2O,0.007
CASABLANCA1,CO2,844.844
CASABLANCA1,CH4,0.034
CASABLANCA1,N2O,0.007
CASABLANCA2,CO2,844.844
CASABLANCA2,CH4,0.034
CASABLANCA2,N2O,0.007
CANETE,CO2,844.844
CANETE,CH4,0.034
CANETE,N2O,0.007
LOSSAUCES,CO2,844.844
LOSSAUCES,CH4,0.034
LOSSAUCES,N2O,0.007
CHUFKEN,CO2,844.844
CHUFKEN,CH4,0.034
CHUFKEN,N2O,0.007
CURACAUTIN,CO2,844.844
CURACAUTIN,CH4,0.034
CURACAUTIN,N2O,0.007
QUELLON,CO2,844.844
QUELLON,CH4,0.034
QUELLON,N2O,0.007
PUNITAQUI,CO2,844.844
PUNITAQUI,CH4,0.034
PUNITAQUI,N2O,0.007
SKRETTING,CO2,844.844
SKRETTING,CH4,0.034
SKRETTING,N2O,0.007
MONTEPATRIA,CO2,844.844
MONTEPATRIA,CH4,0.034
MONTEPATRIA,N2O,0.007
GMAR_SING,CO2,846.871
GMAR_SING,CH4,0.034
GMAR_SING,N2O,0.007
M1AR,CO2,866.472
M1AR,CH4,0.035
M1AR,N2O,0.007
M2AR,CO2,863.768
M2AR,CH4,0.035
M2AR,N2O,0.007
TGIQ_SING,CO2,1093.566
TGIQ_SING,CH4,0.044
TGIQ_SING,N2O,0.009
MAIQ,CO2,868.499
MAIQ,CH4,0.035
MAIQ,N2O,0.007
MIIQ,CO2,866.134
MIIQ,CH4,0.035
MIIQ,N2O,0.007
MSIQ,CO2,769.146
MSIQ,CH4,0.031
MSIQ,N2O,0.006
SUIQ,CO2,936.425
SUIQ,CH4,0.038
SUIQ,N2O,0.008
MIMB_SING,CO2,858.699
MIMB_SING,CH4,0.035
MIMB_SING,N2O,0.007
U10_SING,CO2,0.001
U10_SING,CH4,0.0
U10_SING,N2O,0.0
U11_SING,CO2,0.001
U11_SING,CH4,0.0
U11_SING,N2O,0.0
TG1_SING,CO2,1094.308
TG1_SING,CH4,0.044
TG1_SING,N2O,0.009
TG2_SING,CO2,1094.308
TG2_SING,CH4,0.044
TG2_SING,N2O,0.009
TG3_SING,CO2,905.384
TG3_SING,CH4,0.037
TG3_SING,N2O,0.007
CUMMINS,CO2,1013.812
CUMMINS,CH4,0.041
CUMMINS,N2O,0.008
DEUTZ,CO2,1115.194
DEUTZ,CH4,0.045
DEUTZ,N2O,0.009
TGTAR_SING,CO2,1351.578
TGTAR_SING,CH4,0.055
TGTAR_SING,N2O,0.011
ZOFRI_1,CO2,754.952
ZOFRI_1,CH4,0.031
ZOFRI_1,N2O,0.006
ZOFRI_2-5,CO2,746.166
ZOFRI_2-5,CH4,0.03
ZOFRI_2-5,N2O,0.006
ZOFRI_6,CO2,663.033
ZOFRI_6,CH4,0.027
ZOFRI_6,N2O,0.005
ZOFRI_7-12,CO2,706.695
ZOFRI_7-12,CH4,0.029
ZOFRI_7-12,N2O,0.006
ZOFRI_13,CO2,746.504
ZOFRI_13,CH4,0.03
ZOFRI_13,N2O,0.006
UG1,CO2,740.083
UG1,CH4,0.03
UG1,N2O,0.006
UG2,CO2,729.945
UG2,CH4,0.03
UG2,N2O,0.006
UG3,CO2,726.566
UG3,CH4,0.029
UG3,N2O,0.006
UG4,CO2,682.634
UG4,CH4,0.028
UG4,N2O,0.006
UG5,CO2,756.98
UG5,CH4,0.031
UG5,N2O,0.006
UG6,CO2,743.462
UG6,CH4,0.03
UG6,N2O,0.006
AGB,CO2,790.774
AGB,CH4,0.032
AGB,N2O,0.006
INACAL,CO2,883.303
INACAL,CH4,0.036
INACAL,N2O,0.007
SUTA_SING,CO2,760.1
SUTA_SING,CH4,0.031
SUTA_SING,N2O,0.006
TECNET,CO2,731.297
TECNET,CH4,0.03
TECNET,N2O,0.006
Diesel_SING,CO2,844.844
Diesel_SING,CH4,0.034
Diesel_SING,N2O,0.007
Diesel_IV,CO2,844.844
Diesel_IV,CH4,0.034
Diesel_IV,N2O,0.007
Diesel_X-XIV,CO2,844.844
Diesel_X-XIV,CH4,0.034
Diesel_X-XIV,N2O,0.007
GUACOLDA_1,CO2,1097.175
GUACOLDA_1,CH4,0.012
GUACOLDA_1,N2O,0.017
GUACOLDA_2,CO2,1099.946
GUACOLDA_2,CH4,0.012
GUACOLDA_2,N2O,0.017
GUACOLDA_3,CO2,1058.386
GUACOLDA_3,CH4,0.011
GUACOLDA_3,N2O,0.017
GUACOLDA_4,CO2,1063.928
GUACOLDA_4,CH4,0.011
GUACOLDA_4,N2O,0.017
GUACOLDA_5,CO2,1063.928
GUACOLDA_5,CH4,0.011
GUACOLDA_5,N2O,0.017
CAMPICHE,CO2,1052.845
CAMPICHE,CH4,0.011
CAMPICHE,N2O,0.017
NUEVA_VENTANAS,CO2,1052.845
NUEVA_VENTANAS,CH4,0.011
NUEVA_VENTANAS,N2O,0.017
VENTANAS_1,CO2,1149.818
VENTANAS_1,CH4,0.012
VENTANAS_1,N2O,0.018
VENTANAS_2,CO2,1099.946
VENTANAS_2,CH4,0.012
VENTANAS_2,N2O,0.017
SANTA_MARIA,CO2,975.267
SANTA_MARIA,CH4,0.01
SANTA_MARIA,N2O,0.015
BOCAMINA_2,CO2,1046.81
BOCAMINA_2,CH4,0.011
BOCAMINA_2,N2O,0.017
BOCAMINA,CO2,1052.845
BOCAMINA,CH4,0.011
BOCAMINA,N2O,0.017
CTM1_SING,CO2,1406.79
CTM1_SING,CH4,0.015
CTM1_SING,N2O,0.022
CTM2_SING,CO2,1200.88
CTM2_SING,CH4,0.013
CTM2_SING,N2O,0.019
U12_SING,CO2,1331.185
U12_SING,CH4,0.014
U12_SING,N2O,0.021
U13_SING,CO2,1389.04
U13_SING,CH4,0.015
U13_SING,N2O,0.022
U14_SING,CO2,1167.167
U14_SING,CH4,0.012
U14_SING,N2O,0.019
U15_SING,CO2,1183.382
U15_SING,CH4,0.013
U15_SING,N2O,0.019
NTO1_SING,CO2,1158.588
NTO1_SING,CH4,0.012
NTO1_SING,N2O,0.018
NTO2_SING,CO2,1118.031
NTO2_SING,CH4,0.012
NTO2_SING,N2O,0.018
CTTAR_SING,CO2,1164.384
CTTAR_SING,CH4,0.012
CTTAR_SING,N2O,0.018
CTA_SING,CO2,1027.179
CTA_SING,CH4,0.011
CTA_SING,N2O,0.016
CTH_SING,CO2,1107.622
CTH_SING,CH4,0.012
CTH_SING,N2O,0.018
ANG_I_SING,CO2,1091.519
ANG_I_SING,CH4,0.012
ANG_I_SING,N2O,0.017
ANG_II_SING,CO2,1103.047
ANG_II_SING,CH4,0.012
ANG_II_SING,N2O,0.017
IEM_I_SING,CO2,1108.258
IEM_I_SING,CH4,0.012
IEM_I_SING,N2O,0.018
COCHRANE_1_SING,CO2,1117.649
COCHRANE_1_SING,CH4,0.012
COCHRANE_1_SING,N2O,0.018
COCHRANE_2_SING,CO2,1117.649
COCHRANE_2_SING,CH4,0.012
COCHRANE_2_SING,N2O,0.018
Carbon_SING,CO2,1108.258
Carbon_SING,CH4,0.012
Carbon_SING,N2O,0.018
Carbon_II-III,CO2,1108.258
Carbon_II-III,CH4,0.012
Carbon_II-III,N2O,0.018
NEHUENCO_1,CO2,346.071
NEHUENCO_1,CH4,0.006
NEHUENCO_1,N2O,0.001
NEHUENCO_1_FA,CO2,438.508
NEHUENCO_1_FA,CH4,0.008
NEHUENCO_1_FA,N2O,0.001
NEHUENCO_2,CO2,317.87
NEHUENCO_2,CH4,0.006
NEHUENCO_2,N2O,0.001
NEHUENCO_9B_P,CO2,594.92
NEHUENCO_9B_P,CH4,0.011
NEHUENCO_9B_P,N2O,0.001
SANISIDRO,CO2,355.822
SANISIDRO,CH4,0.006
SANISIDRO,N2O,0.001
SANISIDRO_FA,CO2,590.232
SANISIDRO_FA,CH4,0.011
SANISIDRO_FA,N2O,0.001
QUINTERO_CA1,CO2,556.837
QUINTERO_CA1,CH4,0.01
QUINTERO_CA1,N2O,0.001
QUINTERO_CA2,CO2,556.837
QUINTERO_CA2,CH4,0.01
QUINTERO_CA2,N2O,0.001
QUINTERO_CC_GNL,CO2,385.887
QUINTERO_CC_GNL,CH4,0.007
QUINTERO_CC_GNL,N2O,0.001
SANISIDRO_2,CO2,342.053
SANISIDRO_2,CH4,0.006
SANISIDRO_2,N2O,0.001
NRENCA,CO2,354.666
NRENCA,CH4,0.006
NRENCA,N2O,0.001
NRENCA_FA,CO2,442.893
NRENCA_FA,CH4,0.008
NRENCA_FA,N2O,0.001
CANDELARIA_1,CO2,551.468
CANDELARIA_1,CH4,0.01
CANDELARIA_1,N2O,0.001
CANDELARIA_2,CO2,551.468
CANDELARIA_2,CH4,0.01
CANDELARIA_2,N2O,0.001
CORDILLERA,CO2,613.912
CORDILLERA,CH4,0.011
CORDILLERA,N2O,0.001
CAMPESINO,CO2,385.887
CAMPESINO,CH4,0.007
CAMPESINO,N2O,0.001
CTM3_SIC,CO2,438.508
CTM3_SIC,CH4,0.008
CTM3_SIC,N2O,0.001
TIERRA_NOBLE,CO2,438.508
TIERRA_NOBLE,CH4,0.008
TIERRA_NOBLE,N2O,0.001
LOS_RULOS,CO2,438.508
LOS_RULOS,CH4,0.008
LOS_RULOS,N2O,0.001
ROBLES,CO2,438.508
ROBLES,CH4,0.008
ROBLES,N2O,0.001
PTA_ALCALDE,CO2,438.508
PTA_ALCALDE,CH4,0.008
PTA_ALCALDE,N2O,0.001
CTM3_SING,CO2,364.003
CTM3_SING,CH4,0.006
CTM3_SING,N2O,0.001
U16_SING,CO2,326.381
U16_SING,CH4,0.006
U16_SING,N2O,0.001
CC1_SING,CO2,356.595
CC1_SING,CH4,0.006
CC1_SING,N2O,0.001
CC2_SING,CO2,356.595
CC2_SING,CH4,0.006
CC2_SING,N2O,0.001
KELAR_SING,CO2,319.606
KELAR_SING,CH4,0.006
KELAR_SING,N2O,0.001
GNL_CC_SING,CO2,438.508
GNL_CC_SING,CH4,0.008
GNL_CC_SING,N2O,0.001
GNL_CC_II-III,CO2,438.508
GNL_CC_II-III,CH4,0.008
GNL_CC_II-III,N2O,0.001
GNL_CC_VIII,CO2,438.508
GNL_CC_VIII,CH4,0.008
GNL_CC_VIII,N2O,0.001
GNL_CA_SING,CO2,438.508
GNL_CA_SING,CH4,0.008
GNL_CA_SING,N2O,0.001
GNL_CA_II-III,CO2,438.508
GNL_CA_II-III,CH4,0.008
GNL_CA_II-III,N2O,0.001
GNL_CA_VIII,CO2,438.508
GNL_CA_VIII,CH4,0.008
GNL_CA_VIII,N2O,0.001
